TABLE_NAME,COLUMN_NAME,DATA_TYPE,IS_PRIMARY_KEY,IS_FOREIGN_KEY
,STORE,NUMBER,No,No
,NAME,TEXT,No,No
,DISTRICT,TEXT,No,No
,REGION,TEXT,No,No
,AS_OF_DATE,DATE,No,No
,TRAFFIC_VALUE,FLOAT,No,No
ADP_CATEGORY_RETENTION,CATEGORY,TEXT,No,No
ADP_CATEGORY_RETENTION,TILL_YESTERDAY_ACTIVE_SUBSCRIPTIONS,NUMBER,No,No
ADP_CATEGORY_RETENTION,YESTERDAY_CANCELLED,NUMBER,No,No
ADP_CATEGORY_RETENTION,TILL_WTD_ACTIVE_SUBSCRIPTIONS,NUMBER,No,No
ADP_CATEGORY_RETENTION,WTD_CANCELLED,NUMBER,No,No
ADP_CATEGORY_RETENTION,TILL_MTD_ACTIVE_SUBSCRIPTIONS,NUMBER,No,No
ADP_CATEGORY_RETENTION,MTD_CANCELLED,NUMBER,No,No
ADP_CATEGORY_RETENTION,TILL_STD_ACTIVE_SUBSCRIPTIONS,NUMBER,No,No
ADP_CATEGORY_RETENTION,STD_CANCELLED,NUMBER,No,No
ADP_CATEGORY_RETENTION,TILL_YTD_ACTIVE_SUBSCRIPTIONS,NUMBER,No,No
ADP_CATEGORY_RETENTION,YTD_CANCELLED,NUMBER,No,No
ADP_CORPORATE_TBL,TOTAL_SUBSCRIPTIONS,NUMBER,No,No
ADP_CORPORATE_TBL,RETAIL_TOTAL_SUBSCRIPTIONS,NUMBER,No,No
ADP_CORPORATE_TBL,WEB_TOTAL_SUBSCRIPTIONS,NUMBER,No,No
ADP_CORPORATE_TBL,CALLCENTER_SUBSCRIPTIONS,NUMBER,No,No
ADP_CORPORATE_TBL,TOTAL_SUBSCRIBERS,NUMBER,No,No
ADP_CORPORATE_TBL,PLAN_SUBSCRIPTIONS,FLOAT,No,No
ADP_CORPORATE_TBL,RETAIL_PLAN_SUBSCRIPTIONS,FLOAT,No,No
ADP_CORPORATE_TBL,WEB_PLAN_SUBSCRIPTIONS,FLOAT,No,No
ADP_CORPORATE_TBL,PLAN_SUBSCRIBERS,FLOAT,No,No
ADP_CORPORATE_TBL,NEW_SUBSCRIBERS,NUMBER,No,No
ADP_CORPORATE_TBL,RETAIL_NEW_SUBSCRIBERS,NUMBER,No,No
ADP_CORPORATE_TBL,WEB_NEW_SUBSCRIBERS,NUMBER,No,No
ADP_CORPORATE_TBL,CALLCENTER_NEW_SUBSCRIBERS,NUMBER,No,No
ADP_CORPORATE_TBL,ACTIVE_SUBSCRIPTIONS,NUMBER,No,No
ADP_CORPORATE_TBL,ACTIVE_SUBSCRIBERS,NUMBER,No,No
ADP_CORPORATE_TBL,CANCELLED_SUBSCRIPTIONS,NUMBER,No,No
ADP_CORPORATE_TBL,NO_OF_TRANSACTIONS,NUMBER,No,No
ADP_CORPORATE_TBL,NO_OF_ORDERS,NUMBER,No,No
ADP_CORPORATE_TBL,ORDER_AMOUNT,FLOAT,No,No
ADP_CORPORATE_TBL,FULFILLED_DEMAND_REV,FLOAT,No,No
ADP_CORPORATE_TBL,PLAN_REV,FLOAT,No,No
ADP_CORPORATE_TBL,WTD_TOTAL_SUBSCRIPTIONS,NUMBER,No,No
ADP_CORPORATE_TBL,WTD_RETAIL_TOTAL_SUBSCRIPTIONS,NUMBER,No,No
ADP_CORPORATE_TBL,WTD_WEB_TOTAL_SUBSCRIPTIONS,NUMBER,No,No
ADP_CORPORATE_TBL,WTD_CALLCENTER_SUBSCRIPTIONS,NUMBER,No,No
ADP_CORPORATE_TBL,WTD_TOTAL_SUBSCRIBERS,NUMBER,No,No
ADP_CORPORATE_TBL,WTD_PLAN_SUBSCRIPTIONS,FLOAT,No,No
ADP_CORPORATE_TBL,WTD_RETAIL_PLAN_SUBSCRIPTIONS,FLOAT,No,No
ADP_CORPORATE_TBL,WTD_WEB_PLAN_SUBSCRIPTIONS,FLOAT,No,No
ADP_CORPORATE_TBL,WTD_PLAN_SUBSCRIBERS,FLOAT,No,No
ADP_CORPORATE_TBL,WTD_NEW_SUBSCRIBERS,NUMBER,No,No
ADP_CORPORATE_TBL,WTD_RETAIL_NEW_SUBSCRIBERS,NUMBER,No,No
ADP_CORPORATE_TBL,WTD_WEB_NEW_SUBSCRIBERS,NUMBER,No,No
ADP_CORPORATE_TBL,WTD_CALLCENTER_NEW_SUBSCRIBERS,NUMBER,No,No
ADP_CORPORATE_TBL,WTD_ACTIVE_SUBSCRIPTIONS,NUMBER,No,No
ADP_CORPORATE_TBL,WTD_ACTIVE_SUBSCRIBERS,NUMBER,No,No
ADP_CORPORATE_TBL,WTD_CANCELLED_SUBSCRIPTIONS,NUMBER,No,No
ADP_CORPORATE_TBL,WTD_NO_OF_TRANSACTIONS,NUMBER,No,No
ADP_CORPORATE_TBL,WTD_NO_OF_ORDERS,NUMBER,No,No
ADP_CORPORATE_TBL,WTD_ORDER_AMOUNT,FLOAT,No,No
ADP_CORPORATE_TBL,WTD_FULFILLED_DEMAND_REV,FLOAT,No,No
ADP_CORPORATE_TBL,WTD_PLAN_REV,FLOAT,No,No
ADP_CORPORATE_TBL,MTD_TOTAL_SUBSCRIPTIONS,NUMBER,No,No
ADP_CORPORATE_TBL,MTD_RETAIL_TOTAL_SUBSCRIPTIONS,NUMBER,No,No
ADP_CORPORATE_TBL,MTD_WEB_TOTAL_SUBSCRIPTIONS,NUMBER,No,No
ADP_CORPORATE_TBL,MTD_CALLCENTER_SUBSCRIPTIONS,NUMBER,No,No
ADP_CORPORATE_TBL,MTD_TOTAL_SUBSCRIBERS,NUMBER,No,No
ADP_CORPORATE_TBL,MTD_PLAN_SUBSCRIPTIONS,FLOAT,No,No
ADP_CORPORATE_TBL,MTD_RETAIL_PLAN_SUBSCRIPTIONS,FLOAT,No,No
ADP_CORPORATE_TBL,MTD_WEB_PLAN_SUBSCRIPTIONS,FLOAT,No,No
ADP_CORPORATE_TBL,MTD_PLAN_SUBSCRIBERS,FLOAT,No,No
ADP_CORPORATE_TBL,MTD_NEW_SUBSCRIBERS,NUMBER,No,No
ADP_CORPORATE_TBL,MTD_RETAIL_NEW_SUBSCRIBERS,NUMBER,No,No
ADP_CORPORATE_TBL,MTD_WEB_NEW_SUBSCRIBERS,NUMBER,No,No
ADP_CORPORATE_TBL,MTD_CALLCENTER_NEW_SUBSCRIBERS,NUMBER,No,No
ADP_CORPORATE_TBL,MTD_ACTIVE_SUBSCRIPTIONS,NUMBER,No,No
ADP_CORPORATE_TBL,MTD_MTD_ACTIVE_SUBSCRIBERS,NUMBER,No,No
ADP_CORPORATE_TBL,MTD_CANCELLED_SUBSCRIPTIONS,NUMBER,No,No
ADP_CORPORATE_TBL,MTD_NO_OF_TRANSACTIONS,NUMBER,No,No
ADP_CORPORATE_TBL,MTD_NO_OF_ORDERS,NUMBER,No,No
ADP_CORPORATE_TBL,MTD_ORDER_AMOUNT,FLOAT,No,No
ADP_CORPORATE_TBL,MTD_FULFILLED_DEMAND_REV,FLOAT,No,No
ADP_CORPORATE_TBL,MTD_PLAN_REV,FLOAT,No,No
ADP_CORPORATE_TBL,STD_TOTAL_SUBSCRIPTIONS,NUMBER,No,No
ADP_CORPORATE_TBL,STD_RETAIL_TOTAL_SUBSCRIPTIONS,NUMBER,No,No
ADP_CORPORATE_TBL,STD_WEB_TOTAL_SUBSCRIPTIONS,NUMBER,No,No
ADP_CORPORATE_TBL,STD_CALLCENTER_SUBSCRIPTIONS,NUMBER,No,No
ADP_CORPORATE_TBL,STD_TOTAL_SUBSCRIBERS,NUMBER,No,No
ADP_CORPORATE_TBL,STD_PLAN_SUBSCRIPTIONS,FLOAT,No,No
ADP_CORPORATE_TBL,STD_RETAIL_PLAN_SUBSCRIPTIONS,FLOAT,No,No
ADP_CORPORATE_TBL,STD_WEB_PLAN_SUBSCRIPTIONS,FLOAT,No,No
ADP_CORPORATE_TBL,STD_PLAN_SUBSCRIBERS,FLOAT,No,No
ADP_CORPORATE_TBL,STD_NEW_SUBSCRIBERS,NUMBER,No,No
ADP_CORPORATE_TBL,STD_RETAIL_NEW_SUBSCRIBERS,NUMBER,No,No
ADP_CORPORATE_TBL,STD_WEB_NEW_SUBSCRIBERS,NUMBER,No,No
ADP_CORPORATE_TBL,STD_CALLCENTER_NEW_SUBSCRIBERS,NUMBER,No,No
ADP_CORPORATE_TBL,STD_ACTIVE_SUBSCRIPTIONS,NUMBER,No,No
ADP_CORPORATE_TBL,STD_ACTIVE_SUBSCRIBERS,NUMBER,No,No
ADP_CORPORATE_TBL,STD_CANCELLED_SUBSCRIPTIONS,NUMBER,No,No
ADP_CORPORATE_TBL,STD_NO_OF_TRANSACTIONS,NUMBER,No,No
ADP_CORPORATE_TBL,STD_NO_OF_ORDERS,NUMBER,No,No
ADP_CORPORATE_TBL,STD_ORDER_AMOUNT,FLOAT,No,No
ADP_CORPORATE_TBL,STD_FULFILLED_DEMAND_REV,FLOAT,No,No
ADP_CORPORATE_TBL,STD_PLAN_REV,FLOAT,No,No
ADP_CORPORATE_TBL,YTD_TOTAL_SUBSCRIPTIONS,NUMBER,No,No
ADP_CORPORATE_TBL,YTD_RETAIL_TOTAL_SUBSCRIPTIONS,NUMBER,No,No
ADP_CORPORATE_TBL,YTD_WEB_TOTAL_SUBSCRIPTIONS,NUMBER,No,No
ADP_CORPORATE_TBL,YTD_CALLCENTER_SUBSCRIPTIONS,NUMBER,No,No
ADP_CORPORATE_TBL,YTD_TOTAL_SUBSCRIBERS,NUMBER,No,No
ADP_CORPORATE_TBL,YTD_PLAN_SUBSCRIPTIONS,FLOAT,No,No
ADP_CORPORATE_TBL,YTD_RETAIL_PLAN_SUBSCRIPTIONS,FLOAT,No,No
ADP_CORPORATE_TBL,YTD_WEB_PLAN_SUBSCRIPTIONS,FLOAT,No,No
ADP_CORPORATE_TBL,YTD_PLAN_SUBSCRIBERS,FLOAT,No,No
ADP_CORPORATE_TBL,YTD_NEW_SUBSCRIBERS,NUMBER,No,No
ADP_CORPORATE_TBL,YTD_RETAIL_NEW_SUBSCRIBERS,NUMBER,No,No
ADP_CORPORATE_TBL,YTD_WEB_NEW_SUBSCRIBERS,NUMBER,No,No
ADP_CORPORATE_TBL,YTD_CALLCENTER_NEW_SUBSCRIBERS,NUMBER,No,No
ADP_CORPORATE_TBL,YTD_ACTIVE_SUBSCRIPTIONS,NUMBER,No,No
ADP_CORPORATE_TBL,YTD_ACTIVE_SUBSCRIBERS,NUMBER,No,No
ADP_CORPORATE_TBL,YTD_CANCELLED_SUBSCRIPTIONS,NUMBER,No,No
ADP_CORPORATE_TBL,YTD_NO_OF_TRANSACTIONS,NUMBER,No,No
ADP_CORPORATE_TBL,YTD_NO_OF_ORDERS,NUMBER,No,No
ADP_CORPORATE_TBL,YTD_ORDER_AMOUNT,FLOAT,No,No
ADP_CORPORATE_TBL,YTD_FULFILLED_DEMAND_REV,FLOAT,No,No
ADP_CORPORATE_TBL,YTD_PLAN_REV,FLOAT,No,No
ADP_COUPON_TEST,TRANSACTION_DATE,DATE,No,No
ADP_COUPON_TEST,TRANSACTION_ID,NUMBER,No,No
ADP_COUPON_TEST,REGISTER_NO,NUMBER,No,No
ADP_COUPON_TEST,LINE_ID,NUMBER,No,No
ADP_COUPON_TEST,LINE_NOTE,TEXT,No,No
ADP_COUPON_TEST,LINE_COUPON,TEXT,No,No
ADP_JDA,ITRLOC,NUMBER,No,No
ADP_JDA,ITRDAT,TEXT,No,No
ADP_JDA,ITRTRN,NUMBER,No,No
ADP_JDA,ASNUM,NUMBER,No,No
ADP_JDA,INUMBR,NUMBER,No,No
ADP_JDA,ITRQTY,NUMBER,No,No
ADP_JDA,ITRPOS,NUMBER,No,No
ADP_JDA,ITRDSC,NUMBER,No,No
ADP_JDA,ITRPCT,NUMBER,No,No
ADP_JDA,ITRREG,NUMBER,No,No
ADP_PLAN,PLAN_YEAR,NUMBER,No,No
ADP_PLAN,CALENDAR_DATE,TIMESTAMP_NTZ,No,No
ADP_PLAN,RETAIL_PLAN,FLOAT,No,No
ADP_PLAN,WEB_PLAN,FLOAT,No,No
ADP_PLAN,CORPORATE_PLAN,FLOAT,No,No
ADP_REPLENISHMENT_BY_STORE,TRANSACTION_DATE,DATE,No,No
ADP_REPLENISHMENT_BY_STORE,ORIGINATING_STORE,NUMBER,No,No
ADP_REPLENISHMENT_BY_STORE,GROSSAMOUNT,NUMBER,No,No
ADP_REPLENISHMENT_BY_STORE,DISCOUNTAMOUNT,NUMBER,No,No
ADP_REPLENISHMENT_BY_STORE,NETAMOUNT,NUMBER,No,No
ADP_REPLENISHMENT_BY_STORE,UNITS,NUMBER,No,No
ADP_REPLENISHMENT_BY_STORE,SKU,NUMBER,No,No
ADP_REPLENISHMENT_BY_STORE,SKU_DESCRIPTION,TEXT,No,No
ADP_REPLENISHMENT_BY_STORE,TRANSACTION_ID,NUMBER,No,No
ADP_REPLENISHMENT_BY_STORE,REGISTER_NO,NUMBER,No,No
ADP_REPLENISHMENT_BY_STORE,REFERENCE_NO,TEXT,No,No
ADP_REPLENISHMENT_BY_STORE,CATEGORY,TEXT,No,No
ADP_SCANS,ITRLOC,NUMBER,No,No
ADP_SCANS,ITRDAT,TEXT,No,No
ADP_SCANS,ITRQTY,NUMBER,No,No
ADP_SCANS,ITRTRN,NUMBER,No,No
ADP_SCANS,ITRREG,NUMBER,No,No
ADP_SCANS,INUMBR,NUMBER,No,No
ADP_SCANS,ITRDSC,NUMBER,No,No
ADP_SCANS,ITRPOS,NUMBER,No,No
ADP_SMA,TRANSACTION_DATE,TIMESTAMP_NTZ,No,No
ADP_SMA,SMA_ATTRIBUTES,TEXT,No,No
ADP_SMA,NUMBER_OF_ACTIONS_TAKEN,NUMBER,No,No
ADP_SMA,REVENUE_AFFECTED,NUMBER,No,No
ADP_TRANSACTIONS,TRANSACTION_DATE,DATE,No,No
ADP_TRANSACTIONS,STORE_NO,NUMBER,No,No
ADP_TRANSACTIONS,CATEGORY,TEXT,No,No
ADP_TRANSACTIONS,GROSSAMOUNT,NUMBER,No,No
ADP_TRANSACTIONS,DISCOUNTAMOUNT,NUMBER,No,No
ADP_TRANSACTIONS,NETAMOUNT,NUMBER,No,No
ADP_TRANSACTIONS,UNITS,NUMBER,No,No
ADP_TRANSACTIONS,TRANSACTION_ID,NUMBER,No,No
ADP_TRANSACTIONS,REGISTER_NO,NUMBER,No,No
ADP_TRANSACTIONS,REFERENCE_NO,TEXT,No,No
AGED_GROUP_UNITS,DC,NUMBER,No,No
AGED_GROUP_UNITS,AGED_GROUP,TEXT,No,No
AGED_GROUP_UNITS,NOT_STARTED_UNITS,NUMBER,No,No
AGED_GROUP_UNITS,WIP_UNITS,NUMBER,No,No
AGED_GROUP_UNITS,DC_COMPLETED_UNITS,NUMBER,No,No
AGED_LATE_DELIVERY,DATE,DATE,No,No
AGED_LATE_DELIVERY,DC,NUMBER,No,No
AGED_LATE_DELIVERY,AGED_GROUP,TEXT,No,No
AGED_LATE_DELIVERY,TOTAL_UNITS,NUMBER,No,No
AMAZON_DATA,STORE_NO,NUMBER,No,No
AMAZON_DATA,TRANSACTION_DATE,DATE,No,No
AMAZON_DATA,LINE_OBJECT_DESCRIPTION,TEXT,No,No
AMAZON_DATA,LINE_ACTION_DISPLAY_DESCR,TEXT,No,No
AMAZON_DATA,ORDER_NO,TEXT,No,No
AMAZON_DATA,GROSS_LINE_AMOUNT,NUMBER,No,No
AMAZON_DATA,POS_DISCOUNT_AMOUNT,NUMBER,No,No
ASSORTMENT_REPORT_FRANCHISE,DATELOADED,DATE,No,No
ASSORTMENT_REPORT_FRANCHISE,SKU_ID,NUMBER,No,No
ASSORTMENT_REPORT_FRANCHISE,STORE_NO,NUMBER,No,No
ASSORTMENT_REPORT_FRANCHISE,FUTURE_ASSORTMENT_DATE,DATE,No,No
ASSORTMENT_REPORT_FRANCHISE,ASSORTMENT_CODE,TEXT,No,No
ATG,ORDER_NO,TEXT,No,No
ATG,DATE,TIMESTAMP_NTZ,No,No
ATG,CHANNEL,TEXT,No,No
ATG,ORDER_TYPE,TEXT,No,No
ATG,ORDER_SUBTYPE,TEXT,No,No
ATG,AMOUNT,FLOAT,No,No
ATG,GIFT_CERT_NUMBER,TEXT,No,No
ATG,PAYMENT_METHOD,TEXT,No,No
ATG,FILE_STRING,TEXT,No,No
ATG,ACTUAL_DATE,DATE,No,No
AV_MERCHANDISE_DETAIL_V,AV_TRANSACTION_ID,NUMBER,No,No
AV_MERCHANDISE_DETAIL_V,LINE_ID,NUMBER,No,No
AV_MERCHANDISE_DETAIL_V,MERCHANDISE_CATEGORY,NUMBER,No,No
AV_MERCHANDISE_DETAIL_V,UPC_LOOKUP_DIVISION,NUMBER,No,No
AV_MERCHANDISE_DETAIL_V,UPC_NO,NUMBER,No,No
AV_MERCHANDISE_DETAIL_V,UNITS,NUMBER,No,No
AV_MERCHANDISE_DETAIL_V,SALESPERSON,NUMBER,No,No
AV_MERCHANDISE_DETAIL_V,SALESPERSON2,NUMBER,No,No
AV_MERCHANDISE_DETAIL_V,SKU_ID,NUMBER,No,No
AV_MERCHANDISE_DETAIL_V,STYLE_REFERENCE_ID,NUMBER,No,No
AV_MERCHANDISE_DETAIL_V,CLASS_CODE,NUMBER,No,No
AV_MERCHANDISE_DETAIL_V,SUBCLASS_CODE,NUMBER,No,No
AV_MERCHANDISE_DETAIL_V,PRICE_OVERRIDE,NUMBER,No,No
AV_MERCHANDISE_DETAIL_V,POS_IPLU_MISSING,NUMBER,No,No
AV_MERCHANDISE_DETAIL_V,UPC_ON_FILE_FLAG,NUMBER,No,No
AV_MERCHANDISE_DETAIL_V,POS_DEPTCLASS,NUMBER,No,No
AV_MERCHANDISE_DETAIL_V,TICKET_PRICE,NUMBER,No,No
AV_MERCHANDISE_DETAIL_V,SOLD_AT_PRICE,NUMBER,No,No
AV_MERCHANDISE_DETAIL_V,SCANNED,NUMBER,No,No
AV_MERCHANDISE_DETAIL_V,POS_IDENTIFIER,TEXT,No,No
AV_MERCHANDISE_DETAIL_V,POS_IDENTIFIER_TYPE,NUMBER,No,No
AV_MERCHANDISE_DETAIL_V,PLU_PRICE,NUMBER,No,No
AV_MERCHANDISE_DETAIL_V,ORIGINATING_STORE_NO,NUMBER,No,No
AV_MERCHANDISE_DETAIL_V,SOURCE_STORE_NO,NUMBER,No,No
AV_MERCHANDISE_DETAIL_V,FULFILLMENT_STORE_NO,NUMBER,No,No
AV_MERCHANDISE_DETAIL_V,COST,NUMBER,No,No
AV_MERCHANDISE_DETAIL_V,TRANSACTION_DATE,TIMESTAMP_NTZ,No,No
AV_TRANSACTION_HEADER_V,AV_TRANSACTION_ID,NUMBER,No,No
AV_TRANSACTION_HEADER_V,STORE_NO,NUMBER,No,No
AV_TRANSACTION_HEADER_V,REGISTER_NO,NUMBER,No,No
AV_TRANSACTION_HEADER_V,TRANSACTION_DATE,TIMESTAMP_NTZ,No,No
AV_TRANSACTION_HEADER_V,DATE_REJECT_ID,NUMBER,No,No
AV_TRANSACTION_HEADER_V,TRANSACTION_SERIES,TEXT,No,No
AV_TRANSACTION_HEADER_V,TRANSACTION_NO,NUMBER,No,No
AV_TRANSACTION_HEADER_V,ENTRY_DATE_TIME,TIMESTAMP_NTZ,No,No
AV_TRANSACTION_HEADER_V,CASHIER_NO,NUMBER,No,No
AV_TRANSACTION_HEADER_V,TRANSACTION_CATEGORY,NUMBER,No,No
AV_TRANSACTION_HEADER_V,TENDER_TOTAL,NUMBER,No,No
AV_TRANSACTION_HEADER_V,TRANSACTION_VOID_FLAG,NUMBER,No,No
AV_TRANSACTION_HEADER_V,CUSTOMER_INFO_EXISTS,NUMBER,No,No
AV_TRANSACTION_HEADER_V,EXCEPTION_FLAG,NUMBER,No,No
AV_TRANSACTION_HEADER_V,SA_REJECTION_FLAG,NUMBER,No,No
AV_TRANSACTION_HEADER_V,IF_REJECTION_FLAG,NUMBER,No,No
AV_TRANSACTION_HEADER_V,DEPOSIT_DECLARATION_FLAG,NUMBER,No,No
AV_TRANSACTION_HEADER_V,CLOSEOUT_FLAG,NUMBER,No,No
AV_TRANSACTION_HEADER_V,MEDIA_COUNT_FLAG,NUMBER,No,No
AV_TRANSACTION_HEADER_V,CUSTOMER_MODIFIED_FLAG,NUMBER,No,No
AV_TRANSACTION_HEADER_V,TAX_OVERRIDE_FLAG,NUMBER,No,No
AV_TRANSACTION_HEADER_V,POS_TAX_JURISDICTION,TEXT,No,No
AV_TRANSACTION_HEADER_V,EDIT_PROGRESS_FLAG,NUMBER,No,No
AV_TRANSACTION_HEADER_V,EDIT_TIMESTAMP,FLOAT,No,No
AV_TRANSACTION_HEADER_V,EMPLOYEE_NO,NUMBER,No,No
AV_TRANSACTION_HEADER_V,TRANSACTION_REMARK,TEXT,No,No
AV_TRANSACTION_HEADER_V,COPY_TRANSACTION_ID,NUMBER,No,No
AV_TRANSACTION_HEADER_V,LAST_MODIFIED_DATE_TIME,TIMESTAMP_NTZ,No,No
AV_TRANSACTION_HEADER_V,IN_USE_TIMESTAMP,TIMESTAMP_NTZ,No,No
AV_TRANSACTION_HEADER_V,TILL_NO,NUMBER,No,No
AV_TRANSACTION_HEADER_V,UPDATED_BY_USER_ID,TEXT,No,No
AV_TRANSACTION_LINE_V,AV_TRANSACTION_ID,NUMBER,No,No
AV_TRANSACTION_LINE_V,LINE_ID,NUMBER,No,No
AV_TRANSACTION_LINE_V,LINE_SEQUENCE,NUMBER,No,No
AV_TRANSACTION_LINE_V,LINE_OBJECT_TYPE,NUMBER,No,No
AV_TRANSACTION_LINE_V,LINE_OBJECT,NUMBER,No,No
AV_TRANSACTION_LINE_V,LINE_ACTION,NUMBER,No,No
AV_TRANSACTION_LINE_V,GROSS_LINE_AMOUNT,NUMBER,No,No
AV_TRANSACTION_LINE_V,POS_DISCOUNT_AMOUNT,NUMBER,No,No
AV_TRANSACTION_LINE_V,DB_CR_NONE,NUMBER,No,No
AV_TRANSACTION_LINE_V,ATTACHMENT_QTY,NUMBER,No,No
AV_TRANSACTION_LINE_V,EXCEPTION_FLAG,NUMBER,No,No
AV_TRANSACTION_LINE_V,INTERFACE_REJECTION_FLAG,NUMBER,No,No
AV_TRANSACTION_LINE_V,LINE_VOID_FLAG,NUMBER,No,No
AV_TRANSACTION_LINE_V,VOIDING_REVERSAL_FLAG,NUMBER,No,No
AV_TRANSACTION_LINE_V,EDIT_TIMESTAMP,FLOAT,No,No
AV_TRANSACTION_LINE_V,REFERENCE_TYPE,NUMBER,No,No
AV_TRANSACTION_LINE_V,REFERENCE_NO,TEXT,No,No
AV_TRANSACTION_LINE_V,UNIT_OF_MEASURE,NUMBER,No,No
AV_TRANSACTION_LINE_V,TRANSACTION_DATE,TIMESTAMP_NTZ,No,No
AV_TRANSACTION_LINE_V,GL_STORE_NO,NUMBER,No,No
AZ Location Utilization,LOAD_DATE,DATE,No,No
AZ Location Utilization,LOCATION,TEXT,No,No
AZ Location Utilization,ITEM_ID,NUMBER,No,No
AZ Location Utilization,UNITS,NUMBER,No,No
AZ Location Utilization,UNIT_VOLUME,NUMBER,No,No
AZ Location Utilization,SLOT_VOL,NUMBER,No,No
AZ Location Utilization,FINAL_LOC_VOL,NUMBER,No,No
AZ Location Utilization,LOCK_CODE,TEXT,No,No
AZ Location Utilization,SLOT_UNUSABLE,TEXT,No,No
AZ Location Utilization,OCCUPIED,NUMBER,No,No
AZ Location Utilization,LOCKED,NUMBER,No,No
BASE_TABLE_FLAG,DATE,DATE,No,No
BASE_TABLE_FLAG,FLAG,NUMBER,No,No
BESTSELLERS_REGION_DISTRICT,NET_AMOUNT,NUMBER,No,No
BESTSELLERS_REGION_DISTRICT,BRAND,TEXT,No,No
BESTSELLERS_REGION_DISTRICT,SKU_ID,NUMBER,No,No
BESTSELLERS_REGION_DISTRICT,DESCRIPTION,TEXT,No,No
BESTSELLERS_REGION_DISTRICT,UNITS,NUMBER,No,No
BESTSELLERS_REGION_DISTRICT,REGION_CODE,TEXT,No,No
BESTSELLERS_REGION_DISTRICT,REGION_NAME,TEXT,No,No
BESTSELLERS_REGION_DISTRICT,DISTRICT_CODE,TEXT,No,No
BESTSELLERS_REGION_DISTRICT,DISTRICT_NAME,TEXT,No,No
BESTSELLERS_REGION_DISTRICT,STORE_NO,NUMBER,No,No
BESTSELLERS_REGION_DISTRICT,STORE_NAME,TEXT,No,No
BOPUIS_ES_SERVICE_MONTHLY_COST,MERCHANDISE_YEAR_NO,NUMBER,No,No
BOPUIS_ES_SERVICE_MONTHLY_COST,MERCHANDISE_MONTH_NO,NUMBER,No,No
BOPUIS_ES_SERVICE_MONTHLY_COST,STORE_NO,NUMBER,No,No
BOPUIS_ES_SERVICE_MONTHLY_COST,SERVICE_DESCRIPTION,TEXT,No,No
BOPUIS_ES_SERVICE_MONTHLY_COST,SALES_AMOUNT,NUMBER,No,No
BOPUIS_ES_SERVICE_MONTHLY_COST,SERVICE_FEE,FLOAT,No,No
BOPUIS_ES_SERVICE_MONTHLY_COST,SERVICE_COST,FLOAT,No,No
BOPUIS_ES_SERVICE_MONTHLY_COST,SALES_CREDIT,NUMBER,No,No
BOPUS_ES_SERVICE_MONTHLY_COST_DAILY,CALENDAR_DATE,DATE,No,No
BOPUS_ES_SERVICE_MONTHLY_COST_DAILY,STORE_NO,NUMBER,No,No
BOPUS_ES_SERVICE_MONTHLY_COST_DAILY,SERVICE_DESCRIPTION,TEXT,No,No
BOPUS_ES_SERVICE_MONTHLY_COST_DAILY,SALES_AMOUNT,NUMBER,No,No
BOPUS_ES_SERVICE_MONTHLY_COST_DAILY,SERVICE_FEE,FLOAT,No,No
BOPUS_ES_SERVICE_MONTHLY_COST_DAILY,SERVICE_COST,FLOAT,No,No
BOPUS_ES_SERVICE_MONTHLY_COST_DAILY,SALES_CREDIT,NUMBER,No,No
BOPUS_PLAN,CALENDAR_DATE,DATE,No,No
BOPUS_PLAN,BOPUS_PLAN,FLOAT,No,No
BOPUS_PLAN,BOPUSADP_PLAN,FLOAT,No,No
BOPUS_PLAN,BOPUS_FCST,FLOAT,No,No
BOPUS_PLAN,BOPUSADP_FCST,FLOAT,No,No
BOPUS_REPORT,ORDER_DATE,DATE,No,No
BOPUS_REPORT,MODIFYTS,DATE,No,No
BOPUS_REPORT,STORE_NO,NUMBER,No,No
BOPUS_REPORT,YST_DEMAND_TOTAL,NUMBER,No,No
BOPUS_REPORT,YST_ORDER_COUNT,NUMBER,No,No
BOPUS_REPORT,YST_AOV,NUMBER,No,No
BOPUS_REPORT,DEMAND_YST_CANCELLATION_$,NUMBER,No,No
BOPUS_REPORT,DEMAND_YST_FULL_CANCELLATION_COUNT,NUMBER,No,No
BOPUS_REPORT,DEMAND_YST_PARTIAL_CANCELLATION_COUNT,NUMBER,No,No
BOPUS_REPORT,DEMAND_YST_CANCELLATION_COUNT,NUMBER,No,No
BOPUS_REPORT,DEMAND_YST_CANCELLATION_RATIO,NUMBER,No,No
BOPUS_REPORT,YST_PARTIAL_CANCELLATION_COUNT,FLOAT,No,No
BOPUS_REPORT,YST_FULL_CANCELLATION_COUNT,FLOAT,No,No
BOPUS_REPORT,YST_CANCELLATION_COUNT,FLOAT,No,No
BOPUS_REPORT,YST_CANCELLATION_$,FLOAT,No,No
BOPUS_REPORT,YST_RETURN_$,NUMBER,No,No
BOPUS_REPORT,YST_RETURN_COUNT,NUMBER,No,No
BOPUS_REPORT,BOPUS_SALES,NUMBER,No,No
BOSS_PLAN_BY_STORE,PLN_YR,NUMBER,No,No
BOSS_PLAN_BY_STORE,STR,NUMBER,No,No
BOSS_PLAN_BY_STORE,LINE,NUMBER,No,No
BOSS_PLAN_BY_STORE,CALENDAR_DATE,DATE,No,No
BOSS_PLAN_BY_STORE,BOSS_PLAN,FLOAT,No,No
BOSS_PLAN_BY_STORE,BOSS_FCST,FLOAT,No,No
BOSS_SCANS,STORE_NO,NUMBER,No,No
BOSS_SCANS,TRANSACTION_DATE,DATE,No,No
BOSS_SCANS,SKU_ID,NUMBER,No,No
BOSS_SCANS,UNITS,NUMBER,No,No
BOSS_SCANS,AMOUNT,NUMBER,No,No
BOSS_SCANS_TEST,STORE_NO,NUMBER,No,No
BOSS_SCANS_TEST,TRANSACTION_DATE,DATE,No,No
BOSS_SCANS_TEST,SKU_ID,NUMBER,No,No
BOSS_SCANS_TEST,UNITS,NUMBER,No,No
BOSS_SCANS_TEST,AMOUNT,NUMBER,No,No
BO_UNITS,DC,NUMBER,No,No
BO_UNITS,STORE,NUMBER,No,No
BO_UNITS,SKU,NUMBER,No,No
BO_UNITS,BO_UNITS,NUMBER,No,No
CALENDARWEEK,WEEKKEY,NUMBER,No,No
CALENDARWEEK,CALENDAR_DATE,DATE,No,No
CALENDARWEEK,LY_CALENDAR_DATE,DATE,No,No
CALENDARWEEK,LYLY_CALENDAR_DATE,DATE,No,No
CALENDARWEEK,DAYOFWEEK,TEXT,No,No
CALENDARWEEK,MERCHANDISE_WEEK_NO,NUMBER,No,No
CALENDARWEEK,MERCHANDISE_MONTH_NO,NUMBER,No,No
CALENDARWEEK,MERCHANDISE_YEAR_NO,NUMBER,No,No
CALENDARWEEK,MERCHANDISE_SEASON_NO,NUMBER,No,No
CALENDARWEEK,WEEK_END_FLAG,TEXT,No,No
CALENDARWEEK,MONTH_END_FLAG,TEXT,No,No
CALENDARWEEK,YEAR_END_FLAG,TEXT,No,No
CALENDARWEEK,MERCHANDISE_WEEK_CUSTOM,NUMBER,No,No
CALENDARWEEK,MERCHANDISE_MONTH_CUSTOM,NUMBER,No,No
CALENDARWEEK,MERCHANDISE_YEAR_CUSTOM,NUMBER,No,No
CALENDARWEEK,MERCHANDISE_SEASON_CUSTOM,NUMBER,No,No
CALENDARWEEK,HOLIDAYS,TEXT,No,No
CALENDARWEEK_2023,WEEKKEY,NUMBER,No,No
CALENDARWEEK_2023,CALENDAR_DATE,DATE,No,No
CALENDARWEEK_2023,LY_CALENDAR_DATE,DATE,No,No
CALENDARWEEK_2023,LYLY_CALENDAR_DATE,DATE,No,No
CALENDARWEEK_2023,DAYOFWEEK,TEXT,No,No
CALENDARWEEK_2023,MERCHANDISE_WEEK_NO,NUMBER,No,No
CALENDARWEEK_2023,MERCHANDISE_MONTH_NO,NUMBER,No,No
CALENDARWEEK_2023,MERCHANDISE_YEAR_NO,NUMBER,No,No
CALENDARWEEK_2023,MERCHANDISE_SEASON_NO,NUMBER,No,No
CALENDARWEEK_2023,WEEK_END_FLAG,TEXT,No,No
CALENDARWEEK_2023,MONTH_END_FLAG,TEXT,No,No
CALENDARWEEK_2023,YEAR_END_FLAG,TEXT,No,No
CALENDARWEEK_2023,MERCHANDISE_WEEK_CUSTOM,NUMBER,No,No
CALENDARWEEK_2023,MERCHANDISE_MONTH_CUSTOM,NUMBER,No,No
CALENDARWEEK_2023,MERCHANDISE_YEAR_CUSTOM,NUMBER,No,No
CALENDARWEEK_2023,MERCHANDISE_SEASON_CUSTOM,NUMBER,No,No
CALENDARWEEK_2023,HOLIDAYS,TEXT,No,No
CLEAR_EMPLOYEE,STATUS,TEXT,No,No
CLEAR_EMPLOYEE,STORE_DEPT_NO,NUMBER,No,No
CLEAR_EMPLOYEE,DESCRIPTION,TEXT,No,No
CLEAR_EMPLOYEE,EE_NO,NUMBER,No,No
CLEAR_EMPLOYEE,FIRST_NAME,TEXT,No,No
CLEAR_EMPLOYEE,LAST_NAME,TEXT,No,No
CLEAR_EMPLOYEE,BUSINESS_TITLE,TEXT,No,No
CLEAR_EMPLOYEE,SCORE,TEXT,No,No
CLEAR_EMPLOYEE,VACCINATION_STATUS,NUMBER,No,No
CLEAR_EMPLOYEE,SCORING_DATE_TIME,TEXT,No,No
CLEAR_EMPLOYEE,FLAG,TEXT,No,No
CLEAR_EMPLOYEE,LOAD_DATE,DATE,No,No
COMPLEX_SCANS,ASNUM,NUMBER,No,No
COMPLEX_SCANS,INUMBR,NUMBER,No,No
COMPLEX_SCANS,ALWDQT,NUMBER,No,No
COMPLEX_SCANS,ALWCHG,NUMBER,No,No
COMPLEX_SCANS,ALWTRDT,TEXT,No,No
COMPLEX_SCANS,ALWLOC,NUMBER,No,No
COMPLEX_SCANS,ALWTYP,TEXT,No,No
COMPLEX_SCANS,CMPREG,NUMBER,No,No
COMPLEX_SCANS,ITRDSC,TEXT,No,No
CSTPLN,ITEM_NUMBER,NUMBER,No,No
CSTPLN,NEW_COST,NUMBER,No,No
CSTPLN,MAX_START_DATE,DATE,No,No
CUBEMASTER,CUBEID,TEXT,No,No
CUBEMASTER,CUBENAME,TEXT,No,No
CUBEMASTER,SUBJECTAREA,TEXT,No,No
CUBEMASTER,EVERYDAY,TEXT,No,No
CUBEMASTER,MONDAY,TEXT,No,No
CUBEMASTER,TUESDAY,TEXT,No,No
CUBEMASTER,WEDNESDAY,TEXT,No,No
CUBEMASTER,THURSDAY,TEXT,No,No
CUBEMASTER,FRIDAY,TEXT,No,No
CUBEMASTER,SATURDAY,TEXT,No,No
CUBEMASTER,SUNDAY,TEXT,No,No
CUBEMASTER,STARTTIMEHH,NUMBER,No,No
CUBEMASTER,STARTTIMEMM,NUMBER,No,No
CUBEMASTER,RUNTIMEINMINUTES,NUMBER,No,No
CUBEMASTER,DATEACTIVATEDINPROD,DATE,No,No
CUBEMASTER,ACTIVE,TEXT,No,No
CUBEMONITOR,RUNDATE,DATE,No,No
CUBEMONITOR,CUBEID,TEXT,No,No
CUBEMONITOR,ACTUALSTARTTIME,TIMESTAMP_NTZ,No,No
CUBEMONITOR,ACTUALENDTIME,TIMESTAMP_NTZ,No,No
CUSTOM_SUMMARY_REPORT,DATE,DATE,No,No
CUSTOM_SUMMARY_REPORT,CARD_TYPE,TEXT,No,No
CUSTOM_SUMMARY_REPORT,TOTAL_FINANCIAL_DECLINED,NUMBER,No,No
CUSTOM_SUMMARY_REPORT,TOTAL_FINANCIAL,NUMBER,No,No
CUSTOM_SUMMARY_REPORT,TOTAL_NON_FINANCIAL_DECLINED,NUMBER,No,No
CUSTOM_SUMMARY_REPORT,TOTAL_NON_FINANCIAL,NUMBER,No,No
CUSTOM_SUMMARY_REPORT,TOTAL_DECLINED,NUMBER,No,No
CUSTOM_SUMMARY_REPORT,LOAD_DATE,DATE,No,No
DAILY_BEST_SELLERS,TRANSACTION_DATE,DATE,No,No
DAILY_BEST_SELLERS,SKU_ID,NUMBER,No,No
DAILY_BEST_SELLERS,SKU_DESCRIPTION,TEXT,No,No
DAILY_BEST_SELLERS,BRAND,TEXT,No,No
DAILY_BEST_SELLERS,GROSS_MARGIN,NUMBER,No,No
DAILY_BEST_SELLERS,NETAMOUNT,NUMBER,No,No
DAILY_BEST_SELLERS,TOP_SKUS,NUMBER,No,No
DAILY_BEST_SELLERS,UNITS,FLOAT,No,No
DAILY_BEST_SELLERS,VA_WAREHOUSE,NUMBER,No,No
DAILY_BEST_SELLERS,AZ_WAREHOUSE,NUMBER,No,No
DAILY_BEST_SELLERS,INSTOCK,NUMBER,No,No
DAILY_BEST_SELLERS,ON_ORDER,NUMBER,No,No
DAILY_BEST_SELLERS,IN_TRANSIT_UNITS,NUMBER,No,No
DAILY_BEST_SELLERS,DC_ALLOCATED_NOT_SHIPPED,NUMBER,No,No
DAILY_BEST_SELLERS,WOS,NUMBER,No,No
DAILY_BEST_SELLERS,STORE_ON_HAND,FLOAT,No,No
DAILY_BEST_SELLERS,CONVERTED_CASES,FLOAT,No,No
DAILY_BEST_SELLERS,BRAND_NAME,TEXT,No,No
DAILY_BEST_SELLERS_TY_LY,TRANSACTION_DATE,DATE,No,No
DAILY_BEST_SELLERS_TY_LY,SKU_ID,NUMBER,No,No
DAILY_BEST_SELLERS_TY_LY,SKU_DESCRIPTION,TEXT,No,No
DAILY_BEST_SELLERS_TY_LY,BRAND,TEXT,No,No
DAILY_BEST_SELLERS_TY_LY,GROSS_MARGIN,NUMBER,No,No
DAILY_BEST_SELLERS_TY_LY,NETAMOUNT,NUMBER,No,No
DAILY_BEST_SELLERS_TY_LY,TOP_SKUS,NUMBER,No,No
DAILY_BEST_SELLERS_TY_LY,UNITS,FLOAT,No,No
DAILY_BEST_SELLERS_TY_LY,VA_WAREHOUSE,NUMBER,No,No
DAILY_BEST_SELLERS_TY_LY,AZ_WAREHOUSE,NUMBER,No,No
DAILY_BEST_SELLERS_TY_LY,INSTOCK,NUMBER,No,No
DAILY_BEST_SELLERS_TY_LY,ON_ORDER,NUMBER,No,No
DAILY_BEST_SELLERS_TY_LY,IN_TRANSIT_UNITS,NUMBER,No,No
DAILY_BEST_SELLERS_TY_LY,DC_ALLOCATED_NOT_SHIPPED,NUMBER,No,No
DAILY_BEST_SELLERS_TY_LY,WOS,NUMBER,No,No
DAILY_BEST_SELLERS_TY_LY,STORE_ON_HAND,FLOAT,No,No
DAILY_BEST_SELLERS_TY_LY,CONVERTED_CASES,FLOAT,No,No
DAILY_BEST_SELLERS_TY_LY,BRAND_NAME,TEXT,No,No
DAILY_FLASH_EMAIL,TRANSACTION_DATE,DATE,No,No
DAILY_FLASH_EMAIL,DIVISION,TEXT,No,No
DAILY_FLASH_EMAIL,SALES,NUMBER,No,No
DAILY_FLASH_EMAIL,FORECAST,NUMBER,No,No
DAILY_FLASH_FORECAST,TRANSACTION_DATE,DATE,No,No
DAILY_FLASH_FORECAST,DIVISION,NUMBER,No,No
DAILY_FLASH_FORECAST,FORECAST,FLOAT,No,No
DATE_LAST_RECEIVED,STORE,NUMBER,No,No
DATE_LAST_RECEIVED,SKU,NUMBER,No,No
DATE_LAST_RECEIVED,DATE_LAST_RECEIVED,DATE,No,No
DEMO_PK,LINK,TEXT,No,No
DEMO_PK,SLNO,NUMBER,No,No
DEPARTMENT_SHORT_NAME,DEPARTMENT_NAME,TEXT,No,No
DEPARTMENT_SHORT_NAME,DEPT_SHORT_NAME,TEXT,No,No
DEPARTMENT_SHORT_NAME,DEPARTMENT_ID,NUMBER,No,No
DEPARTMENT_SHORT_NAME,DIVISION,NUMBER,No,No
DIM_CHANNEL,OFFER_ID,TEXT,No,No
DIM_CHANNEL,OFFER_DESCRIPTION,TEXT,No,No
DIM_CHANNEL,VSI_DESCRIPTION,TEXT,No,No
DIM_CHANNEL,VSION_DESCRIPTION,TEXT,No,No
DISTRICT_SA,DISTRICT_CODE,TEXT,No,No
DISTRICT_SA,DISTRICT_NAME,TEXT,No,No
DISTRICT_SA,RESOURCE_ID,NUMBER,No,No
DISTRICT_SA_BACK,DISTRICT_CODE,TEXT,No,No
DISTRICT_SA_BACK,DISTRICT_NAME,TEXT,No,No
DISTRICT_SA_BACK,RESOURCE_ID,NUMBER,No,No
DISTRICT_SA_MONTHLY,FISCAL_YEAR,NUMBER,No,No
DISTRICT_SA_MONTHLY,FISCAL_MONTH,NUMBER,No,No
DISTRICT_SA_MONTHLY,DISTRICT_CODE,TEXT,No,No
DISTRICT_SA_MONTHLY,DISTRICT_NAME,TEXT,No,No
DISTRICT_SA_V,DISTRICT_CODE,TEXT,No,No
DISTRICT_SA_V,DISTRICT_NAME,TEXT,No,No
DIVISION_PLAN_FORECAST,TRANSACTION_DATE,DATE,No,No
DIVISION_PLAN_FORECAST,PLAN_D1,NUMBER,No,No
DIVISION_PLAN_FORECAST,PLAN_D2,NUMBER,No,No
DIVISION_PLAN_FORECAST,FORECAST_D1,NUMBER,No,No
DIVISION_PLAN_FORECAST,FORECAST_D2,NUMBER,No,No
DIVISION_SA,DIVISION_CODE,NUMBER,No,No
DIVISION_SA,DIVISION_NAME,TEXT,No,No
DIVISION_SA,RESOURCE_ID,NUMBER,No,No
DIVISION_SA_MONTHLY,FISCAL_YEAR,NUMBER,No,No
DIVISION_SA_MONTHLY,FISCAL_MONTH,NUMBER,No,No
DIVISION_SA_MONTHLY,DIVISION_CODE,NUMBER,No,No
DIVISION_SA_MONTHLY,DIVISION_NAME,TEXT,No,No
DROP_SHIP_MARGIN,TRANSACTION_DATE,DATE,No,No
DROP_SHIP_MARGIN,STORE_NO,NUMBER,No,No
DROP_SHIP_MARGIN,SKU_ID,NUMBER,No,No
DROP_SHIP_MARGIN,COST,NUMBER,No,No
DROP_SHIP_MARGIN,SCANS,NUMBER,No,No
DROP_SHIP_MARGIN_TEMP,TRANSACTION_DATE,DATE,No,No
DROP_SHIP_MARGIN_TEMP,STORE_NO,NUMBER,No,No
DROP_SHIP_MARGIN_TEMP,SKU_ID,NUMBER,No,No
DROP_SHIP_MARGIN_TEMP,COST,NUMBER,No,No
DROP_SHIP_MARGIN_TEMP,SCANS,NUMBER,No,No
DROP_SHIP_REVENUE,TRANSACTION_DATE,DATE,No,No
DROP_SHIP_REVENUE,STORE_NO,NUMBER,No,No
DROP_SHIP_REVENUE,SKU_ID,NUMBER,No,No
DROP_SHIP_REVENUE,SALES,NUMBER,No,No
DROP_SHIP_REVENUE,UNITS,NUMBER,No,No
DROP_SHIP_REVENUE,COST,NUMBER,No,No
DROP_SHIP_REVENUE,SCANS,NUMBER,No,No
DROP_SHIP_REVENUE_BKP,TRANSACTION_DATE,DATE,No,No
DROP_SHIP_REVENUE_BKP,STORE_NO,NUMBER,No,No
DROP_SHIP_REVENUE_BKP,SKU_ID,NUMBER,No,No
DROP_SHIP_REVENUE_BKP,SALES,NUMBER,No,No
DROP_SHIP_REVENUE_BKP,UNITS,NUMBER,No,No
DROP_SHIP_REVENUE_BKP,COST,NUMBER,No,No
DROP_SHIP_REVENUE_BKP,SCANS,NUMBER,No,No
DROP_SHIP_REVENUE_TEMP,TRANSACTION_DATE,DATE,No,No
DROP_SHIP_REVENUE_TEMP,STORE_NO,NUMBER,No,No
DROP_SHIP_REVENUE_TEMP,SKU_ID,NUMBER,No,No
DROP_SHIP_REVENUE_TEMP,SALES,NUMBER,No,No
DROP_SHIP_REVENUE_TEMP,UNITS,NUMBER,No,No
DTC_PBPLAN,CALENDAR_DATE,DATE,No,No
DTC_PBPLAN,DTC_PBPLAN,FLOAT,No,No
DTC_PBPLAN,DTC_PBFCST,FLOAT,No,No
DTC_PLD_O2D_DATA_V,FY,FLOAT,No,No
DTC_PLD_O2D_DATA_V,FQ,FLOAT,No,No
DTC_PLD_O2D_DATA_V,FM,FLOAT,No,No
DTC_PLD_O2D_DATA_V,FW,FLOAT,No,No
DTC_PLD_O2D_DATA_V,ORDER_DATE,DATE,No,No
DTC_PLD_O2D_DATA_V,ORDER_NO,TEXT,No,No
DTC_PLD_O2D_DATA_V,ORDER_RELEASE,TEXT,No,No
DTC_PLD_O2D_DATA_V,ORDER_RELEASE_DATE,DATE,No,No
DTC_PLD_O2D_DATA_V,ORDER_DROP_DATE,DATE,No,No
DTC_PLD_O2D_DATA_V,CHANNEL,TEXT,No,No
DTC_PLD_O2D_DATA_V,WAREHOUSE,TEXT,No,No
DTC_PLD_O2D_DATA_V,WAREHOUS,TEXT,No,No
DTC_PLD_O2D_DATA_V,TYPE,TEXT,No,No
DTC_PLD_O2D_DATA_V,MANIFEST_DATE,DATE,No,No
DTC_PLD_O2D_DATA_V,SHIP_DATE,DATE,No,No
DTC_PLD_O2D_DATA_V,TRACKING_NO,TEXT,No,No
DTC_PLD_O2D_DATA_V,CARRIER,TEXT,No,No
DTC_PLD_O2D_DATA_V,SERVICE,TEXT,No,No
DTC_PLD_O2D_DATA_V,ZIP_CODE,TEXT,No,No
DTC_PLD_O2D_DATA_V,STATE_CODE,TEXT,No,No
DTC_PLD_O2D_DATA_V,UNITS,NUMBER,No,No
DTC_PLD_O2D_DATA_V,WEIGHT,NUMBER,No,No
DTC_PLD_O2D_DATA_V,PROMISE_DATE,DATE,No,No
DTC_PLD_O2D_DATA_V,DELIVERY_DATE,DATE,No,No
DTC_PLD_O2D_DATA_V,STATUS,TEXT,No,No
DTC_PLD_O2D_DATA_V,ORDER_CREATE_2_RELEASE_CALENDAR,NUMBER,No,No
DTC_PLD_O2D_DATA_V,ORDER_CREATE_2_DROP_CALENDAR,NUMBER,No,No
DTC_PLD_O2D_DATA_V,ORDER_CREATE_2_RELEASE_BUSINESS,NUMBER,No,No
DTC_PLD_O2D_DATA_V,ORDER_CREATE_2_DROP_BUSINESS,NUMBER,No,No
DTC_PLD_O2D_DATA_V,ORDER_CREATE_2_MANIFEST_CALENDAR,NUMBER,No,No
DTC_PLD_O2D_DATA_V,ORDER_DROP_2_MANIFEST_CALENDAR,NUMBER,No,No
DTC_PLD_O2D_DATA_V,ORDER_CREATE_2_MANIFEST_BUSINESS,NUMBER,No,No
DTC_PLD_O2D_DATA_V,ORDER_DROP_2_MANIFEST_BUSINESS,NUMBER,No,No
DTC_PLD_O2D_DATA_V,ORDER_CREATE_2_SHIP_CALENDAR,NUMBER,No,No
DTC_PLD_O2D_DATA_V,ORDER_DROP_2_SHIP_CALENDAR,NUMBER,No,No
DTC_PLD_O2D_DATA_V,ORDER_CREATE_2_SHIP_BUSINESS,NUMBER,No,No
DTC_PLD_O2D_DATA_V,ORDER_DROP_2_SHIP_BUSINESS,NUMBER,No,No
DTC_PLD_O2D_DATA_V,SHIP_2_DELIVER_CALENDAR,NUMBER,No,No
DTC_PLD_O2D_DATA_V,DROP_2_DELIVER_CALENDAR,NUMBER,No,No
DTC_PLD_O2D_DATA_V,ORDER_2_DELIVER_CALENDAR,NUMBER,No,No
DTC_PLD_O2D_DATA_V,SHIP_2_DELIVER_BUSINESS,NUMBER,No,No
DTC_PLD_O2D_DATA_V,DROP_2_DELIVER_BUSINESS,NUMBER,No,No
DTC_PLD_O2D_DATA_V,ORDER_2_DELIVER_BUSINESS,NUMBER,No,No
EARLY_FLASH_REPORT,TRANSACTION_DATE,DATE,No,No
EARLY_FLASH_REPORT,STORE_NO,NUMBER,No,No
EARLY_FLASH_REPORT,TY_NETAMOUNT,NUMBER,No,No
EARLY_FLASH_REPORT,TY_COMPNETAMOUNT,NUMBER,No,No
EARLY_FLASH_REPORT,LY_COMPNETAMOUNT,NUMBER,No,No
EARLY_FLASH_REPORT,PLAN,NUMBER,No,No
EARLY_FLASH_REPORT,FCST,NUMBER,No,No
EDI,SKU_ID,TEXT,No,No
EDI,VENDOR_CODE,TEXT,No,No
EDI,INVOICE_NUMBER,TEXT,No,No
EDI,INVOICE_TYPE,TEXT,No,No
EDI,AUTO_MATCH,TEXT,No,No
EDI,INVOICE_DATE,DATE,No,No
EDI,INVOICE_COUNT,NUMBER,No,No
EDI,PO_NUMBER,TEXT,No,No
EDI,INVOICE_QTY,NUMBER,No,No
EDI,COST,NUMBER,No,No
EDI,INVOICE_AMOUNT,NUMBER,No,No
EDI,DATE_PROCESSED,DATE,No,No
EDI2,SKU_ID,TEXT,No,No
EDI2,VENDOR_CODE,TEXT,No,No
EDI2,INVOICE_NUMBER,TEXT,No,No
EDI2,INVOICE_TYPE,TEXT,No,No
EDI2,AUTO_MATCH,TEXT,No,No
EDI2,INVOICE_DATE,DATE,No,No
EDI2,INVOICE_COUNT,NUMBER,No,No
EDI2,PO_NUMBER,TEXT,No,No
EDI2,INVOICE_QTY,NUMBER,No,No
EDI2,COST,NUMBER,No,No
EDI2,INVOICE_AMOUNT,NUMBER,No,No
EDI2,DATE_PROCESSED,DATE,No,No
EDI2,PO_RECEIVED,TEXT,No,No
EDI2,INVOICE_RECEIVED,TEXT,No,No
EXEC_DASHBOARD_REPORTING,TRANSACTION_DATE,DATE,No,No
EXEC_DASHBOARD_REPORTING,CATEGORY,TEXT,No,No
EXEC_DASHBOARD_REPORTING,STORE_NO,NUMBER,No,No
EXEC_DASHBOARD_REPORTING,NET_AMOUNT,NUMBER,No,No
EXEC_DASHBOARD_REPORTING,TRANSACTIONS,NUMBER,No,No
EXEC_DASHBOARD_REPORTING,TRANSACTIONS_TOTAL,NUMBER,No,No
EXEC_DASHBOARD_REPORTING,UNITS,NUMBER,No,No
EXEC_DASHBOARD_REPORTING,SCAN_AMOUNT,NUMBER,No,No
EXEC_DASHBOARD_REPORTING,TRAFFIC,NUMBER,No,No
EXEC_DASHBOARD_REPORTING,TRAFFIC_TRANSACTIONS,NUMBER,No,No
EXEC_DASHBOARD_REPORTING_DETAIL,TRANSACTION_DATE,DATE,No,No
EXEC_DASHBOARD_REPORTING_DETAIL,CATEGORY,TEXT,No,No
EXEC_DASHBOARD_REPORTING_DETAIL,DIVISION,NUMBER,No,No
EXEC_DASHBOARD_REPORTING_DETAIL,STORE_NO,NUMBER,No,No
EXEC_DASHBOARD_REPORTING_DETAIL,TRANSACTION_ID,NUMBER,No,No
EXEC_DASHBOARD_REPORTING_DETAIL,SKU_ID,NUMBER,No,No
EXEC_DASHBOARD_REPORTING_DETAIL,DEPARTMENT_NAME,TEXT,No,No
EXEC_DASHBOARD_REPORTING_DETAIL,NET_AMOUNT,NUMBER,No,No
EXEC_DASHBOARD_REPORTING_DETAIL,UNITS,NUMBER,No,No
EXEC_DASHBOARD_REPORTING_DETAIL,SCAN_AMOUNT,NUMBER,No,No
FACING,STORE,NUMBER,No,No
FACING,SKU,NUMBER,No,No
FACING,FACING,NUMBER,No,No
FCSTAMOUNT,FCSTYR,NUMBER,No,No
FCSTAMOUNT,FCSTTYP,NUMBER,No,No
FCSTAMOUNT,RESERVECODE,NUMBER,No,No
FCSTAMOUNT,STR,NUMBER,No,No
FCSTAMOUNT,DATE,DATE,No,No
FCSTAMOUNT,FCSTAMOUNT,FLOAT,No,No
FCSTAMOUNT,COMPSTATUS,NUMBER,No,No
FINANCIAL_REP,CALENDAR_DATE,DATE,No,No
FINANCIAL_REP,CHANNEL,TEXT,No,No
FINANCIAL_REP,SUBCHANNEL,TEXT,No,No
FINANCIAL_REP,AMOUNT,FLOAT,No,No
FINANCIAL_REPORTING,CALENDAR_DATE,DATE,No,No
FINANCIAL_REPORTING,CHANNEL,TEXT,No,No
FINANCIAL_REPORTING,SUBCHANNEL,TEXT,No,No
FINANCIAL_REPORTING,AMOUNT,FLOAT,No,No
FREE_FILL_RECEIVED_REPORT,SKU,NUMBER,No,No
FREE_FILL_RECEIVED_REPORT,STORE,NUMBER,No,No
FREE_FILL_RECEIVED_REPORT,CURRENT_PO_COST,NUMBER,No,No
FREE_FILL_RECEIVED_REPORT,INC_FF_FLAG,TEXT,No,No
FREE_FILL_RECEIVED_REPORT,FF_QTY_FLAG,TEXT,No,No
FREE_FILL_RECEIVED_REPORT,NEW_FF_FLAG,TEXT,No,No
FREE_FILL_RECEIVED_REPORT,FIRST_RECEIPT,DATE,No,No
FREE_FILL_RECEIVED_REPORT,UNITS_RECEIVED,NUMBER,No,No
FREE_FILL_RECEIVED_REPORT_2101,SKU,NUMBER,No,No
FREE_FILL_RECEIVED_REPORT_2101,STORE,NUMBER,No,No
FREE_FILL_RECEIVED_REPORT_2101,CURRENT_PO_COST,NUMBER,No,No
FREE_FILL_RECEIVED_REPORT_2101,INC_FF_FLAG,TEXT,No,No
FREE_FILL_RECEIVED_REPORT_2101,FF_QTY_FLAG,TEXT,No,No
FREE_FILL_RECEIVED_REPORT_2101,NEW_FF_FLAG,TEXT,No,No
FREE_FILL_RECEIVED_REPORT_2101,FIRST_RECEIPT,DATE,No,No
FREE_FILL_RECEIVED_REPORT_2101,UNITS_RECEIVED,NUMBER,No,No
FREE_FILL_RECEIVED_REPORT_220208,SKU,NUMBER,No,No
FREE_FILL_RECEIVED_REPORT_220208,STORE,NUMBER,No,No
FREE_FILL_RECEIVED_REPORT_220208,CURRENT_PO_COST,NUMBER,No,No
FREE_FILL_RECEIVED_REPORT_220208,INC_FF_FLAG,TEXT,No,No
FREE_FILL_RECEIVED_REPORT_220208,FF_QTY_FLAG,TEXT,No,No
FREE_FILL_RECEIVED_REPORT_220208,NEW_FF_FLAG,TEXT,No,No
FREE_FILL_RECEIVED_REPORT_220208,FIRST_RECEIPT,DATE,No,No
FREE_FILL_RECEIVED_REPORT_220208,UNITS_RECEIVED,NUMBER,No,No
FREE_FILL_RECEIVED_REPORT_220221,SKU,NUMBER,No,No
FREE_FILL_RECEIVED_REPORT_220221,STORE,NUMBER,No,No
FREE_FILL_RECEIVED_REPORT_220221,CURRENT_PO_COST,NUMBER,No,No
FREE_FILL_RECEIVED_REPORT_220221,INC_FF_FLAG,TEXT,No,No
FREE_FILL_RECEIVED_REPORT_220221,FF_QTY_FLAG,TEXT,No,No
FREE_FILL_RECEIVED_REPORT_220221,NEW_FF_FLAG,TEXT,No,No
FREE_FILL_RECEIVED_REPORT_220221,FIRST_RECEIPT,DATE,No,No
FREE_FILL_RECEIVED_REPORT_220221,UNITS_RECEIVED,NUMBER,No,No
FREE_FILL_RECEIVED_REPORT_220328,SKU,NUMBER,No,No
FREE_FILL_RECEIVED_REPORT_220328,STORE,NUMBER,No,No
FREE_FILL_RECEIVED_REPORT_220328,CURRENT_PO_COST,NUMBER,No,No
FREE_FILL_RECEIVED_REPORT_220328,INC_FF_FLAG,TEXT,No,No
FREE_FILL_RECEIVED_REPORT_220328,FF_QTY_FLAG,TEXT,No,No
FREE_FILL_RECEIVED_REPORT_220328,NEW_FF_FLAG,TEXT,No,No
FREE_FILL_RECEIVED_REPORT_220328,FIRST_RECEIPT,DATE,No,No
FREE_FILL_RECEIVED_REPORT_220328,UNITS_RECEIVED,NUMBER,No,No
FREE_FILL_RECEIVED_REPORT_BACKUP,SKU,NUMBER,No,No
FREE_FILL_RECEIVED_REPORT_BACKUP,STORE,NUMBER,No,No
FREE_FILL_RECEIVED_REPORT_BACKUP,CURRENT_PO_COST,NUMBER,No,No
FREE_FILL_RECEIVED_REPORT_BACKUP,INC_FF_FLAG,TEXT,No,No
FREE_FILL_RECEIVED_REPORT_BACKUP,FF_QTY_FLAG,TEXT,No,No
FREE_FILL_RECEIVED_REPORT_BACKUP,NEW_FF_FLAG,TEXT,No,No
FREE_FILL_RECEIVED_REPORT_BACKUP,FIRST_RECEIPT,DATE,No,No
FREE_FILL_RECEIVED_REPORT_BACKUP,UNITS_RECEIVED,NUMBER,No,No
FREE_FILL_RECEIVED_REPORT_BACKUP1,SKU,NUMBER,No,No
FREE_FILL_RECEIVED_REPORT_BACKUP1,STORE,NUMBER,No,No
FREE_FILL_RECEIVED_REPORT_BACKUP1,CURRENT_PO_COST,NUMBER,No,No
FREE_FILL_RECEIVED_REPORT_BACKUP1,INC_FF_FLAG,TEXT,No,No
FREE_FILL_RECEIVED_REPORT_BACKUP1,FF_QTY_FLAG,TEXT,No,No
FREE_FILL_RECEIVED_REPORT_BACKUP1,NEW_FF_FLAG,TEXT,No,No
FREE_FILL_RECEIVED_REPORT_BACKUP1,FIRST_RECEIPT,DATE,No,No
FREE_FILL_RECEIVED_REPORT_BACKUP1,UNITS_RECEIVED,NUMBER,No,No
FREE_FILL_RECEIVED_REPORT_BACKUP_20220106,SKU,NUMBER,No,No
FREE_FILL_RECEIVED_REPORT_BACKUP_20220106,STORE,NUMBER,No,No
FREE_FILL_RECEIVED_REPORT_BACKUP_20220106,CURRENT_PO_COST,NUMBER,No,No
FREE_FILL_RECEIVED_REPORT_BACKUP_20220106,INC_FF_FLAG,TEXT,No,No
FREE_FILL_RECEIVED_REPORT_BACKUP_20220106,FF_QTY_FLAG,TEXT,No,No
FREE_FILL_RECEIVED_REPORT_BACKUP_20220106,NEW_FF_FLAG,TEXT,No,No
FREE_FILL_RECEIVED_REPORT_BACKUP_20220106,FIRST_RECEIPT,DATE,No,No
FREE_FILL_RECEIVED_REPORT_BACKUP_20220106,UNITS_RECEIVED,NUMBER,No,No
FREE_FILL_RECEIVED_REPORT_TEMP,SKU,NUMBER,No,No
FREE_FILL_RECEIVED_REPORT_TEMP,STORE,NUMBER,No,No
FREE_FILL_RECEIVED_REPORT_TEMP,CURRENT_PO_COST,NUMBER,No,No
FREE_FILL_RECEIVED_REPORT_TEMP,INC_FF_FLAG,TEXT,No,No
FREE_FILL_RECEIVED_REPORT_TEMP,FF_QTY_FLAG,TEXT,No,No
FREE_FILL_RECEIVED_REPORT_TEMP,NEW_FF_FLAG,TEXT,No,No
FREE_FILL_RECEIVED_REPORT_TEMP,FIRST_RECEIPT,DATE,No,No
FREE_FILL_RECEIVED_REPORT_TEMP,UNITS_RECEIVED,NUMBER,No,No
GOOGLE_ANALYTICS,SESSIONS,NUMBER,No,No
GOOGLE_ANALYTICS,BOUNCE_RATE,NUMBER,No,No
GOOGLE_ANALYTICS,NEW_USER,NUMBER,No,No
GOOGLE_ANALYTICS,NEW_SESSIONS,NUMBER,No,No
GOOGLE_ANALYTICS,AVG_SESSION_DURATION,NUMBER,No,No
GOOGLE_ANALYTICS,PAGES_SESSION,NUMBER,No,No
GOOGLE_ANALYTICS,TRANSACTIONS,NUMBER,No,No
GOOGLE_ANALYTICS,ECOMMERCE_CONVERSION_RATE,NUMBER,No,No
GOOGLE_ANALYTICS,REVENUE,NUMBER,No,No
GOOGLE_ANALYTICS,FILE_STRING,TEXT,No,No
GOOGLE_ANALYTICS,ACTUAL_DATE,DATE,No,No
HTML_TAG,SL_NO,NUMBER,No,No
HTML_TAG,HTML,TEXT,No,No
IMPULSE_UPSELL_DEMAND,TRANSACTION_DATE,TIMESTAMP_NTZ,No,No
IMPULSE_UPSELL_DEMAND,NUMBER_OF_ITEMS,FLOAT,No,No
IMPULSE_UPSELL_DEMAND,TOTAL_REVENUE_ITEM,NUMBER,No,No
IMPULSE_UPSELL_DEMAND,ONE_TIME_REVENUE_ITEM,NUMBER,No,No
IMPULSE_UPSELL_DEMAND,SUBSCRIPTION_REVENUE_ITEM,NUMBER,No,No
IMPULSE_UPSELL_DEMAND,IU_AIV,FLOAT,No,No
IMPULSE_UPSELL_DEMAND,NONIU_AIV,FLOAT,No,No
IMPULSE_UPSELL_DEMAND,PERCENT_INCREASE_AIV,FLOAT,No,No
IMPULSE_UPSELL_DEMAND,NO_OF_ITEMS_SUBSCRIPTION,FLOAT,No,No
IMPULSE_UPSELL_DEMAND,NO_OF_ITEMS_ONE_TIME,FLOAT,No,No
IMPULSE_UPSELL_DEMAND,PERCENT_ITEMS_ONE_TIME,FLOAT,No,No
IMPULSE_UPSELL_DEMAND,PERCENT_ITEMS_SUBSCRIPTION,FLOAT,No,No
IMPULSE_UPSELL_REVENUE,TRANSACTION_DATE,TIMESTAMP_NTZ,No,No
IMPULSE_UPSELL_REVENUE,IU_NETAMOUNT,NUMBER,No,No
IMPULSE_UPSELL_REVENUE,TOTAL_NUMBER_OF_ORDERS,NUMBER,No,No
IMPULSE_UPSELL_REVENUE,IU_NUMBER_OF_ORDERS,NUMBER,No,No
IMPULSE_UPSELL_REVENUE,IU_NUMBER_OF_TRANSACTIONS,NUMBER,No,No
IMPULSE_UPSELL_REVENUE,IU_AOV,FLOAT,No,No
IMPULSE_UPSELL_REVENUE,PERCENT_OF_ORDERS,FLOAT,No,No
INFOSEC_MSTR_TERMINATION_AUDIT,DEPT,NUMBER,No,No
INFOSEC_MSTR_TERMINATION_AUDIT,DEPT_DESC,TEXT,No,No
INFOSEC_MSTR_TERMINATION_AUDIT,FILE_NBR,NUMBER,No,No
INFOSEC_MSTR_TERMINATION_AUDIT,NAME,TEXT,No,No
INFOSEC_MSTR_TERMINATION_AUDIT,BUSINESS_TITLE,TEXT,No,No
INFOSEC_MSTR_TERMINATION_AUDIT,TERM_DATE,DATE,No,No
INFOSEC_MSTR_TERMINATION_AUDIT,EMP_TYPE,TEXT,No,No
INFOSEC_MSTR_TERMINATION_AUDIT,LOAD_DT,TIMESTAMP_NTZ,No,No
INSTACART_DAILY_TRANS_TAX_DETAIL_V,TRANSACTION_ID,NUMBER,No,No
INSTACART_DAILY_TRANS_TAX_DETAIL_V,STORE_NO,NUMBER,No,No
INSTACART_DAILY_TRANS_TAX_DETAIL_V,REGISTER_NO,NUMBER,No,No
INSTACART_DAILY_TRANS_TAX_DETAIL_V,TRANSACTION_NO,NUMBER,No,No
INSTACART_DAILY_TRANS_TAX_DETAIL_V,TRANSACTION_DATE,TIMESTAMP_NTZ,No,No
INSTACART_DAILY_TRANS_TAX_DETAIL_V,ENTRY_DATE_TIME,TIMESTAMP_NTZ,No,No
INSTACART_DAILY_TRANS_TAX_DETAIL_V,LINE_ID,NUMBER,No,No
INSTACART_DAILY_TRANS_TAX_DETAIL_V,LINE_SEQUENCE,NUMBER,No,No
INSTACART_DAILY_TRANS_TAX_DETAIL_V,LINE_OBJECT_DESCRIPTION,TEXT,No,No
INSTACART_DAILY_TRANS_TAX_DETAIL_V,LINE_ACTION_DISPLAY_DESCR,TEXT,No,No
INSTACART_DAILY_TRANS_TAX_DETAIL_V,UNITS,NUMBER,No,No
INSTACART_DAILY_TRANS_TAX_DETAIL_V,GROSS_LINE_AMOUNT,NUMBER,No,No
INSTACART_DAILY_TRANS_TAX_DETAIL_V,POS_DISCOUNT_AMOUNT,NUMBER,No,No
INSTACART_DAILY_TRANS_TAX_DETAIL_V,EMPLOYEE_NO,NUMBER,No,No
INSTACART_DAILY_TRANS_TAX_DETAIL_V,UPC_NO,NUMBER,No,No
INSTACART_DAILY_TRANS_TAX_DETAIL_V,SKU_ID,NUMBER,No,No
INSTACART_DAILY_TRANS_TAX_DETAIL_V,STYLE_LONG_DESCRIPTION,TEXT,No,No
INSTACART_DAILY_TRANS_TAX_DETAIL_V,REFERENCE_NO,TEXT,No,No
INSTACART_DAILY_TRANS_TAX_DETAIL_V,POS_DISCOUNT_TYPE,NUMBER,No,No
INSTACART_DAILY_TRANS_TAX_DETAIL_V,LINE_NOTE,TEXT,No,No
INSTACART_DAILY_TRANS_TAX_DETAIL_V,NOTE_TYPE,NUMBER,No,No
INSTACART_DAILY_TRANS_TAX_DETAIL_V,SALESPERSON,NUMBER,No,No
INSTACART_DAILY_TRANS_TAX_DETAIL_V,CARD_TYPE,TEXT,No,No
INSTACART_DAILY_TRANS_TAX_DETAIL_V,APPROVAL_CODE,TEXT,No,No
INSTACART_DAILY_TRANS_TAX_SUMMARY_V,TRANSACTION_DATE,TIMESTAMP_NTZ,No,No
INSTACART_DAILY_TRANS_TAX_SUMMARY_V,STORE_NO,NUMBER,No,No
INSTACART_DAILY_TRANS_TAX_SUMMARY_V,TIER1_MERCH_AMT,NUMBER,No,No
INSTACART_DAILY_TRANS_TAX_SUMMARY_V,TIER1_DISC_AMT,NUMBER,No,No
INSTACART_DAILY_TRANS_TAX_SUMMARY_V,TIER1_TAX_AMT,NUMBER,No,No
INSTACART_DAILY_TRANS_TAX_SUMMARY_V,TIER2_MERCH_AMT,NUMBER,No,No
INSTACART_DAILY_TRANS_TAX_SUMMARY_V,TIER2_DISC_AMT,NUMBER,No,No
INSTACART_DAILY_TRANS_TAX_SUMMARY_V,TIER2_TAX_AMT,NUMBER,No,No
INSTACART_DAILY_TRANS_TAX_SUMMARY_V,TAXABLE_AMT,NUMBER,No,No
INSTACART_DAILY_TRANS_TAX_SUMMARY_V,NON_TAXABLE_AMT,NUMBER,No,No
INSTACART_DAILY_TRANS_TAX_SUMMARY_V,TAX_COLLECTED,NUMBER,No,No
INSTACART_DAILY_TRANS_TAX_SUMMARY_V_BKUP,TRANSACTION_DATE,TIMESTAMP_NTZ,No,No
INSTACART_DAILY_TRANS_TAX_SUMMARY_V_BKUP,STORE_NO,NUMBER,No,No
INSTACART_DAILY_TRANS_TAX_SUMMARY_V_BKUP,TIER1_AMT,NUMBER,No,No
INSTACART_DAILY_TRANS_TAX_SUMMARY_V_BKUP,TIER2_AMT,NUMBER,No,No
INSTACART_DAILY_TRANS_TAX_SUMMARY_V_BKUP,TAXABLE_AMT,NUMBER,No,No
INSTACART_DAILY_TRANS_TAX_SUMMARY_V_BKUP,NON_TAXABLE_AMT,NUMBER,No,No
INSTACART_DAILY_TRANS_TAX_SUMMARY_V_BKUP,TAX_COLLECTED,NUMBER,No,No
INTRADAY_CONV_FORECAST,ID,NUMBER,No,No
INTRADAY_CONV_FORECAST,PLAN_YEAR,NUMBER,No,No
INTRADAY_CONV_FORECAST,STORE_NO,NUMBER,No,No
INTRADAY_CONV_FORECAST,LINE,NUMBER,No,No
INTRADAY_CONV_FORECAST,CALENDAR_DATE,TIMESTAMP_NTZ,No,No
INTRADAY_CONV_FORECAST,TOTAL_SALES,FLOAT,No,No
INTRADAY_CONV_FORECAST,ES_SALES,FLOAT,No,No
INTRADAY_CONV_FORECAST,VS_SALES,FLOAT,No,No
INTRADAY_CONV_FORECAST,WEB_SALES,FLOAT,No,No
INTRADAY_CONV_FORECAST,EMAIL_CAPTURE,FLOAT,No,No
INTRADAY_CONV_FORECAST,TRANSACTIONS,NUMBER,No,No
INTRADAY_CONV_FORECAST,ADP_ACTIVE_UNITS,FLOAT,No,No
INTRADAY_CONV_FORECAST,UNITS,FLOAT,No,No
INTRADAY_CONV_FORECAST,ADP_SALES,NUMBER,No,No
INTRADAY_CONV_FORECAST,ADP_PBSALES,FLOAT,No,No
INTRADAY_CONV_FORECAST,MATCHED_SALES_EXISTING,FLOAT,No,No
INTRADAY_CONV_FORECAST,MATCHED_SALES_NEW,FLOAT,No,No
INTRADAY_CONV_FORECAST,BOSS,FLOAT,No,No
INTRADAY_CONV_FORECAST,BOSS_PB_SALES,FLOAT,No,No
INTRADAY_CONV_FORECAST,TRAFFIC,FLOAT,No,No
INTRADAY_CONV_FORECAST,TRAFFIC_TRAN,FLOAT,No,No
INTRADAY_CONV_FORECAST_4PM_09182024,ID,NUMBER,No,No
INTRADAY_CONV_FORECAST_4PM_09182024,PLAN_YEAR,NUMBER,No,No
INTRADAY_CONV_FORECAST_4PM_09182024,STORE_NO,NUMBER,No,No
INTRADAY_CONV_FORECAST_4PM_09182024,LINE,NUMBER,No,No
INTRADAY_CONV_FORECAST_4PM_09182024,CALENDAR_DATE,TIMESTAMP_NTZ,No,No
INTRADAY_CONV_FORECAST_4PM_09182024,TOTAL_SALES,FLOAT,No,No
INTRADAY_CONV_FORECAST_4PM_09182024,ES_SALES,FLOAT,No,No
INTRADAY_CONV_FORECAST_4PM_09182024,VS_SALES,FLOAT,No,No
INTRADAY_CONV_FORECAST_4PM_09182024,WEB_SALES,FLOAT,No,No
INTRADAY_CONV_FORECAST_4PM_09182024,EMAIL_CAPTURE,FLOAT,No,No
INTRADAY_CONV_FORECAST_4PM_09182024,TRANSACTIONS,NUMBER,No,No
INTRADAY_CONV_FORECAST_4PM_09182024,ADP_ACTIVE_UNITS,FLOAT,No,No
INTRADAY_CONV_FORECAST_4PM_09182024,UNITS,FLOAT,No,No
INTRADAY_CONV_FORECAST_4PM_09182024,ADP_SALES,NUMBER,No,No
INTRADAY_CONV_FORECAST_4PM_09182024,ADP_PBSALES,FLOAT,No,No
INTRADAY_CONV_FORECAST_4PM_09182024,MATCHED_SALES_EXISTING,FLOAT,No,No
INTRADAY_CONV_FORECAST_4PM_09182024,MATCHED_SALES_NEW,FLOAT,No,No
INTRADAY_CONV_FORECAST_4PM_09182024,BOSS,FLOAT,No,No
INTRADAY_CONV_FORECAST_4PM_09182024,BOSS_PB_SALES,FLOAT,No,No
INTRADAY_CONV_FORECAST_4PM_09182024,TRAFFIC,FLOAT,No,No
INTRADAY_CONV_FORECAST_4PM_09182024,TRAFFIC_TRAN,FLOAT,No,No
INVBAL_INSTOCK,DATELOADED,DATE,No,No
INVBAL_INSTOCK,ISTORE,NUMBER,No,No
INVBAL_INSTOCK,SKU,NUMBER,No,No
INVBAL_INSTOCK,IBHAND,NUMBER,No,No
INVBAL_METRICS,DATELOADED,DATE,No,No
INVBAL_METRICS,SERVICING_DC,NUMBER,No,No
INVBAL_METRICS,STORE,NUMBER,No,No
INVBAL_METRICS,SKU,NUMBER,No,No
INVBAL_METRICS,SALES_EIGHT_WEEKS,NUMBER,No,No
INVBAL_METRICS,ALLOCATED_QUANTITY,NUMBER,No,No
INVBAL_METRICS,DC_AVAILABLE,NUMBER,No,No
INVBAL_METRICS,OH_COST,NUMBER,No,No
INVBAL_METRICS,OH_UNITS,NUMBER,No,No
INVBAL_METRICS,ON_ORDER_DOLLARS,NUMBER,No,No
INVBAL_METRICS,ON_ORDER_UNITS,NUMBER,No,No
INVBAL_METRICS,IN_TRANSIT,NUMBER,No,No
INVBAL_METRICS,IN_TRANSIT_DOLLARS,NUMBER,No,No
INVENTORY_GOAL_METRICS,DATE,TIMESTAMP_NTZ,No,No
INVENTORY_GOAL_METRICS,INBOUND_FREIGHT,FLOAT,No,No
INVENTORY_GOAL_METRICS,PRIVATE_BRAND_INSTOCK,FLOAT,No,No
INVENTORY_GOAL_METRICS,NV_INSTOCK,FLOAT,No,No
INVENTORY_GOAL_METRICS,TOTAL_INSTOCK,FLOAT,No,No
INVENTORY_GOAL_METRICS,TOP_100_INSTOCK,FLOAT,No,No
INVENTORY_GOAL_METRICS,TOP_500_INSTOCK,FLOAT,No,No
INVENTORY_GOAL_METRICS,TOP_1000_INSTOCK,FLOAT,No,No
INVENTORY_GOAL_METRICS,TOP_3000_INSTOCK,FLOAT,No,No
INVENTORY_GOAL_METRICS,PB_INVENTORY,TEXT,No,No
INVENTORY_GOAL_METRICS,NV_INVENTORY,TEXT,No,No
INVENTORY_GOAL_METRICS,TOTAL_INVENTORY,TEXT,No,No
INVMST_INSTOCK,DATELOADED,DATE,No,No
INVMST_INSTOCK,SKU,NUMBER,No,No
LATE_DELIEVERY_DAMAGES,DATE_UPLOADED,DATE,No,No
LATE_DELIEVERY_DAMAGES,DC,NUMBER,No,No
LATE_DELIEVERY_DAMAGES,ISSUE,TEXT,No,No
LATE_DELIEVERY_DAMAGES,TOTAL,NUMBER,No,No
LU_HOUR,HourID,NUMBER,No,No
LU_HOUR,Hour,TEXT,No,No
MARGIN,STORE_NO,NUMBER,No,No
MARGIN,TRANSACTION_DATE,TIMESTAMP_NTZ,No,No
MARGIN,CATEGORY,TEXT,No,No
MARGIN,BASKET_SPEND,NUMBER,No,No
MARGIN,ITEMS,NUMBER,No,No
MARGIN,COST,FLOAT,No,No
MARGIN,REGION_NAME,TEXT,No,No
MARGIN,CHANNEL,TEXT,No,No
MARGIN,BRAND_CATEGORY,TEXT,No,No
MARGIN,DIVISION_NAME,TEXT,No,No
MARGIN,STORE_NAME,TEXT,No,No
MARGIN,COMPSTATUS,NUMBER,No,No
MARGIN,SCANS,NUMBER,No,No
MARGIN,SKU_ID,NUMBER,No,No
MARGIN_2023_11_02,STORE_NO,NUMBER,No,No
MARGIN_2023_11_02,TRANSACTION_DATE,TIMESTAMP_NTZ,No,No
MARGIN_2023_11_02,CATEGORY,TEXT,No,No
MARGIN_2023_11_02,BASKET_SPEND,NUMBER,No,No
MARGIN_2023_11_02,ITEMS,NUMBER,No,No
MARGIN_2023_11_02,COST,FLOAT,No,No
MARGIN_2023_11_02,REGION_NAME,TEXT,No,No
MARGIN_2023_11_02,CHANNEL,TEXT,No,No
MARGIN_2023_11_02,BRAND_CATEGORY,TEXT,No,No
MARGIN_2023_11_02,DIVISION_NAME,TEXT,No,No
MARGIN_2023_11_02,STORE_NAME,TEXT,No,No
MARGIN_2023_11_02,COMPSTATUS,NUMBER,No,No
MARGIN_2023_11_02,SCANS,NUMBER,No,No
MARGIN_2023_11_02,SKU_ID,NUMBER,No,No
MARGIN_2023_11_02,PROMOTION_TYPE,TEXT,No,No
MARGIN_2023_11_29,STORE_NO,NUMBER,No,No
MARGIN_2023_11_29,TRANSACTION_DATE,TIMESTAMP_NTZ,No,No
MARGIN_2023_11_29,CATEGORY,TEXT,No,No
MARGIN_2023_11_29,BASKET_SPEND,NUMBER,No,No
MARGIN_2023_11_29,ITEMS,NUMBER,No,No
MARGIN_2023_11_29,COST,FLOAT,No,No
MARGIN_2023_11_29,REGION_NAME,TEXT,No,No
MARGIN_2023_11_29,CHANNEL,TEXT,No,No
MARGIN_2023_11_29,BRAND_CATEGORY,TEXT,No,No
MARGIN_2023_11_29,DIVISION_NAME,TEXT,No,No
MARGIN_2023_11_29,STORE_NAME,TEXT,No,No
MARGIN_2023_11_29,COMPSTATUS,NUMBER,No,No
MARGIN_2023_11_29,SCANS,NUMBER,No,No
MARGIN_2023_11_29,SKU_ID,NUMBER,No,No
MARGIN_2023_11_29,PROMOTION_TYPE,TEXT,No,No
MARGIN_AA,TRANSACTION_DATE,DATE,No,No
MARGIN_AA,CHANNEL,TEXT,No,No
MARGIN_AA,DIVISION_NAME,TEXT,No,No
MARGIN_AA,REGION_NAME,TEXT,No,No
MARGIN_AA,STORE_NO,NUMBER,No,No
MARGIN_AA,STORE_NAME,TEXT,No,No
MARGIN_AA,COMPSTATUS,NUMBER,No,No
MARGIN_AA,BRAND_CATEGORY,TEXT,No,No
MARGIN_AA,CATEGORY,TEXT,No,No
MARGIN_AA,SKU_ID,NUMBER,No,No
MARGIN_AA,BASKET_SPEND,NUMBER,No,No
MARGIN_AA,ITEMS,NUMBER,No,No
MARGIN_AA,COST,FLOAT,No,No
MARGIN_AA,SCANS,NUMBER,No,No
MARGIN_BACKUP,TRANSACTION_DATE,DATE,No,No
MARGIN_BACKUP,CHANNEL,TEXT,No,No
MARGIN_BACKUP,DIVISION_NAME,TEXT,No,No
MARGIN_BACKUP,REGION_NAME,TEXT,No,No
MARGIN_BACKUP,STORE_NO,NUMBER,No,No
MARGIN_BACKUP,STORE_NAME,TEXT,No,No
MARGIN_BACKUP,COMPSTATUS,NUMBER,No,No
MARGIN_BACKUP,BRAND_CATEGORY,TEXT,No,No
MARGIN_BACKUP,CATEGORY,TEXT,No,No
MARGIN_BACKUP,SKU_ID,NUMBER,No,No
MARGIN_BACKUP,BASKET_SPEND,NUMBER,No,No
MARGIN_BACKUP,ITEMS,NUMBER,No,No
MARGIN_BACKUP,COST,FLOAT,No,No
MARGIN_BACKUP,SCANS,NUMBER,No,No
MARGIN_MONTHLY,FISCAL_YEAR,NUMBER,No,No
MARGIN_MONTHLY,FISCAL_MONTH,NUMBER,No,No
MARGIN_MONTHLY,TRANSACTION_DATE,DATE,No,No
MARGIN_MONTHLY,CHANNEL,TEXT,No,No
MARGIN_MONTHLY,DIVISION_NAME,TEXT,No,No
MARGIN_MONTHLY,REGION_NAME,TEXT,No,No
MARGIN_MONTHLY,STORE_NO,NUMBER,No,No
MARGIN_MONTHLY,STORE_NAME,TEXT,No,No
MARGIN_MONTHLY,COMPSTATUS,NUMBER,No,No
MARGIN_MONTHLY,BRAND_CATEGORY,TEXT,No,No
MARGIN_MONTHLY,CATEGORY,TEXT,No,No
MARGIN_MONTHLY,SKU_ID,NUMBER,No,No
MARGIN_MONTHLY,BASKET_SPEND,NUMBER,No,No
MARGIN_MONTHLY,ITEMS,NUMBER,No,No
MARGIN_MONTHLY,COST,FLOAT,No,No
MARGIN_MONTHLY,SCANS,NUMBER,No,No
MARGIN_NEW,STORE_NO,NUMBER,No,No
MARGIN_NEW,TRANSACTION_DATE,TIMESTAMP_NTZ,No,No
MARGIN_NEW,CATEGORY,TEXT,No,No
MARGIN_NEW,BASKET_SPEND,NUMBER,No,No
MARGIN_NEW,ITEMS,NUMBER,No,No
MARGIN_NEW,COST,FLOAT,No,No
MARGIN_NEW,REGION_NAME,TEXT,No,No
MARGIN_NEW,CHANNEL,TEXT,No,No
MARGIN_NEW,BRAND_CATEGORY,TEXT,No,No
MARGIN_NEW,DIVISION_NAME,TEXT,No,No
MARGIN_NEW,STORE_NAME,TEXT,No,No
MARGIN_NEW,COMPSTATUS,NUMBER,No,No
MARGIN_NEW,SCANS,NUMBER,No,No
MARGIN_NEW,SKU_ID,NUMBER,No,No
MARGIN_NH,STORE_NO,NUMBER,No,No
MARGIN_NH,TRANSACTION_DATE,TIMESTAMP_NTZ,No,No
MARGIN_NH,CATEGORY,TEXT,No,No
MARGIN_NH,BASKET_SPEND,NUMBER,No,No
MARGIN_NH,ITEMS,NUMBER,No,No
MARGIN_NH,COST,FLOAT,No,No
MARGIN_NH,REGION_NAME,TEXT,No,No
MARGIN_NH,CHANNEL,TEXT,No,No
MARGIN_NH,BRAND_CATEGORY,TEXT,No,No
MARGIN_NH,DIVISION_NAME,TEXT,No,No
MARGIN_NH,STORE_NAME,TEXT,No,No
MARGIN_NH,COMPSTATUS,NUMBER,No,No
MARGIN_NH,SCANS,NUMBER,No,No
MARGIN_NH,SKU_ID,NUMBER,No,No
MARGIN_PROMOTION,STORE_NO,NUMBER,No,No
MARGIN_PROMOTION,TRANSACTION_DATE,TIMESTAMP_NTZ,No,No
MARGIN_PROMOTION,CATEGORY,TEXT,No,No
MARGIN_PROMOTION,BASKET_SPEND,NUMBER,No,No
MARGIN_PROMOTION,ITEMS,NUMBER,No,No
MARGIN_PROMOTION,COST,FLOAT,No,No
MARGIN_PROMOTION,REGION_NAME,TEXT,No,No
MARGIN_PROMOTION,CHANNEL,TEXT,No,No
MARGIN_PROMOTION,BRAND_CATEGORY,TEXT,No,No
MARGIN_PROMOTION,DIVISION_NAME,TEXT,No,No
MARGIN_PROMOTION,STORE_NAME,TEXT,No,No
MARGIN_PROMOTION,COMPSTATUS,NUMBER,No,No
MARGIN_PROMOTION,SCANS,NUMBER,No,No
MARGIN_PROMOTION,SKU_ID,NUMBER,No,No
MARGIN_PROMOTION,PROMOTION_TYPE,TEXT,No,No
MARGIN_STAN,TRANSACTION_DATE,DATE,No,No
MARGIN_STAN,CHANNEL,TEXT,No,No
MARGIN_STAN,DIVISION_NAME,TEXT,No,No
MARGIN_STAN,REGION_NAME,TEXT,No,No
MARGIN_STAN,STORE_NO,NUMBER,No,No
MARGIN_STAN,STORE_NAME,TEXT,No,No
MARGIN_STAN,COMPSTATUS,NUMBER,No,No
MARGIN_STAN,BRAND_CATEGORY,TEXT,No,No
MARGIN_STAN,CATEGORY,TEXT,No,No
MARGIN_STAN,SKU_ID,NUMBER,No,No
MARGIN_STAN,BASKET_SPEND,NUMBER,No,No
MARGIN_STAN,ITEMS,NUMBER,No,No
MARGIN_STAN,COST,FLOAT,No,No
MARGIN_STAN,SCANS,NUMBER,No,No
MARGIN_WK40,TRANSACTION_DATE,DATE,No,No
MARGIN_WK40,CHANNEL,TEXT,No,No
MARGIN_WK40,DIVISION_NAME,TEXT,No,No
MARGIN_WK40,REGION_NAME,TEXT,No,No
MARGIN_WK40,STORE_NO,NUMBER,No,No
MARGIN_WK40,STORE_NAME,TEXT,No,No
MARGIN_WK40,COMPSTATUS,NUMBER,No,No
MARGIN_WK40,BRAND_CATEGORY,TEXT,No,No
MARGIN_WK40,CATEGORY,TEXT,No,No
MARGIN_WK40,SKU_ID,NUMBER,No,No
MARGIN_WK40,BASKET_SPEND,NUMBER,No,No
MARGIN_WK40,ITEMS,NUMBER,No,No
MARGIN_WK40,COST,FLOAT,No,No
MARGIN_WK40,SCANS,NUMBER,No,No
MARKDOWNS_SUMMARY,MARKDOWN_DETAIL,TEXT,No,No
MARKDOWNS_SUMMARY,MARKDOWN_SALES,NUMBER,No,No
MARKDOWNS_SUMMARY,MARKDOWN_DISCOUNT,NUMBER,No,No
MARKDOWNS_SUMMARY,STORE_NO,FLOAT,No,No
MARKDOWNS_SUMMARY,MARK_DOWN,TEXT,No,No
MARKDOWNS_SUMMARY,TRANSACTION_DATE,DATE,No,No
MARKDOWNS_SUMMARY,CHANNEL,TEXT,No,No
MARKDOWNS_SUMMARY,TRANSACTION_ID,NUMBER,No,No
MARKDOWNS_SUMMARY,REGISTER_NO,NUMBER,No,No
MATURITYSTOREGROUPING,CATEGORYGRP,TEXT,No,No
MATURITYSTOREGROUPING,CATEGORY,TEXT,No,No
MATURITYSTOREGROUPING,CATEGORYDESC,TEXT,No,No
MATURITYSTOREGROUPING,CATEGORYRANK,NUMBER,No,No
MATURITYSTOREGROUPING,STORE,NUMBER,No,No
MERCHANDISE_DETAIL_V,TRANSACTION_ID,NUMBER,No,No
MERCHANDISE_DETAIL_V,LINE_ID,NUMBER,No,No
MERCHANDISE_DETAIL_V,MERCHANDISE_CATEGORY,NUMBER,No,No
MERCHANDISE_DETAIL_V,UPC_LOOKUP_DIVISION,NUMBER,No,No
MERCHANDISE_DETAIL_V,UPC_NO,NUMBER,No,No
MERCHANDISE_DETAIL_V,UNITS,NUMBER,No,No
MERCHANDISE_DETAIL_V,SALESPERSON,NUMBER,No,No
MERCHANDISE_DETAIL_V,SALESPERSON2,NUMBER,No,No
MERCHANDISE_DETAIL_V,SKU_ID,NUMBER,No,No
MERCHANDISE_DETAIL_V,STYLE_REFERENCE_ID,NUMBER,No,No
MERCHANDISE_DETAIL_V,CLASS_CODE,NUMBER,No,No
MERCHANDISE_DETAIL_V,SUBCLASS_CODE,NUMBER,No,No
MERCHANDISE_DETAIL_V,PRICE_OVERRIDE,NUMBER,No,No
MERCHANDISE_DETAIL_V,POS_IPLU_MISSING,NUMBER,No,No
MERCHANDISE_DETAIL_V,UPC_ON_FILE_FLAG,NUMBER,No,No
MERCHANDISE_DETAIL_V,SALESPERSON_ON_FILE_FLAG,NUMBER,No,No
MERCHANDISE_DETAIL_V,SALESPERSON2_ON_FILE_FLAG,NUMBER,No,No
MERCHANDISE_DETAIL_V,POS_DEPTCLASS,NUMBER,No,No
MERCHANDISE_DETAIL_V,TICKET_PRICE,NUMBER,No,No
MERCHANDISE_DETAIL_V,SOLD_AT_PRICE,NUMBER,No,No
MERCHANDISE_DETAIL_V,SCANNED,NUMBER,No,No
MERCHANDISE_DETAIL_V,POS_IDENTIFIER,TEXT,No,No
MERCHANDISE_DETAIL_V,POS_IDENTIFIER_TYPE,NUMBER,No,No
MERCHANDISE_DETAIL_V,PLU_PRICE,NUMBER,No,No
MERCHANDISE_DETAIL_V,ORIGINATING_STORE_NO,NUMBER,No,No
MERCHANDISE_DETAIL_V,SOURCE_STORE_NO,NUMBER,No,No
MERCHANDISE_DETAIL_V,FULFILLMENT_STORE_NO,NUMBER,No,No
MERCHANDISE_DETAIL_V,COST,NUMBER,No,No
MERCH_FORECAST,CALENDAR_DATE,DATE,No,No
MERCH_FORECAST,CHANNEL,TEXT,No,No
MERCH_FORECAST,DEPARTMENT_ID,NUMBER,No,No
MERCH_FORECAST,DIVISION_ID,NUMBER,No,No
MERCH_FORECAST,CATEGORY,TEXT,No,No
MERCH_FORECAST,SALES_FORECAST,FLOAT,No,No
MERCH_FORECAST,MARGIN_FORECAST,FLOAT,No,No
MERCH_FORECAST_0823,CALENDAR_DATE,DATE,No,No
MERCH_FORECAST_0823,CHANNEL,TEXT,No,No
MERCH_FORECAST_0823,DEPARTMENT_ID,NUMBER,No,No
MERCH_FORECAST_0823,DIVISION_ID,NUMBER,No,No
MERCH_FORECAST_0823,CATEGORY,TEXT,No,No
MERCH_FORECAST_0823,SALES_FORECAST,FLOAT,No,No
MERCH_FORECAST_0823,MARGIN_FORECAST,FLOAT,No,No
MERCH_FORECAST_BACKUP,CALENDAR_DATE,DATE,No,No
MERCH_FORECAST_BACKUP,CHANNEL,TEXT,No,No
MERCH_FORECAST_BACKUP,DEPARTMENT_ID,NUMBER,No,No
MERCH_FORECAST_BACKUP,DIVISION_ID,NUMBER,No,No
MERCH_FORECAST_BACKUP,CATEGORY,TEXT,No,No
MERCH_FORECAST_BACKUP,SALES_FORECAST,FLOAT,No,No
MERCH_FORECAST_BACKUP,MARGIN_FORECAST,FLOAT,No,No
MERCH_FORECAST_BACKUP_0601,CALENDAR_DATE,DATE,No,No
MERCH_FORECAST_BACKUP_0601,CHANNEL,TEXT,No,No
MERCH_FORECAST_BACKUP_0601,DEPARTMENT_ID,NUMBER,No,No
MERCH_FORECAST_BACKUP_0601,DIVISION_ID,NUMBER,No,No
MERCH_FORECAST_BACKUP_0601,CATEGORY,TEXT,No,No
MERCH_FORECAST_BACKUP_0601,SALES_FORECAST,FLOAT,No,No
MERCH_FORECAST_BACKUP_0601,MARGIN_FORECAST,FLOAT,No,No
MERCH_FORECAST_SUBDEPT,CALENDAR_DATE,DATE,No,No
MERCH_FORECAST_SUBDEPT,CHANNEL,TEXT,No,No
MERCH_FORECAST_SUBDEPT,DEPARTMENT_ID,NUMBER,No,No
MERCH_FORECAST_SUBDEPT,DIVISION_ID,NUMBER,No,No
MERCH_FORECAST_SUBDEPT,CATEGORY,TEXT,No,No
MERCH_FORECAST_SUBDEPT,SALES_FORECAST,FLOAT,No,No
MERCH_FORECAST_SUBDEPT,MARGIN_FORECAST,FLOAT,No,No
MERCH_FORECAST_SUBDEPT,SUB_DEPARTMENT_ID,NUMBER,No,No
MERCH_FORECAST_SUBDEPT_0908,CALENDAR_DATE,DATE,No,No
MERCH_FORECAST_SUBDEPT_0908,CHANNEL,TEXT,No,No
MERCH_FORECAST_SUBDEPT_0908,DEPARTMENT_ID,NUMBER,No,No
MERCH_FORECAST_SUBDEPT_0908,DIVISION_ID,NUMBER,No,No
MERCH_FORECAST_SUBDEPT_0908,CATEGORY,TEXT,No,No
MERCH_FORECAST_SUBDEPT_0908,SALES_FORECAST,FLOAT,No,No
MERCH_FORECAST_SUBDEPT_0908,MARGIN_FORECAST,FLOAT,No,No
MERCH_FORECAST_SUBDEPT_0908,SUB_DEPARTMENT_ID,NUMBER,No,No
MERCH_FORECAST_SUBDEPT_BACKUP,CALENDAR_DATE,DATE,No,No
MERCH_FORECAST_SUBDEPT_BACKUP,CHANNEL,TEXT,No,No
MERCH_FORECAST_SUBDEPT_BACKUP,DEPARTMENT_ID,NUMBER,No,No
MERCH_FORECAST_SUBDEPT_BACKUP,DIVISION_ID,NUMBER,No,No
MERCH_FORECAST_SUBDEPT_BACKUP,CATEGORY,TEXT,No,No
MERCH_FORECAST_SUBDEPT_BACKUP,SALES_FORECAST,FLOAT,No,No
MERCH_FORECAST_SUBDEPT_BACKUP,MARGIN_FORECAST,FLOAT,No,No
MERCH_FORECAST_SUBDEPT_BACKUP,SUB_DEPARTMENT_ID,NUMBER,No,No
MPOS_SALES_REPORTING_DETAIL,ENTRY_DATE_TIME,TIMESTAMP_NTZ,No,No
MPOS_SALES_REPORTING_DETAIL,STORE_NO,NUMBER,No,No
MPOS_SALES_REPORTING_DETAIL,SALES,NUMBER,No,No
MPOS_SALES_REPORTING_DETAIL,TRANSACTIONS,NUMBER,No,No
MPOS_SALES_REPORTING_DETAIL,UNITS,NUMBER,No,No
MPOS_SALES_REPORTING_DETAIL,TRAFFIC,NUMBER,No,No
MSTR_CUBE_REFRESH,ID,NUMBER,No,No
MSTR_CUBE_REFRESH,STATUS_DATETIME,TIMESTAMP_TZ,No,No
MSTR_CUBE_REFRESH,STATUS_FLAG,NUMBER,No,No
MSTR_CUBE_REFRESH,DASHBOARD,TEXT,No,No
MSTR_CUBE_REFRESH,ACCOUNT,TEXT,No,No
MSTR_CUBE_REFRESH,STATUS_MESSAGE,TEXT,No,No
MSTR_CUBE_REFRESH_STATUS_V,REFRESH_DATE,DATE,No,No
MSTR_CUBE_REFRESH_STATUS_V,REPORT_ID,NUMBER,No,No
MSTR_CUBE_REFRESH_STATUS_V,REPORT_NAME,TEXT,No,No
MSTR_CUBE_REFRESH_STATUS_V,REFRESH_STATUS,NUMBER,No,No
MSTR_CUBE_REFRESH_STATUS_V,REFRESH_TIME,TIMESTAMP_NTZ,No,No
MSTR_CUBE_REFRESH_STATUS_V,DELIVERY_TYPE,TEXT,No,No
MSTR_CUBE_REFRESH_STATUS_V,FREQUENCY,TEXT,No,No
MSTR_CUBE_REFRESH_STATUS_V,SLA_TIMESTAMP,TEXT,No,No
MSTR_DIM_CANCEL_REASON,CANCEL_REASON_ID,TEXT,No,No
MSTR_DIM_CANCEL_REASON,CANCEL_REASON_DESC,TEXT,No,No
MSTR_KPI_DASHBOARD_VS_CHANGE,TRANSACTION_DATE,DATE,No,No
MSTR_KPI_DASHBOARD_VS_CHANGE,STORE_NO,NUMBER,No,No
MSTR_KPI_DASHBOARD_VS_CHANGE,COMPSTATUS,NUMBER,No,No
MSTR_KPI_DASHBOARD_VS_CHANGE,NETAMOUNT,NUMBER,No,No
MSTR_KPI_DASHBOARD_VS_CHANGE,PLAN_NETAMOUNT,NUMBER,No,No
MSTR_KPI_DASHBOARD_VS_CHANGE,VS_NETAMOUNT,NUMBER,No,No
MSTR_KPI_DASHBOARD_VS_CHANGE,VS_PLANNETAMOUNT,NUMBER,No,No
MSTR_KPI_DASHBOARD_VS_CHANGE,UNITS,NUMBER,No,No
MSTR_KPI_DASHBOARD_VS_CHANGE,PLAN_UNITS,NUMBER,No,No
MSTR_KPI_DASHBOARD_VS_CHANGE,TRANSACTIONS,NUMBER,No,No
MSTR_KPI_DASHBOARD_VS_CHANGE,PLAN_TRANSACTIONS,NUMBER,No,No
MSTR_KPI_DASHBOARD_VS_CHANGE,BOPUS_NETAMOUNT,NUMBER,No,No
MSTR_KPI_DASHBOARD_VS_CHANGE,BOPUS_PLANNETAMOUNT,NUMBER,No,No
MSTR_KPI_DASHBOARD_VS_CHANGE,BOSS_NETAMOUNT,NUMBER,No,No
MSTR_KPI_DASHBOARD_VS_CHANGE,BOSS_PLANNETAMOUNT,NUMBER,No,No
MSTR_KPI_DASHBOARD_VS_CHANGE,VS_BOSS_NETAMOUNT,NUMBER,No,No
MSTR_KPI_DASHBOARD_VS_CHANGE,VS_BOSS_PLANNETAMOUNT,NUMBER,No,No
MSTR_KPI_DASHBOARD_VS_CHANGE,ADP_BOSS_NETAMOUNT,NUMBER,No,No
MSTR_KPI_DASHBOARD_VS_CHANGE,ADP_BOSS_PLANNETAMOUNT,NUMBER,No,No
MSTR_KPI_DASHBOARD_VS_CHANGE,ADP_NETAMOUNT,NUMBER,No,No
MSTR_KPI_DASHBOARD_VS_CHANGE,ADP_PLANNETAMOUNT,NUMBER,No,No
MSTR_KPI_DASHBOARD_VS_CHANGE,ADP_VSNETAMOUNT,NUMBER,No,No
MSTR_KPI_DASHBOARD_VS_CHANGE,VS_ADPPLANNETAMOUNT,NUMBER,No,No
MSTR_KPI_DASHBOARD_VS_CHANGE,EXISTING_CUSTOMERS_SALES,NUMBER,No,No
MSTR_KPI_DASHBOARD_VS_CHANGE,EXISTING_CUSTOMERS_PLAN_SALES,NUMBER,No,No
MSTR_KPI_DASHBOARD_VS_CHANGE,NEW_CUSTOMERS_SALES,NUMBER,No,No
MSTR_KPI_DASHBOARD_VS_CHANGE,NEW_CUSTOMERS__PLAN_SALES,NUMBER,No,No
MSTR_KPI_DASHBOARD_VS_CHANGE,CUSTOMER_TRAFFIC,NUMBER,No,No
MSTR_KPI_DASHBOARD_VS_CHANGE,CUSTOMER_TRAFFIC_COMP,NUMBER,No,No
MSTR_KPI_DASHBOARD_VS_CHANGE,CUSTOMER_TRAFFIC_PLAN,NUMBER,No,No
MSTR_KPI_DASHBOARD_VS_CHANGE,TRAFFIC_NETAMOUNT,NUMBER,No,No
MSTR_KPI_DASHBOARD_VS_CHANGE,TRAFFIC_PLAN_NETAMOUNT,NUMBER,No,No
MSTR_KPI_DASHBOARD_VS_CHANGE,TRAFFIC_TRANSACTIONS,NUMBER,No,No
MSTR_KPI_DASHBOARD_VS_CHANGE,TRAFFIC_TRANSACTIONS_PLAN,NUMBER,No,No
MSTR_KPI_DASHBOARD_VS_CHANGE,NEW_SUBSCRIPTION_UNITS,NUMBER,No,No
MSTR_KPI_DASHBOARD_VS_CHANGE,ES_NETAMOUNT,NUMBER,No,No
MSTR_KPI_DASHBOARD_VS_CHANGE,ES_PLANNETAMOUNT,NUMBER,No,No
MSTR_KPI_DASHBOARD_VS_CHANGE,HA_SIGNUPS,NUMBER,No,No
MSTR_KPI_DASHBOARD_VS_CHANGE,AD_SIGNUPS,NUMBER,No,No
MSTR_KPI_DASHBOARD_VS_CHANGE,PLAN_HA_SIGNUPS,NUMBER,No,No
MSTR_KPI_DASHBOARD_VS_CHANGE,TOT_HRS,NUMBER,No,No
MSTR_KPI_DASHBOARD_VS_CHANGE,PLAN_TOT_HRS,NUMBER,No,No
MSTR_KPI_DASHBOARD_VS_CHANGE,TOTAL_CUSTOMERS,NUMBER,No,No
MSTR_KPI_DASHBOARD_VS_CHANGE,EMAILABLE_CUSTOMERS,NUMBER,No,No
MSTR_KPI_DASHBOARD_VS_CHANGE,EMAIL_CAPTURE_RATE,NUMBER,No,No
MSTR_KPI_DASHBOARD_VS_CHANGE,PLAN_EMAIL_CAPTURE_RATE,NUMBER,No,No
MSTR_KPI_DASHBOARD_VS_CHANGE,PLAN_AD_SIGNUPS,NUMBER,No,No
MSTR_KPI_DASHBOARD_VS_CHANGE,CONV_PLAN,NUMBER,No,No
MSTR_MARGIN_DATE,DATE,DATE,No,No
MSTR_PROMO_AMOUNTS,TRANSACTION_DATE,TIMESTAMP_NTZ,No,No
MSTR_PROMO_AMOUNTS,STORE_NO,NUMBER,No,No
MSTR_PROMO_AMOUNTS,CHANNEL,TEXT,No,No
MSTR_PROMO_AMOUNTS,NETAMOUNT,NUMBER,No,No
MSTR_PROMO_AMOUNTS,OMS_NETAMOUNT,NUMBER,No,No
MSTR_PROMO_AMOUNTS,ADP_REPLENISHMENT_DISCOUNT,NUMBER,No,No
MSTR_PROMO_AMOUNTS,ADP_FIRST_ORDER_DISCOUNT,NUMBER,No,No
MSTR_PROMO_AMOUNTS,COMPLEX_PROMO_NVS_SCANS,NUMBER,No,No
MSTR_PROMO_AMOUNTS,COMPLEX_PROMO_VS_SCANS,NUMBER,No,No
MSTR_QTD_LU,CALENDAR_DATE,DATE,No,No
MSTR_QTD_LU,QTD_DAY_ID,DATE,No,No
MSTR_SR2_VSION_REPORTING,TRANSACTION_DATE,DATE,No,No
MSTR_SR2_VSION_REPORTING,LY_TRANSACTION_DATE,DATE,No,No
MSTR_SR2_VSION_REPORTING,LYLY_TRANSACTION_DATE,DATE,No,No
MSTR_SR2_VSION_REPORTING,CHANNEL,TEXT,No,No
MSTR_SR2_VSION_REPORTING,STORE_NO,NUMBER,No,No
MSTR_SR2_VSION_REPORTING,SALES,NUMBER,No,No
MSTR_SR2_VSION_REPORTING,COMP_SALES,NUMBER,No,No
MSTR_SR2_VSION_REPORTING,BOPUS_SALES,NUMBER,No,No
MSTR_SR2_VSION_REPORTING,COMP_BOPUS_SALES,NUMBER,No,No
MSTR_SR2_VSION_REPORTING,SALES_PLAN,NUMBER,No,No
MSTR_SR2_VSION_REPORTING,COMP_PLAN,NUMBER,No,No
MSTR_SR2_VSION_REPORTING,FORECAST,NUMBER,No,No
MSTR_SR2_VSION_REPORTING,COMP_FORECAST,NUMBER,No,No
MSTR_SR2_VSION_REPORTING,LYCOMP_SALES,NUMBER,No,No
MSTR_SR2_VSION_REPORTING,LYCOMP_BOPUS_SALES,NUMBER,No,No
MSTR_SR2_VSION_REPORTING,TYTYCOMP_SALES,NUMBER,No,No
MSTR_SR2_VSION_REPORTING,LYLYCOMP_SALES,NUMBER,No,No
MSTR_SR2_VSION_REPORTING,TYTYCOMP_BOPUS_SALES,NUMBER,No,No
MSTR_SR2_VSION_REPORTING,LYLYCOMP_BOPUS_SALES,NUMBER,No,No
MSTR_SR2_VSION_REPORTING_LYCOMP,TRANSACTION_DATE,DATE,No,No
MSTR_SR2_VSION_REPORTING_LYCOMP,LY_TRANSACTION_DATE,DATE,No,No
MSTR_SR2_VSION_REPORTING_LYCOMP,LYLY_TRANSACTION_DATE,DATE,No,No
MSTR_SR2_VSION_REPORTING_LYCOMP,CHANNEL,TEXT,No,No
MSTR_SR2_VSION_REPORTING_LYCOMP,STORE_NO,NUMBER,No,No
MSTR_SR2_VSION_REPORTING_LYCOMP,COMP_SALES,NUMBER,No,No
MSTR_SR2_VSION_REPORTING_LYCOMP,LYCOMP_SALES,NUMBER,No,No
MSTR_SR2_VSION_REPORTING_LYCOMP,LYCOMP_BOPUS_SALES,NUMBER,No,No
MSTR_SR2_VSION_REPORTING_LYCOMP,TYTYCOMP_SALES,NUMBER,No,No
MSTR_SR2_VSION_REPORTING_LYCOMP,LYLYCOMP_SALES,NUMBER,No,No
MSTR_SR2_VSION_REPORTING_LYCOMP,TYTYCOMP_BOPUS_SALES,NUMBER,No,No
MSTR_SR2_VSION_REPORTING_LYCOMP,LYLYCOMP_BOPUS_SALES,NUMBER,No,No
MSTR_TEMPT1GAJGU9USP000,YESTERDAY,TEXT,No,No
MSTR_TEMPT1GAJGU9USP000,TODAYLY,TEXT,No,No
MSTR_TEMPT1GAJGU9USP000,TODAY,TEXT,No,No
MSTR_TEMPT1GAJGU9USP000,TYEAR,TEXT,No,No
MSTR_TEMPT1GAJGU9USP000,TWEEKLY,TEXT,No,No
MSTR_TEMPT1GAJGU9USP000,TWEEK,TEXT,No,No
MSTR_TEMPT1GAJGU9USP000,TQTR,TEXT,No,No
MSTR_TEMPT1GAJGU9USP000,TQTR0,TEXT,No,No
MSTR_TEMPT1GAJGU9USP000,TMONTH,TEXT,No,No
MSTR_TEMPT1GAJGU9USP000,TMONTH0,TEXT,No,No
MSTR_TEMPT1GAJGU9USP000,STORE_NO,NUMBER,No,No
MSTR_TEMPT1GAJGU9USP000,LYEAR,TEXT,No,No
MSTR_TEMPT1GAJGU9USP000,LWEEK,TEXT,No,No
MSTR_TEMPT1GAJGU9USP000,LWEEK0,TEXT,No,No
MSTR_TEMPT1GAJGU9USP000,HOURID,NUMBER,No,No
MSTR_TEMPT1GAJGU9USP000,TRANSACTION_DATE,DATE,No,No
MSTR_TEMPT1GAJGU9USP000,CHANNEL,TEXT,No,No
MSTR_TEMPT1GAJGU9USP000,WJXBFS1,NUMBER,No,No
MSTR_TEMPT1GAJGU9USP000,WJXBFS2,NUMBER,No,No
MSTR_TEMPT1JA95XSESP001,YESTERDAY,TEXT,No,No
MSTR_TEMPT1JA95XSESP001,TODAYLY,TEXT,No,No
MSTR_TEMPT1JA95XSESP001,TODAY,TEXT,No,No
MSTR_TEMPT1JA95XSESP001,TYEAR,TEXT,No,No
MSTR_TEMPT1JA95XSESP001,TWEEKLY,TEXT,No,No
MSTR_TEMPT1JA95XSESP001,TWEEK,TEXT,No,No
MSTR_TEMPT1JA95XSESP001,TQTR,TEXT,No,No
MSTR_TEMPT1JA95XSESP001,TQTR0,TEXT,No,No
MSTR_TEMPT1JA95XSESP001,TMONTH,TEXT,No,No
MSTR_TEMPT1JA95XSESP001,TMONTH0,TEXT,No,No
MSTR_TEMPT1JA95XSESP001,STORE_NO,NUMBER,No,No
MSTR_TEMPT1JA95XSESP001,LYEAR,TEXT,No,No
MSTR_TEMPT1JA95XSESP001,LWEEK,TEXT,No,No
MSTR_TEMPT1JA95XSESP001,LWEEK0,TEXT,No,No
MSTR_TEMPT1JA95XSESP001,HOURID,NUMBER,No,No
MSTR_TEMPT1JA95XSESP001,TRANSACTION_DATE,DATE,No,No
MSTR_TEMPT1JA95XSESP001,CHANNEL,TEXT,No,No
MSTR_TEMPT1JA95XSESP001,WJXBFS1,FLOAT,No,No
MSTR_TEMPT51VX8HHYSP004,YESTERDAY,TEXT,No,No
MSTR_TEMPT51VX8HHYSP004,TODAYLY,TEXT,No,No
MSTR_TEMPT51VX8HHYSP004,TODAY,TEXT,No,No
MSTR_TEMPT51VX8HHYSP004,TYEAR,TEXT,No,No
MSTR_TEMPT51VX8HHYSP004,TWEEKLY,TEXT,No,No
MSTR_TEMPT51VX8HHYSP004,TWEEK,TEXT,No,No
MSTR_TEMPT51VX8HHYSP004,TQTR,TEXT,No,No
MSTR_TEMPT51VX8HHYSP004,TQTR0,TEXT,No,No
MSTR_TEMPT51VX8HHYSP004,TMONTH,TEXT,No,No
MSTR_TEMPT51VX8HHYSP004,TMONTH0,TEXT,No,No
MSTR_TEMPT51VX8HHYSP004,STORE_NO,NUMBER,No,No
MSTR_TEMPT51VX8HHYSP004,LYEAR,TEXT,No,No
MSTR_TEMPT51VX8HHYSP004,LWEEK,TEXT,No,No
MSTR_TEMPT51VX8HHYSP004,LWEEK0,TEXT,No,No
MSTR_TEMPT51VX8HHYSP004,HOURID,NUMBER,No,No
MSTR_TEMPT51VX8HHYSP004,TRANSACTION_DATE,DATE,No,No
MSTR_TEMPT51VX8HHYSP004,CHANNEL,TEXT,No,No
MSTR_TEMPT51VX8HHYSP004,WJXBFS1,FLOAT,No,No
MSTR_TEMPT52U6C6JQSP003,YESTERDAY,TEXT,No,No
MSTR_TEMPT52U6C6JQSP003,TODAYLY,TEXT,No,No
MSTR_TEMPT52U6C6JQSP003,TODAY,TEXT,No,No
MSTR_TEMPT52U6C6JQSP003,TYEAR,TEXT,No,No
MSTR_TEMPT52U6C6JQSP003,TWEEKLY,TEXT,No,No
MSTR_TEMPT52U6C6JQSP003,TWEEK,TEXT,No,No
MSTR_TEMPT52U6C6JQSP003,TQTR,TEXT,No,No
MSTR_TEMPT52U6C6JQSP003,TQTR0,TEXT,No,No
MSTR_TEMPT52U6C6JQSP003,TMONTH,TEXT,No,No
MSTR_TEMPT52U6C6JQSP003,TMONTH0,TEXT,No,No
MSTR_TEMPT52U6C6JQSP003,STORE_NO,NUMBER,No,No
MSTR_TEMPT52U6C6JQSP003,LYEAR,TEXT,No,No
MSTR_TEMPT52U6C6JQSP003,LWEEK,TEXT,No,No
MSTR_TEMPT52U6C6JQSP003,LWEEK0,TEXT,No,No
MSTR_TEMPT52U6C6JQSP003,HOURID,NUMBER,No,No
MSTR_TEMPT52U6C6JQSP003,TRANSACTION_DATE,DATE,No,No
MSTR_TEMPT52U6C6JQSP003,CHANNEL,TEXT,No,No
MSTR_TEMPT52U6C6JQSP003,WJXBFS1,NUMBER,No,No
MSTR_TEMPT52U6C6JQSP003,WJXBFS2,NUMBER,No,No
MSTR_TEMPT6ECUQS2EMD002,YESTERDAY,TEXT,No,No
MSTR_TEMPT6ECUQS2EMD002,TODAYLY,TEXT,No,No
MSTR_TEMPT6ECUQS2EMD002,TODAY,TEXT,No,No
MSTR_TEMPT6ECUQS2EMD002,TYEAR,TEXT,No,No
MSTR_TEMPT6ECUQS2EMD002,TWEEKLY,TEXT,No,No
MSTR_TEMPT6ECUQS2EMD002,TWEEK,TEXT,No,No
MSTR_TEMPT6ECUQS2EMD002,TQTR,TEXT,No,No
MSTR_TEMPT6ECUQS2EMD002,TQTR0,TEXT,No,No
MSTR_TEMPT6ECUQS2EMD002,TMONTH,TEXT,No,No
MSTR_TEMPT6ECUQS2EMD002,TMONTH0,TEXT,No,No
MSTR_TEMPT6ECUQS2EMD002,STORE_NO,NUMBER,No,No
MSTR_TEMPT6ECUQS2EMD002,LYEAR,TEXT,No,No
MSTR_TEMPT6ECUQS2EMD002,LWEEK,TEXT,No,No
MSTR_TEMPT6ECUQS2EMD002,LWEEK0,TEXT,No,No
MSTR_TEMPT6ECUQS2EMD002,HOURID,NUMBER,No,No
MSTR_TEMPT6ECUQS2EMD002,TRANSACTION_DATE,DATE,No,No
MSTR_TEMPT6ECUQS2EMD002,CHANNEL,TEXT,No,No
MSTR_TEMPT6ECUQS2EMD002,WJXBFS1,NUMBER,No,No
MSTR_TEMPT6ECUQS2EMD002,WJXBFS2,NUMBER,No,No
MSTR_TEMPT6ECUQS2EMD002,WJXBFS3,FLOAT,No,No
MSTR_TEMPTCUJP3QC2SP004,YESTERDAY,TEXT,No,No
MSTR_TEMPTCUJP3QC2SP004,TODAYLY,TEXT,No,No
MSTR_TEMPTCUJP3QC2SP004,TODAY,TEXT,No,No
MSTR_TEMPTCUJP3QC2SP004,TYEAR,TEXT,No,No
MSTR_TEMPTCUJP3QC2SP004,TWEEKLY,TEXT,No,No
MSTR_TEMPTCUJP3QC2SP004,TWEEK,TEXT,No,No
MSTR_TEMPTCUJP3QC2SP004,TQTR,TEXT,No,No
MSTR_TEMPTCUJP3QC2SP004,TQTR0,TEXT,No,No
MSTR_TEMPTCUJP3QC2SP004,TMONTH,TEXT,No,No
MSTR_TEMPTCUJP3QC2SP004,TMONTH0,TEXT,No,No
MSTR_TEMPTCUJP3QC2SP004,STORE_NO,NUMBER,No,No
MSTR_TEMPTCUJP3QC2SP004,LYEAR,TEXT,No,No
MSTR_TEMPTCUJP3QC2SP004,LWEEK,TEXT,No,No
MSTR_TEMPTCUJP3QC2SP004,LWEEK0,TEXT,No,No
MSTR_TEMPTCUJP3QC2SP004,HOURID,NUMBER,No,No
MSTR_TEMPTCUJP3QC2SP004,TRANSACTION_DATE,DATE,No,No
MSTR_TEMPTCUJP3QC2SP004,CHANNEL,TEXT,No,No
MSTR_TEMPTCUJP3QC2SP004,WJXBFS1,FLOAT,No,No
MSTR_TEMPTDLR5NGVASP001,YESTERDAY,TEXT,No,No
MSTR_TEMPTDLR5NGVASP001,TODAYLY,TEXT,No,No
MSTR_TEMPTDLR5NGVASP001,TODAY,TEXT,No,No
MSTR_TEMPTDLR5NGVASP001,TYEAR,TEXT,No,No
MSTR_TEMPTDLR5NGVASP001,TWEEKLY,TEXT,No,No
MSTR_TEMPTDLR5NGVASP001,TWEEK,TEXT,No,No
MSTR_TEMPTDLR5NGVASP001,TQTR,TEXT,No,No
MSTR_TEMPTDLR5NGVASP001,TQTR0,TEXT,No,No
MSTR_TEMPTDLR5NGVASP001,TMONTH,TEXT,No,No
MSTR_TEMPTDLR5NGVASP001,TMONTH0,TEXT,No,No
MSTR_TEMPTDLR5NGVASP001,STORE_NO,NUMBER,No,No
MSTR_TEMPTDLR5NGVASP001,LYEAR,TEXT,No,No
MSTR_TEMPTDLR5NGVASP001,LWEEK,TEXT,No,No
MSTR_TEMPTDLR5NGVASP001,LWEEK0,TEXT,No,No
MSTR_TEMPTDLR5NGVASP001,HOURID,NUMBER,No,No
MSTR_TEMPTDLR5NGVASP001,TRANSACTION_DATE,DATE,No,No
MSTR_TEMPTDLR5NGVASP001,CHANNEL,TEXT,No,No
MSTR_TEMPTDLR5NGVASP001,WJXBFS1,FLOAT,No,No
MSTR_TEMPTF2HYM25YMD005,YESTERDAY,TEXT,No,No
MSTR_TEMPTF2HYM25YMD005,TODAYLY,TEXT,No,No
MSTR_TEMPTF2HYM25YMD005,TODAY,TEXT,No,No
MSTR_TEMPTF2HYM25YMD005,TYEAR,TEXT,No,No
MSTR_TEMPTF2HYM25YMD005,TWEEKLY,TEXT,No,No
MSTR_TEMPTF2HYM25YMD005,TWEEK,TEXT,No,No
MSTR_TEMPTF2HYM25YMD005,TQTR,TEXT,No,No
MSTR_TEMPTF2HYM25YMD005,TQTR0,TEXT,No,No
MSTR_TEMPTF2HYM25YMD005,TMONTH,TEXT,No,No
MSTR_TEMPTF2HYM25YMD005,TMONTH0,TEXT,No,No
MSTR_TEMPTF2HYM25YMD005,STORE_NO,NUMBER,No,No
MSTR_TEMPTF2HYM25YMD005,LYEAR,TEXT,No,No
MSTR_TEMPTF2HYM25YMD005,LWEEK,TEXT,No,No
MSTR_TEMPTF2HYM25YMD005,LWEEK0,TEXT,No,No
MSTR_TEMPTF2HYM25YMD005,HOURID,NUMBER,No,No
MSTR_TEMPTF2HYM25YMD005,TRANSACTION_DATE,DATE,No,No
MSTR_TEMPTF2HYM25YMD005,CHANNEL,TEXT,No,No
MSTR_TEMPTF2HYM25YMD005,WJXBFS1,NUMBER,No,No
MSTR_TEMPTF2HYM25YMD005,WJXBFS2,FLOAT,No,No
MSTR_TEMPTF2HYM25YMD005,WJXBFS3,NUMBER,No,No
MSTR_TEMPTFB66CZS2SP003,YESTERDAY,TEXT,No,No
MSTR_TEMPTFB66CZS2SP003,TODAYLY,TEXT,No,No
MSTR_TEMPTFB66CZS2SP003,TODAY,TEXT,No,No
MSTR_TEMPTFB66CZS2SP003,TYEAR,TEXT,No,No
MSTR_TEMPTFB66CZS2SP003,TWEEKLY,TEXT,No,No
MSTR_TEMPTFB66CZS2SP003,TWEEK,TEXT,No,No
MSTR_TEMPTFB66CZS2SP003,TQTR,TEXT,No,No
MSTR_TEMPTFB66CZS2SP003,TQTR0,TEXT,No,No
MSTR_TEMPTFB66CZS2SP003,TMONTH,TEXT,No,No
MSTR_TEMPTFB66CZS2SP003,TMONTH0,TEXT,No,No
MSTR_TEMPTFB66CZS2SP003,STORE_NO,NUMBER,No,No
MSTR_TEMPTFB66CZS2SP003,LYEAR,TEXT,No,No
MSTR_TEMPTFB66CZS2SP003,LWEEK,TEXT,No,No
MSTR_TEMPTFB66CZS2SP003,LWEEK0,TEXT,No,No
MSTR_TEMPTFB66CZS2SP003,HOURID,NUMBER,No,No
MSTR_TEMPTFB66CZS2SP003,TRANSACTION_DATE,DATE,No,No
MSTR_TEMPTFB66CZS2SP003,CHANNEL,TEXT,No,No
MSTR_TEMPTFB66CZS2SP003,WJXBFS1,NUMBER,No,No
MSTR_TEMPTFB66CZS2SP003,WJXBFS2,NUMBER,No,No
MSTR_TEMPTLXQ57LKUMD002,YESTERDAY,TEXT,No,No
MSTR_TEMPTLXQ57LKUMD002,TODAYLY,TEXT,No,No
MSTR_TEMPTLXQ57LKUMD002,TODAY,TEXT,No,No
MSTR_TEMPTLXQ57LKUMD002,TYEAR,TEXT,No,No
MSTR_TEMPTLXQ57LKUMD002,TWEEKLY,TEXT,No,No
MSTR_TEMPTLXQ57LKUMD002,TWEEK,TEXT,No,No
MSTR_TEMPTLXQ57LKUMD002,TQTR,TEXT,No,No
MSTR_TEMPTLXQ57LKUMD002,TQTR0,TEXT,No,No
MSTR_TEMPTLXQ57LKUMD002,TMONTH,TEXT,No,No
MSTR_TEMPTLXQ57LKUMD002,TMONTH0,TEXT,No,No
MSTR_TEMPTLXQ57LKUMD002,STORE_NO,NUMBER,No,No
MSTR_TEMPTLXQ57LKUMD002,LYEAR,TEXT,No,No
MSTR_TEMPTLXQ57LKUMD002,LWEEK,TEXT,No,No
MSTR_TEMPTLXQ57LKUMD002,LWEEK0,TEXT,No,No
MSTR_TEMPTLXQ57LKUMD002,HOURID,NUMBER,No,No
MSTR_TEMPTLXQ57LKUMD002,TRANSACTION_DATE,DATE,No,No
MSTR_TEMPTLXQ57LKUMD002,CHANNEL,TEXT,No,No
MSTR_TEMPTLXQ57LKUMD002,WJXBFS1,NUMBER,No,No
MSTR_TEMPTLXQ57LKUMD002,WJXBFS2,NUMBER,No,No
MSTR_TEMPTLXQ57LKUMD002,WJXBFS3,FLOAT,No,No
MSTR_TEMPTOLQ4JMHEMD005,YESTERDAY,TEXT,No,No
MSTR_TEMPTOLQ4JMHEMD005,TODAYLY,TEXT,No,No
MSTR_TEMPTOLQ4JMHEMD005,TODAY,TEXT,No,No
MSTR_TEMPTOLQ4JMHEMD005,TYEAR,TEXT,No,No
MSTR_TEMPTOLQ4JMHEMD005,TWEEKLY,TEXT,No,No
MSTR_TEMPTOLQ4JMHEMD005,TWEEK,TEXT,No,No
MSTR_TEMPTOLQ4JMHEMD005,TQTR,TEXT,No,No
MSTR_TEMPTOLQ4JMHEMD005,TQTR0,TEXT,No,No
MSTR_TEMPTOLQ4JMHEMD005,TMONTH,TEXT,No,No
MSTR_TEMPTOLQ4JMHEMD005,TMONTH0,TEXT,No,No
MSTR_TEMPTOLQ4JMHEMD005,STORE_NO,NUMBER,No,No
MSTR_TEMPTOLQ4JMHEMD005,LYEAR,TEXT,No,No
MSTR_TEMPTOLQ4JMHEMD005,LWEEK,TEXT,No,No
MSTR_TEMPTOLQ4JMHEMD005,LWEEK0,TEXT,No,No
MSTR_TEMPTOLQ4JMHEMD005,HOURID,NUMBER,No,No
MSTR_TEMPTOLQ4JMHEMD005,TRANSACTION_DATE,DATE,No,No
MSTR_TEMPTOLQ4JMHEMD005,CHANNEL,TEXT,No,No
MSTR_TEMPTOLQ4JMHEMD005,WJXBFS1,NUMBER,No,No
MSTR_TEMPTOLQ4JMHEMD005,WJXBFS2,FLOAT,No,No
MSTR_TEMPTOLQ4JMHEMD005,WJXBFS3,NUMBER,No,No
MSTR_TEMPTUSEKS0P2SP000,YESTERDAY,TEXT,No,No
MSTR_TEMPTUSEKS0P2SP000,TODAYLY,TEXT,No,No
MSTR_TEMPTUSEKS0P2SP000,TODAY,TEXT,No,No
MSTR_TEMPTUSEKS0P2SP000,TYEAR,TEXT,No,No
MSTR_TEMPTUSEKS0P2SP000,TWEEKLY,TEXT,No,No
MSTR_TEMPTUSEKS0P2SP000,TWEEK,TEXT,No,No
MSTR_TEMPTUSEKS0P2SP000,TQTR,TEXT,No,No
MSTR_TEMPTUSEKS0P2SP000,TQTR0,TEXT,No,No
MSTR_TEMPTUSEKS0P2SP000,TMONTH,TEXT,No,No
MSTR_TEMPTUSEKS0P2SP000,TMONTH0,TEXT,No,No
MSTR_TEMPTUSEKS0P2SP000,STORE_NO,NUMBER,No,No
MSTR_TEMPTUSEKS0P2SP000,LYEAR,TEXT,No,No
MSTR_TEMPTUSEKS0P2SP000,LWEEK,TEXT,No,No
MSTR_TEMPTUSEKS0P2SP000,LWEEK0,TEXT,No,No
MSTR_TEMPTUSEKS0P2SP000,HOURID,NUMBER,No,No
MSTR_TEMPTUSEKS0P2SP000,TRANSACTION_DATE,DATE,No,No
MSTR_TEMPTUSEKS0P2SP000,CHANNEL,TEXT,No,No
MSTR_TEMPTUSEKS0P2SP000,WJXBFS1,NUMBER,No,No
MSTR_TEMPTUSEKS0P2SP000,WJXBFS2,NUMBER,No,No
MyData,DATELOADED,DATE,No,No
MyData,SERVICING_DC,NUMBER,No,No
MyData,STORE,NUMBER,No,No
MyData,SKU,NUMBER,No,No
MyData,SALES_EIGHT_WEEKS,NUMBER,No,No
MyData,ALLOCATED_QUANTITY,NUMBER,No,No
MyData,DC_AVAILABLE,NUMBER,No,No
MyData,OH_COST,NUMBER,No,No
MyData,OH_UNITS,NUMBER,No,No
MyData,ON_ORDER_DOLLARS,NUMBER,No,No
MyData,ON_ORDER_UNITS,NUMBER,No,No
MyData,IN_TRANSIT,NUMBER,No,No
MyData,IN_TRANSIT_DOLLARS,NUMBER,No,No
NEW_SKU_IN_STORE,CALENDAR_DATE,DATE,No,No
NEW_SKU_IN_STORE,STORE_NO,NUMBER,No,No
NEW_SKU_IN_STORE,STORE_REPLENISHMENT,NUMBER,No,No
NEW_SKU_IN_STORE,DC_REPLENISHMENT,NUMBER,No,No
NEW_SKU_IN_STORE,DC_ARRIVAL_DATE,DATE,No,No
NEW_SKU_IN_STORE,DC_IN_STOCK,NUMBER,No,No
NEW_SKU_IN_STORE,STORE_IN_STOCK,NUMBER,No,No
NEW_SKU_IN_STORE,CHAIN_OH_UNITS,NUMBER,No,No
NEW_SKU_IN_STORE,WOS,NUMBER,No,No
NEW_SKU_IN_STORE,CURRENT_WEEK_SALES,NUMBER,No,No
NEW_SKU_IN_STORE,LW_SALES,NUMBER,No,No
NEW_SKU_IN_STORE,WK2_SALES,NUMBER,No,No
NEW_SKU_IN_STORE,WK3_SALES,NUMBER,No,No
NEW_SKU_IN_STORE,WK4_SALES,NUMBER,No,No
NEW_SKU_IN_STORE,AVG_EIGHT_SALES,NUMBER,No,No
NEW_SKU_IN_STORE,STATUS_CODE,TEXT,No,No
NEW_SKU_IN_STORE,ASSORTMENT_CODE,TEXT,No,No
NEW_SKU_IN_STORE,PROMOTION_TYPE,TEXT,No,No
NEW_SKU_IN_STORE,SKU_ID,NUMBER,No,No
NEW_STORE_BREAKUP,TRANSACTION_DATE,DATE,No,No
NEW_STORE_BREAKUP,STORE_NO,NUMBER,No,No
NEW_STORE_BREAKUP,COMPSTATUS,NUMBER,No,No
NEW_STORE_BREAKUP,STORE_SALES,NUMBER,No,No
NEW_STORE_BREAKUP,STORE_PLAN_SALES,NUMBER,No,No
NEW_STORE_BREAKUP,STORE_UNITS,NUMBER,No,No
NEW_STORE_BREAKUP,STORE_PLAN_UNITS,NUMBER,No,No
NEW_STORE_BREAKUP,STORE_TRANSACTIONS,NUMBER,No,No
NEW_STORE_BREAKUP,STORE_PLAN_TRANSACTIONS,NUMBER,No,No
NEW_STORE_BREAKUP,STORE_PB_SALES,NUMBER,No,No
NEW_STORE_BREAKUP,STORE_VS_PLAN_SALES,NUMBER,No,No
NEW_STORE_BREAKUP,BOPUS_SALES,NUMBER,No,No
NEW_STORE_BREAKUP,BOPUS_PLAN_SALES,NUMBER,No,No
NEW_STORE_BREAKUP,BOPUS_UNITS,NUMBER,No,No
NEW_STORE_BREAKUP,BOPUS_PLAN_UNITS,NUMBER,No,No
NEW_STORE_BREAKUP,BOPUS_TRANSACTIONS,NUMBER,No,No
NEW_STORE_BREAKUP,BOPUS_PLAN_TRANSACTIONS,NUMBER,No,No
NEW_STORE_BREAKUP,BOPUS_PB_SALES,NUMBER,No,No
NEW_STORE_BREAKUP,BOPUS_VS_PLAN_SALES,NUMBER,No,No
NEW_STORE_BREAKUP,BOSS_SALES,NUMBER,No,No
NEW_STORE_BREAKUP,BOSS_PLAN_SALES,NUMBER,No,No
NEW_STORE_BREAKUP,BOSS_UNITS,NUMBER,No,No
NEW_STORE_BREAKUP,BOSS_PLAN_UNITS,NUMBER,No,No
NEW_STORE_BREAKUP,BOSS_TRANSACTIONS,NUMBER,No,No
NEW_STORE_BREAKUP,BOSS_PLAN_TRANSACTIONS,NUMBER,No,No
NEW_STORE_BREAKUP,BOSS_PB_SALES,NUMBER,No,No
NEW_STORE_BREAKUP,BOSS_VS_PLAN_SALES,NUMBER,No,No
NEW_STORE_BREAKUP,CUSTOMER_TRAFFIC,NUMBER,No,No
NEW_STORE_BREAKUP,CUSTOMER_TRAFFIC_PLAN,NUMBER,No,No
NEW_STORE_BREAKUP,TRAFFIC_TRANSACTIONS,NUMBER,No,No
NEW_STORE_BREAKUP,TRAFFIC_TRANSACTIONS_PLAN,NUMBER,No,No
NEW_STORE_BREAKUP,BOPUS_TRAFFIC,NUMBER,No,No
NEW_STORE_BREAKUP,BOPUS_TRAFFIC_TRANSACTIONS,NUMBER,No,No
NEW_STORE_BREAKUP,BOPUS_PLAN_TRAFFIC,NUMBER,No,No
NEW_STORE_BREAKUP,BOPUS_PLAN_TRAFFIC_TRANSACTIONS,NUMBER,No,No
NEW_STORE_BREAKUP,BOSS_TRAFFIC,NUMBER,No,No
NEW_STORE_BREAKUP,BOSS_TRAFFIC_TRANSACTIONS,NUMBER,No,No
NEW_STORE_BREAKUP,BOSS_PLAN_TRAFFIC,NUMBER,No,No
NEW_STORE_BREAKUP,BOSS_PLAN_TRAFFIC_TRANSACTIONS,NUMBER,No,No
NEW_STORE_BREAKUP_240228,TRANSACTION_DATE,DATE,No,No
NEW_STORE_BREAKUP_240228,STORE_NO,NUMBER,No,No
NEW_STORE_BREAKUP_240228,COMPSTATUS,NUMBER,No,No
NEW_STORE_BREAKUP_240228,STORE_SALES,NUMBER,No,No
NEW_STORE_BREAKUP_240228,STORE_PLAN_SALES,NUMBER,No,No
NEW_STORE_BREAKUP_240228,STORE_UNITS,NUMBER,No,No
NEW_STORE_BREAKUP_240228,STORE_PLAN_UNITS,NUMBER,No,No
NEW_STORE_BREAKUP_240228,STORE_TRANSACTIONS,NUMBER,No,No
NEW_STORE_BREAKUP_240228,STORE_PLAN_TRANSACTIONS,NUMBER,No,No
NEW_STORE_BREAKUP_240228,STORE_PB_SALES,NUMBER,No,No
NEW_STORE_BREAKUP_240228,STORE_VS_PLAN_SALES,NUMBER,No,No
NEW_STORE_BREAKUP_240228,BOPUS_SALES,NUMBER,No,No
NEW_STORE_BREAKUP_240228,BOPUS_PLAN_SALES,NUMBER,No,No
NEW_STORE_BREAKUP_240228,BOPUS_UNITS,NUMBER,No,No
NEW_STORE_BREAKUP_240228,BOPUS_PLAN_UNITS,NUMBER,No,No
NEW_STORE_BREAKUP_240228,BOPUS_TRANSACTIONS,NUMBER,No,No
NEW_STORE_BREAKUP_240228,BOPUS_PLAN_TRANSACTIONS,NUMBER,No,No
NEW_STORE_BREAKUP_240228,BOPUS_PB_SALES,NUMBER,No,No
NEW_STORE_BREAKUP_240228,BOPUS_VS_PLAN_SALES,NUMBER,No,No
NEW_STORE_BREAKUP_240228,BOSS_SALES,NUMBER,No,No
NEW_STORE_BREAKUP_240228,BOSS_PLAN_SALES,NUMBER,No,No
NEW_STORE_BREAKUP_240228,BOSS_UNITS,NUMBER,No,No
NEW_STORE_BREAKUP_240228,BOSS_PLAN_UNITS,NUMBER,No,No
NEW_STORE_BREAKUP_240228,BOSS_TRANSACTIONS,NUMBER,No,No
NEW_STORE_BREAKUP_240228,BOSS_PLAN_TRANSACTIONS,NUMBER,No,No
NEW_STORE_BREAKUP_240228,BOSS_PB_SALES,NUMBER,No,No
NEW_STORE_BREAKUP_240228,BOSS_VS_PLAN_SALES,NUMBER,No,No
NEW_STORE_BREAKUP_240228,CUSTOMER_TRAFFIC,NUMBER,No,No
NEW_STORE_BREAKUP_240228,CUSTOMER_TRAFFIC_PLAN,NUMBER,No,No
NEW_STORE_BREAKUP_240228,TRAFFIC_TRANSACTIONS,NUMBER,No,No
NEW_STORE_BREAKUP_240228,TRAFFIC_TRANSACTIONS_PLAN,NUMBER,No,No
NEW_STORE_BREAKUP_240228,BOPUS_TRAFFIC,NUMBER,No,No
NEW_STORE_BREAKUP_240228,BOPUS_TRAFFIC_TRANSACTIONS,NUMBER,No,No
NEW_STORE_BREAKUP_240228,BOPUS_PLAN_TRAFFIC,NUMBER,No,No
NEW_STORE_BREAKUP_240228,BOPUS_PLAN_TRAFFIC_TRANSACTIONS,NUMBER,No,No
NEW_STORE_BREAKUP_240228,BOSS_TRAFFIC,NUMBER,No,No
NEW_STORE_BREAKUP_240228,BOSS_TRAFFIC_TRANSACTIONS,NUMBER,No,No
NEW_STORE_BREAKUP_240228,BOSS_PLAN_TRAFFIC,NUMBER,No,No
NEW_STORE_BREAKUP_240228,BOSS_PLAN_TRAFFIC_TRANSACTIONS,NUMBER,No,No
NEW_STORE_BREAKUP_240625,TRANSACTION_DATE,DATE,No,No
NEW_STORE_BREAKUP_240625,STORE_NO,NUMBER,No,No
NEW_STORE_BREAKUP_240625,COMPSTATUS,NUMBER,No,No
NEW_STORE_BREAKUP_240625,STORE_SALES,NUMBER,No,No
NEW_STORE_BREAKUP_240625,STORE_PLAN_SALES,NUMBER,No,No
NEW_STORE_BREAKUP_240625,STORE_UNITS,NUMBER,No,No
NEW_STORE_BREAKUP_240625,STORE_PLAN_UNITS,NUMBER,No,No
NEW_STORE_BREAKUP_240625,STORE_TRANSACTIONS,NUMBER,No,No
NEW_STORE_BREAKUP_240625,STORE_PLAN_TRANSACTIONS,NUMBER,No,No
NEW_STORE_BREAKUP_240625,STORE_PB_SALES,NUMBER,No,No
NEW_STORE_BREAKUP_240625,STORE_VS_PLAN_SALES,NUMBER,No,No
NEW_STORE_BREAKUP_240625,BOPUS_SALES,NUMBER,No,No
NEW_STORE_BREAKUP_240625,BOPUS_PLAN_SALES,NUMBER,No,No
NEW_STORE_BREAKUP_240625,BOPUS_UNITS,NUMBER,No,No
NEW_STORE_BREAKUP_240625,BOPUS_PLAN_UNITS,NUMBER,No,No
NEW_STORE_BREAKUP_240625,BOPUS_TRANSACTIONS,NUMBER,No,No
NEW_STORE_BREAKUP_240625,BOPUS_PLAN_TRANSACTIONS,NUMBER,No,No
NEW_STORE_BREAKUP_240625,BOPUS_PB_SALES,NUMBER,No,No
NEW_STORE_BREAKUP_240625,BOPUS_VS_PLAN_SALES,NUMBER,No,No
NEW_STORE_BREAKUP_240625,BOSS_SALES,NUMBER,No,No
NEW_STORE_BREAKUP_240625,BOSS_PLAN_SALES,NUMBER,No,No
NEW_STORE_BREAKUP_240625,BOSS_UNITS,NUMBER,No,No
NEW_STORE_BREAKUP_240625,BOSS_PLAN_UNITS,NUMBER,No,No
NEW_STORE_BREAKUP_240625,BOSS_TRANSACTIONS,NUMBER,No,No
NEW_STORE_BREAKUP_240625,BOSS_PLAN_TRANSACTIONS,NUMBER,No,No
NEW_STORE_BREAKUP_240625,BOSS_PB_SALES,NUMBER,No,No
NEW_STORE_BREAKUP_240625,BOSS_VS_PLAN_SALES,NUMBER,No,No
NEW_STORE_BREAKUP_240625,CUSTOMER_TRAFFIC,NUMBER,No,No
NEW_STORE_BREAKUP_240625,CUSTOMER_TRAFFIC_PLAN,NUMBER,No,No
NEW_STORE_BREAKUP_240625,TRAFFIC_TRANSACTIONS,NUMBER,No,No
NEW_STORE_BREAKUP_240625,TRAFFIC_TRANSACTIONS_PLAN,NUMBER,No,No
NEW_STORE_BREAKUP_240625,BOPUS_TRAFFIC,NUMBER,No,No
NEW_STORE_BREAKUP_240625,BOPUS_TRAFFIC_TRANSACTIONS,NUMBER,No,No
NEW_STORE_BREAKUP_240625,BOPUS_PLAN_TRAFFIC,NUMBER,No,No
NEW_STORE_BREAKUP_240625,BOPUS_PLAN_TRAFFIC_TRANSACTIONS,NUMBER,No,No
NEW_STORE_BREAKUP_240625,BOSS_TRAFFIC,NUMBER,No,No
NEW_STORE_BREAKUP_240625,BOSS_TRAFFIC_TRANSACTIONS,NUMBER,No,No
NEW_STORE_BREAKUP_240625,BOSS_PLAN_TRAFFIC,NUMBER,No,No
NEW_STORE_BREAKUP_240625,BOSS_PLAN_TRAFFIC_TRANSACTIONS,NUMBER,No,No
NEW_STORE_BREAKUP_240628,TRANSACTION_DATE,DATE,No,No
NEW_STORE_BREAKUP_240628,STORE_NO,NUMBER,No,No
NEW_STORE_BREAKUP_240628,COMPSTATUS,NUMBER,No,No
NEW_STORE_BREAKUP_240628,STORE_SALES,NUMBER,No,No
NEW_STORE_BREAKUP_240628,STORE_PLAN_SALES,NUMBER,No,No
NEW_STORE_BREAKUP_240628,STORE_UNITS,NUMBER,No,No
NEW_STORE_BREAKUP_240628,STORE_PLAN_UNITS,NUMBER,No,No
NEW_STORE_BREAKUP_240628,STORE_TRANSACTIONS,NUMBER,No,No
NEW_STORE_BREAKUP_240628,STORE_PLAN_TRANSACTIONS,NUMBER,No,No
NEW_STORE_BREAKUP_240628,STORE_PB_SALES,NUMBER,No,No
NEW_STORE_BREAKUP_240628,STORE_VS_PLAN_SALES,NUMBER,No,No
NEW_STORE_BREAKUP_240628,BOPUS_SALES,NUMBER,No,No
NEW_STORE_BREAKUP_240628,BOPUS_PLAN_SALES,NUMBER,No,No
NEW_STORE_BREAKUP_240628,BOPUS_UNITS,NUMBER,No,No
NEW_STORE_BREAKUP_240628,BOPUS_PLAN_UNITS,NUMBER,No,No
NEW_STORE_BREAKUP_240628,BOPUS_TRANSACTIONS,NUMBER,No,No
NEW_STORE_BREAKUP_240628,BOPUS_PLAN_TRANSACTIONS,NUMBER,No,No
NEW_STORE_BREAKUP_240628,BOPUS_PB_SALES,NUMBER,No,No
NEW_STORE_BREAKUP_240628,BOPUS_VS_PLAN_SALES,NUMBER,No,No
NEW_STORE_BREAKUP_240628,BOSS_SALES,NUMBER,No,No
NEW_STORE_BREAKUP_240628,BOSS_PLAN_SALES,NUMBER,No,No
NEW_STORE_BREAKUP_240628,BOSS_UNITS,NUMBER,No,No
NEW_STORE_BREAKUP_240628,BOSS_PLAN_UNITS,NUMBER,No,No
NEW_STORE_BREAKUP_240628,BOSS_TRANSACTIONS,NUMBER,No,No
NEW_STORE_BREAKUP_240628,BOSS_PLAN_TRANSACTIONS,NUMBER,No,No
NEW_STORE_BREAKUP_240628,BOSS_PB_SALES,NUMBER,No,No
NEW_STORE_BREAKUP_240628,BOSS_VS_PLAN_SALES,NUMBER,No,No
NEW_STORE_BREAKUP_240628,CUSTOMER_TRAFFIC,NUMBER,No,No
NEW_STORE_BREAKUP_240628,CUSTOMER_TRAFFIC_PLAN,NUMBER,No,No
NEW_STORE_BREAKUP_240628,TRAFFIC_TRANSACTIONS,NUMBER,No,No
NEW_STORE_BREAKUP_240628,TRAFFIC_TRANSACTIONS_PLAN,NUMBER,No,No
NEW_STORE_BREAKUP_240628,BOPUS_TRAFFIC,NUMBER,No,No
NEW_STORE_BREAKUP_240628,BOPUS_TRAFFIC_TRANSACTIONS,NUMBER,No,No
NEW_STORE_BREAKUP_240628,BOPUS_PLAN_TRAFFIC,NUMBER,No,No
NEW_STORE_BREAKUP_240628,BOPUS_PLAN_TRAFFIC_TRANSACTIONS,NUMBER,No,No
NEW_STORE_BREAKUP_240628,BOSS_TRAFFIC,NUMBER,No,No
NEW_STORE_BREAKUP_240628,BOSS_TRAFFIC_TRANSACTIONS,NUMBER,No,No
NEW_STORE_BREAKUP_240628,BOSS_PLAN_TRAFFIC,NUMBER,No,No
NEW_STORE_BREAKUP_240628,BOSS_PLAN_TRAFFIC_TRANSACTIONS,NUMBER,No,No
NEW_STORE_BREAKUP_BACKUP_230418,TRANSACTION_DATE,DATE,No,No
NEW_STORE_BREAKUP_BACKUP_230418,STORE_NO,NUMBER,No,No
NEW_STORE_BREAKUP_BACKUP_230418,COMPSTATUS,NUMBER,No,No
NEW_STORE_BREAKUP_BACKUP_230418,STORE_SALES,NUMBER,No,No
NEW_STORE_BREAKUP_BACKUP_230418,STORE_PLAN_SALES,NUMBER,No,No
NEW_STORE_BREAKUP_BACKUP_230418,STORE_UNITS,NUMBER,No,No
NEW_STORE_BREAKUP_BACKUP_230418,STORE_PLAN_UNITS,NUMBER,No,No
NEW_STORE_BREAKUP_BACKUP_230418,STORE_TRANSACTIONS,NUMBER,No,No
NEW_STORE_BREAKUP_BACKUP_230418,STORE_PLAN_TRANSACTIONS,NUMBER,No,No
NEW_STORE_BREAKUP_BACKUP_230418,STORE_PB_SALES,NUMBER,No,No
NEW_STORE_BREAKUP_BACKUP_230418,STORE_VS_PLAN_SALES,NUMBER,No,No
NEW_STORE_BREAKUP_BACKUP_230418,BOPUS_SALES,NUMBER,No,No
NEW_STORE_BREAKUP_BACKUP_230418,BOPUS_PLAN_SALES,NUMBER,No,No
NEW_STORE_BREAKUP_BACKUP_230418,BOPUS_UNITS,NUMBER,No,No
NEW_STORE_BREAKUP_BACKUP_230418,BOPUS_PLAN_UNITS,NUMBER,No,No
NEW_STORE_BREAKUP_BACKUP_230418,BOPUS_TRANSACTIONS,NUMBER,No,No
NEW_STORE_BREAKUP_BACKUP_230418,BOPUS_PLAN_TRANSACTIONS,NUMBER,No,No
NEW_STORE_BREAKUP_BACKUP_230418,BOPUS_PB_SALES,NUMBER,No,No
NEW_STORE_BREAKUP_BACKUP_230418,BOPUS_VS_PLAN_SALES,NUMBER,No,No
NEW_STORE_BREAKUP_BACKUP_230418,BOSS_SALES,NUMBER,No,No
NEW_STORE_BREAKUP_BACKUP_230418,BOSS_PLAN_SALES,NUMBER,No,No
NEW_STORE_BREAKUP_BACKUP_230418,BOSS_UNITS,NUMBER,No,No
NEW_STORE_BREAKUP_BACKUP_230418,BOSS_PLAN_UNITS,NUMBER,No,No
NEW_STORE_BREAKUP_BACKUP_230418,BOSS_TRANSACTIONS,NUMBER,No,No
NEW_STORE_BREAKUP_BACKUP_230418,BOSS_PLAN_TRANSACTIONS,NUMBER,No,No
NEW_STORE_BREAKUP_BACKUP_230418,BOSS_PB_SALES,NUMBER,No,No
NEW_STORE_BREAKUP_BACKUP_230418,BOSS_VS_PLAN_SALES,NUMBER,No,No
NEW_STORE_BREAKUP_BACKUP_230418,CUSTOMER_TRAFFIC,NUMBER,No,No
NEW_STORE_BREAKUP_BACKUP_230418,CUSTOMER_TRAFFIC_PLAN,NUMBER,No,No
NEW_STORE_BREAKUP_BACKUP_230418,TRAFFIC_TRANSACTIONS,NUMBER,No,No
NEW_STORE_BREAKUP_BACKUP_230418,TRAFFIC_TRANSACTIONS_PLAN,NUMBER,No,No
NEW_STORE_BREAKUP_BACKUP_230418,BOPUS_TRAFFIC,NUMBER,No,No
NEW_STORE_BREAKUP_BACKUP_230418,BOPUS_TRAFFIC_TRANSACTIONS,NUMBER,No,No
NEW_STORE_BREAKUP_BACKUP_230418,BOPUS_PLAN_TRAFFIC,NUMBER,No,No
NEW_STORE_BREAKUP_BACKUP_230418,BOPUS_PLAN_TRAFFIC_TRANSACTIONS,NUMBER,No,No
NEW_STORE_BREAKUP_BACKUP_230418,BOSS_TRAFFIC,NUMBER,No,No
NEW_STORE_BREAKUP_BACKUP_230418,BOSS_TRAFFIC_TRANSACTIONS,NUMBER,No,No
NEW_STORE_BREAKUP_BACKUP_230418,BOSS_PLAN_TRAFFIC,NUMBER,No,No
NEW_STORE_BREAKUP_BACKUP_230418,BOSS_PLAN_TRAFFIC_TRANSACTIONS,NUMBER,No,No
NEW_STORE_BREAKUP_BACKUP_240618,TRANSACTION_DATE,DATE,No,No
NEW_STORE_BREAKUP_BACKUP_240618,STORE_NO,NUMBER,No,No
NEW_STORE_BREAKUP_BACKUP_240618,COMPSTATUS,NUMBER,No,No
NEW_STORE_BREAKUP_BACKUP_240618,STORE_SALES,NUMBER,No,No
NEW_STORE_BREAKUP_BACKUP_240618,STORE_PLAN_SALES,NUMBER,No,No
NEW_STORE_BREAKUP_BACKUP_240618,STORE_UNITS,NUMBER,No,No
NEW_STORE_BREAKUP_BACKUP_240618,STORE_PLAN_UNITS,NUMBER,No,No
NEW_STORE_BREAKUP_BACKUP_240618,STORE_TRANSACTIONS,NUMBER,No,No
NEW_STORE_BREAKUP_BACKUP_240618,STORE_PLAN_TRANSACTIONS,NUMBER,No,No
NEW_STORE_BREAKUP_BACKUP_240618,STORE_PB_SALES,NUMBER,No,No
NEW_STORE_BREAKUP_BACKUP_240618,STORE_VS_PLAN_SALES,NUMBER,No,No
NEW_STORE_BREAKUP_BACKUP_240618,BOPUS_SALES,NUMBER,No,No
NEW_STORE_BREAKUP_BACKUP_240618,BOPUS_PLAN_SALES,NUMBER,No,No
NEW_STORE_BREAKUP_BACKUP_240618,BOPUS_UNITS,NUMBER,No,No
NEW_STORE_BREAKUP_BACKUP_240618,BOPUS_PLAN_UNITS,NUMBER,No,No
NEW_STORE_BREAKUP_BACKUP_240618,BOPUS_TRANSACTIONS,NUMBER,No,No
NEW_STORE_BREAKUP_BACKUP_240618,BOPUS_PLAN_TRANSACTIONS,NUMBER,No,No
NEW_STORE_BREAKUP_BACKUP_240618,BOPUS_PB_SALES,NUMBER,No,No
NEW_STORE_BREAKUP_BACKUP_240618,BOPUS_VS_PLAN_SALES,NUMBER,No,No
NEW_STORE_BREAKUP_BACKUP_240618,BOSS_SALES,NUMBER,No,No
NEW_STORE_BREAKUP_BACKUP_240618,BOSS_PLAN_SALES,NUMBER,No,No
NEW_STORE_BREAKUP_BACKUP_240618,BOSS_UNITS,NUMBER,No,No
NEW_STORE_BREAKUP_BACKUP_240618,BOSS_PLAN_UNITS,NUMBER,No,No
NEW_STORE_BREAKUP_BACKUP_240618,BOSS_TRANSACTIONS,NUMBER,No,No
NEW_STORE_BREAKUP_BACKUP_240618,BOSS_PLAN_TRANSACTIONS,NUMBER,No,No
NEW_STORE_BREAKUP_BACKUP_240618,BOSS_PB_SALES,NUMBER,No,No
NEW_STORE_BREAKUP_BACKUP_240618,BOSS_VS_PLAN_SALES,NUMBER,No,No
NEW_STORE_BREAKUP_BACKUP_240618,CUSTOMER_TRAFFIC,NUMBER,No,No
NEW_STORE_BREAKUP_BACKUP_240618,CUSTOMER_TRAFFIC_PLAN,NUMBER,No,No
NEW_STORE_BREAKUP_BACKUP_240618,TRAFFIC_TRANSACTIONS,NUMBER,No,No
NEW_STORE_BREAKUP_BACKUP_240618,TRAFFIC_TRANSACTIONS_PLAN,NUMBER,No,No
NEW_STORE_BREAKUP_BACKUP_240618,BOPUS_TRAFFIC,NUMBER,No,No
NEW_STORE_BREAKUP_BACKUP_240618,BOPUS_TRAFFIC_TRANSACTIONS,NUMBER,No,No
NEW_STORE_BREAKUP_BACKUP_240618,BOPUS_PLAN_TRAFFIC,NUMBER,No,No
NEW_STORE_BREAKUP_BACKUP_240618,BOPUS_PLAN_TRAFFIC_TRANSACTIONS,NUMBER,No,No
NEW_STORE_BREAKUP_BACKUP_240618,BOSS_TRAFFIC,NUMBER,No,No
NEW_STORE_BREAKUP_BACKUP_240618,BOSS_TRAFFIC_TRANSACTIONS,NUMBER,No,No
NEW_STORE_BREAKUP_BACKUP_240618,BOSS_PLAN_TRAFFIC,NUMBER,No,No
NEW_STORE_BREAKUP_BACKUP_240618,BOSS_PLAN_TRAFFIC_TRANSACTIONS,NUMBER,No,No
OMS_BOSS_DEMAND,DATE,DATE,No,No
OMS_BOSS_DEMAND,ENTERPRISE_KEY,TEXT,No,No
OMS_BOSS_DEMAND,DEMAND,FLOAT,No,No
OMS_DEMAND,ORDER_DATE,TEXT,No,No
OMS_DEMAND,SOURCE,TEXT,No,No
OMS_DEMAND,ORDER_COUNT,FLOAT,No,No
OMS_DEMAND,MERCH_TOTAL,FLOAT,No,No
OMS_DEMAND,AVERAGE,FLOAT,No,No
OMS_DEMAND,DISCOUNT_AMOUNT,FLOAT,No,No
OMS_DEMAND,MERCH_NET_OF_DISC,FLOAT,No,No
OMS_DEMAND,SHIPPING,FLOAT,No,No
OMS_DEMAND,TOTAL,FLOAT,No,No
OMS_DEMAND_BACKUP_220121,ORDER_DATE,TEXT,No,No
OMS_DEMAND_BACKUP_220121,SOURCE,TEXT,No,No
OMS_DEMAND_BACKUP_220121,ORDER_COUNT,FLOAT,No,No
OMS_DEMAND_BACKUP_220121,MERCH_TOTAL,FLOAT,No,No
OMS_DEMAND_BACKUP_220121,AVERAGE,FLOAT,No,No
OMS_DEMAND_BACKUP_220121,DISCOUNT_AMOUNT,FLOAT,No,No
OMS_DEMAND_BACKUP_220121,MERCH_NET_OF_DISC,FLOAT,No,No
OMS_DEMAND_BACKUP_220121,SHIPPING,FLOAT,No,No
OMS_DEMAND_BACKUP_220121,TOTAL,FLOAT,No,No
ORDERGROOVE_CANCELLATIONS,PUBLIC_SUBSCRIPTION_ID,TEXT,No,No
ORDERGROOVE_CANCELLATIONS,USER_ID,TEXT,No,No
ORDERGROOVE_CANCELLATIONS,MERCHANT_USER_ID,TEXT,No,No
ORDERGROOVE_CANCELLATIONS,CREATE_DATE,TEXT,No,No
ORDERGROOVE_CANCELLATIONS,CREATE_TIME,TEXT,No,No
ORDERGROOVE_CANCELLATIONS,START_DATE,TEXT,No,No
ORDERGROOVE_CANCELLATIONS,CUSTOMER_STATUS,TEXT,No,No
ORDERGROOVE_CANCELLATIONS,SUBSCRIPTION_ID,TEXT,No,No
ORDERGROOVE_CANCELLATIONS,OFFER_ID,TEXT,No,No
ORDERGROOVE_CANCELLATIONS,MERCHANT_ORDER_ID,TEXT,No,No
ORDERGROOVE_CANCELLATIONS,GUEST_CHECKOUT,TEXT,No,No
ORDERGROOVE_CANCELLATIONS,EMAIL_ADDRESS,TEXT,No,No
ORDERGROOVE_CANCELLATIONS,FIRST_NAME,TEXT,No,No
ORDERGROOVE_CANCELLATIONS,LAST_NAME,TEXT,No,No
ORDERGROOVE_CANCELLATIONS,PRODUCT,TEXT,No,No
ORDERGROOVE_CANCELLATIONS,PRODUCT_ID,TEXT,No,No
ORDERGROOVE_CANCELLATIONS,SKU,TEXT,No,No
ORDERGROOVE_CANCELLATIONS,FREQUENCY,TEXT,No,No
ORDERGROOVE_CANCELLATIONS,REMINDER,TEXT,No,No
ORDERGROOVE_CANCELLATIONS,STATUS,TEXT,No,No
ORDERGROOVE_CANCELLATIONS,QUANTITY,TEXT,No,No
ORDERGROOVE_CANCELLATIONS,PRICE,TEXT,No,No
ORDERGROOVE_CANCELLATIONS,DISCOUNT_PRICE,TEXT,No,No
ORDERGROOVE_CANCELLATIONS,TWENTYFOUR_HOUR_CANCEL,TEXT,No,No
ORDERGROOVE_CANCELLATIONS,CANCEL_DATE,TEXT,No,No
ORDERGROOVE_CANCELLATIONS,CANCEL_REASON,TEXT,No,No
ORDERGROOVE_CANCELLATIONS,ORDERS_PLACED,TEXT,No,No
ORDERGROOVE_CANCELLATIONS,LAST_ORDER_DATE,TEXT,No,No
ORDERGROOVE_CANCELLATIONS,TOTAL_ACTIVE_SUBSCRIPTIONS,NUMBER,No,No
ORDERGROOVE_CANCELLATIONS,SUBSCRIBER_STATUS,NUMBER,No,No
PARENT_CHILD_METRICS,CALENDAR_DATE,DATE,No,No
PARENT_CHILD_METRICS,STORE_NO,NUMBER,No,No
PARENT_CHILD_METRICS,SKU_ID,TEXT,No,No
PARENT_CHILD_METRICS,TOTAL_SALES,NUMBER,No,No
PARENT_CHILD_METRICS,TOTAL_UNITS,NUMBER,No,No
PARENT_CHILD_METRICS,COST,NUMBER,No,No
PARENT_CHILD_METRICS,INVENTORY_UNITS,NUMBER,No,No
PARENT_CHILD_METRICS,INVENTORY_DOLLARS,NUMBER,No,No
PARENT_CHILD_METRICS,SET_QUANTITY,NUMBER,No,No
PLANAMOUNT,PLANYR,NUMBER,No,No
PLANAMOUNT,PLANGRP,TEXT,No,No
PLANAMOUNT,PLANTYP,NUMBER,No,No
PLANAMOUNT,RESERVECODE,NUMBER,No,No
PLANAMOUNT,STR,NUMBER,No,No
PLANAMOUNT,LINE,NUMBER,No,No
PLANAMOUNT,DATE,DATE,No,No
PLANAMOUNT,PLANAMOUNT,FLOAT,No,No
PLANAMOUNT,PB_SALES,FLOAT,No,No
PLANAMOUNT,TRANS,FLOAT,No,No
PLANAMOUNT,UNITS,FLOAT,No,No
PLANAMOUNT,TRAFF_TRANS,FLOAT,No,No
PLANAMOUNT,TRAFF,FLOAT,No,No
PLANAMOUNT,FCSTAMOUNT,FLOAT,No,No
PLANAMOUNT,FCST_PB_SALES,FLOAT,No,No
PLANAMOUNT,FCST_TRANS,FLOAT,No,No
PLANAMOUNT,FCST_UNITS,FLOAT,No,No
PLANAMOUNT,FCST_TRAFF_TRANS,FLOAT,No,No
PLANAMOUNT,FCST_TRAFF,FLOAT,No,No
PODATE,POLOC,NUMBER,No,No
PODATE,INUMBR,NUMBER,No,No
PODATE,POSDAT,NUMBER,No,No
POMDTL,INUMBR,NUMBER,No,No
POMDTL,PONUMB,NUMBER,No,No
POMDTL,POLOC,NUMBER,No,No
POMDTL,POMQTY,NUMBER,No,No
POMDTL,POMCST,NUMBER,No,No
POMDTL,POMRET,NUMBER,No,No
POMHDR,PONUMB,NUMBER,No,No
POMHDR,POVNUM,NUMBER,No,No
POMHDR,POSTOR,NUMBER,No,No
POMHDR,POSDAT,NUMBER,No,No
PONUMB,POLOC,NUMBER,No,No
PONUMB,INUMBR,NUMBER,No,No
PONUMB,POSDAT,NUMBER,No,No
PONUMB,POSNUM,NUMBER,No,No
PONUMB,POMQTY,NUMBER,No,No
PONUMB,POMCST,NUMBER,No,No
PONUMB,POMRET,NUMBER,No,No
PO_DETAIL_HISTORY_POMDTH_PURGE_DATA,PONUMB,NUMBER,No,No
PO_DETAIL_HISTORY_POMDTH_PURGE_DATA,POBON,NUMBER,No,No
PO_DETAIL_HISTORY_POMDTH_PURGE_DATA,INUMBR,NUMBER,No,No
PO_DETAIL_HISTORY_POMDTH_PURGE_DATA,PODEST,TEXT,No,No
PO_DETAIL_HISTORY_POMDTH_PURGE_DATA,POLOC,NUMBER,No,No
PO_DETAIL_HISTORY_POMDTH_PURGE_DATA,ISLOC1,NUMBER,No,No
PO_DETAIL_HISTORY_POMDTH_PURGE_DATA,ISLOC2,TEXT,No,No
PO_DETAIL_HISTORY_POMDTH_PURGE_DATA,ISLOC3,TEXT,No,No
PO_DETAIL_HISTORY_POMDTH_PURGE_DATA,POMUM,TEXT,No,No
PO_DETAIL_HISTORY_POMDTH_PURGE_DATA,POMBSF,NUMBER,No,No
PO_DETAIL_HISTORY_POMDTH_PURGE_DATA,POMPK,NUMBER,No,No
PO_DETAIL_HISTORY_POMDTH_PURGE_DATA,POMCST,NUMBER,No,No
PO_DETAIL_HISTORY_POMDTH_PURGE_DATA,POMVAT,NUMBER,No,No
PO_DETAIL_HISTORY_POMDTH_PURGE_DATA,POMRET,NUMBER,No,No
PO_DETAIL_HISTORY_POMDTH_PURGE_DATA,POMQTY,NUMBER,No,No
PO_DETAIL_HISTORY_POMDTH_PURGE_DATA,POMREC,NUMBER,No,No
PO_DETAIL_HISTORY_POMDTH_PURGE_DATA,PVNDPN,TEXT,No,No
PO_DETAIL_HISTORY_POMDTH_PURGE_DATA,POMORG,NUMBER,No,No
PO_DETAIL_HISTORY_POMDTH_PURGE_DATA,POFREE,NUMBER,No,No
PO_DETAIL_HISTORY_POMDTH_PURGE_DATA,POMRES,NUMBER,No,No
PO_DETAIL_HISTORY_POMDTH_PURGE_DATA,POTALW,NUMBER,No,No
PO_DETAIL_HISTORY_POMDTH_PURGE_DATA,POSVND,NUMBER,No,No
PO_DETAIL_HISTORY_POMDTH_PURGE_DATA,POSTYL,TEXT,No,No
PO_DETAIL_HISTORY_POMDTH_PURGE_DATA,POMFLG,TEXT,No,No
PO_DETAIL_HISTORY_POMDTH_PURGE_DATA,POSEAS,TEXT,No,No
PO_DETAIL_HISTORY_POMDTH_PURGE_DATA,POSCOL,NUMBER,No,No
PO_DETAIL_HISTORY_POMDTH_PURGE_DATA,POSSIZ,TEXT,No,No
PO_DETAIL_HISTORY_POMDTH_PURGE_DATA,POSDIM,TEXT,No,No
PO_DETAIL_HISTORY_POMDTH_PURGE_DATA,POBQTY,NUMBER,No,No
PO_DETAIL_HISTORY_POMDTH_PURGE_DATA,POBCST,NUMBER,No,No
PO_DETAIL_HISTORY_POMDTH_PURGE_DATA,POBALW,NUMBER,No,No
PO_DETAIL_HISTORY_POMDTH_PURGE_DATA,POUSER,TEXT,No,No
PO_DETAIL_HISTORY_POMDTH_PURGE_DATA,DATCUR,NUMBER,No,No
PO_DETAIL_HISTORY_POMDTH_PURGE_DATA,DATTIM,NUMBER,No,No
PO_DETAIL_HISTORY_POMDTH_PURGE_DATA,FLAG,TEXT,No,No
PO_DETAIL_HISTORY_POMDTH_V,PONUMB,FLOAT,No,No
PO_DETAIL_HISTORY_POMDTH_V,POBON,FLOAT,No,No
PO_DETAIL_HISTORY_POMDTH_V,INUMBR,NUMBER,No,No
PO_DETAIL_HISTORY_POMDTH_V,PODEST,TEXT,No,No
PO_DETAIL_HISTORY_POMDTH_V,POLOC,NUMBER,No,No
PO_DETAIL_HISTORY_POMDTH_V,ISLOC1,NUMBER,No,No
PO_DETAIL_HISTORY_POMDTH_V,ISLOC2,TEXT,No,No
PO_DETAIL_HISTORY_POMDTH_V,ISLOC3,TEXT,No,No
PO_DETAIL_HISTORY_POMDTH_V,POMUM,TEXT,No,No
PO_DETAIL_HISTORY_POMDTH_V,POMBSF,NUMBER,No,No
PO_DETAIL_HISTORY_POMDTH_V,POMPK,NUMBER,No,No
PO_DETAIL_HISTORY_POMDTH_V,POMCST,NUMBER,No,No
PO_DETAIL_HISTORY_POMDTH_V,POMVAT,NUMBER,No,No
PO_DETAIL_HISTORY_POMDTH_V,POMRET,NUMBER,No,No
PO_DETAIL_HISTORY_POMDTH_V,POMQTY,NUMBER,No,No
PO_DETAIL_HISTORY_POMDTH_V,POMREC,NUMBER,No,No
PO_DETAIL_HISTORY_POMDTH_V,PVNDPN,TEXT,No,No
PO_DETAIL_HISTORY_POMDTH_V,POMORG,NUMBER,No,No
PO_DETAIL_HISTORY_POMDTH_V,POFREE,TEXT,No,No
PO_DETAIL_HISTORY_POMDTH_V,POMRES,NUMBER,No,No
PO_DETAIL_HISTORY_POMDTH_V,POTALW,NUMBER,No,No
PO_DETAIL_HISTORY_POMDTH_V,POSVND,FLOAT,No,No
PO_DETAIL_HISTORY_POMDTH_V,POSTYL,TEXT,No,No
PO_DETAIL_HISTORY_POMDTH_V,POMFLG,TEXT,No,No
PO_DETAIL_HISTORY_POMDTH_V,POSEAS,TEXT,No,No
PO_DETAIL_HISTORY_POMDTH_V,POSCOL,TEXT,No,No
PO_DETAIL_HISTORY_POMDTH_V,POSSIZ,TEXT,No,No
PO_DETAIL_HISTORY_POMDTH_V,POSDIM,TEXT,No,No
PO_DETAIL_HISTORY_POMDTH_V,POBQTY,TEXT,No,No
PO_DETAIL_HISTORY_POMDTH_V,POBCST,TEXT,No,No
PO_DETAIL_HISTORY_POMDTH_V,POBALW,NUMBER,No,No
PO_DETAIL_HISTORY_POMDTH_V,POUSER,TEXT,No,No
PO_DETAIL_HISTORY_POMDTH_V,DATCUR,TEXT,No,No
PO_DETAIL_HISTORY_POMDTH_V,DATTIM,TEXT,No,No
PO_DETAIL_HISTORY_POMDTH_V,LOAD_DATE,DATE,No,No
PO_DETAIL_HISTORY_POMDTH_V,POM1ST,NUMBER,No,No
PO_DETAIL_HISTORY_POMDTH_V,PGMNAM,TEXT,No,No
PO_DETAIL_HISTORY_POMDTH_V,JOBNAM,TEXT,No,No
PO_HEADER_HISTORY_POMHDH_PURGE_DATA,PONUMB,FLOAT,No,No
PO_HEADER_HISTORY_POMHDH_PURGE_DATA,POBON,FLOAT,No,No
PO_HEADER_HISTORY_POMHDH_PURGE_DATA,POVNUM,FLOAT,No,No
PO_HEADER_HISTORY_POMHDH_PURGE_DATA,POTRMS,FLOAT,No,No
PO_HEADER_HISTORY_POMHDH_PURGE_DATA,POTIND,TEXT,No,No
PO_HEADER_HISTORY_POMHDH_PURGE_DATA,POSTAT,TEXT,No,No
PO_HEADER_HISTORY_POMHDH_PURGE_DATA,POTYPE,TEXT,No,No
PO_HEADER_HISTORY_POMHDH_PURGE_DATA,PODEST,TEXT,No,No
PO_HEADER_HISTORY_POMHDH_PURGE_DATA,POSTOR,TEXT,No,No
PO_HEADER_HISTORY_POMHDH_PURGE_DATA,POADYN,TEXT,No,No
PO_HEADER_HISTORY_POMHDH_PURGE_DATA,PODMTH,TEXT,No,No
PO_HEADER_HISTORY_POMHDH_PURGE_DATA,POALBO,TEXT,No,No
PO_HEADER_HISTORY_POMHDH_PURGE_DATA,POCONF,TEXT,No,No
PO_HEADER_HISTORY_POMHDH_PURGE_DATA,POPHON,TEXT,No,No
PO_HEADER_HISTORY_POMHDH_PURGE_DATA,POBUYR,TEXT,No,No
PO_HEADER_HISTORY_POMHDH_PURGE_DATA,PODPT,TEXT,No,No
PO_HEADER_HISTORY_POMHDH_PURGE_DATA,POSDPT,TEXT,No,No
PO_HEADER_HISTORY_POMHDH_PURGE_DATA,POTHER,TEXT,No,No
PO_HEADER_HISTORY_POMHDH_PURGE_DATA,POFPCD,TEXT,No,No
PO_HEADER_HISTORY_POMHDH_PURGE_DATA,POFOB,TEXT,No,No
PO_HEADER_HISTORY_POMHDH_PURGE_DATA,POSHP1,TEXT,No,No
PO_HEADER_HISTORY_POMHDH_PURGE_DATA,POSHP2,TEXT,No,No
PO_HEADER_HISTORY_POMHDH_PURGE_DATA,POSHPP,TEXT,No,No
PO_HEADER_HISTORY_POMHDH_PURGE_DATA,POSHPC,TEXT,No,No
PO_HEADER_HISTORY_POMHDH_PURGE_DATA,POEDAT,FLOAT,No,No
PO_HEADER_HISTORY_POMHDH_PURGE_DATA,POSDAT,FLOAT,No,No
PO_HEADER_HISTORY_POMHDH_PURGE_DATA,POCDAT,FLOAT,No,No
PO_HEADER_HISTORY_POMHDH_PURGE_DATA,PORDAT,FLOAT,No,No
PO_HEADER_HISTORY_POMHDH_PURGE_DATA,POLCHG,FLOAT,No,No
PO_HEADER_HISTORY_POMHDH_PURGE_DATA,PORFRQ,TEXT,No,No
PO_HEADER_HISTORY_POMHDH_PURGE_DATA,POLEAD,TEXT,No,No
PO_HEADER_HISTORY_POMHDH_PURGE_DATA,POORIG,TEXT,No,No
PO_HEADER_HISTORY_POMHDH_PURGE_DATA,PONOT1,TEXT,No,No
PO_HEADER_HISTORY_POMHDH_PURGE_DATA,PONOT2,TEXT,No,No
PO_HEADER_HISTORY_POMHDH_PURGE_DATA,PONOT3,TEXT,No,No
PO_HEADER_HISTORY_POMHDH_PURGE_DATA,POCOST,TEXT,No,No
PO_HEADER_HISTORY_POMHDH_PURGE_DATA,POVAT,TEXT,No,No
PO_HEADER_HISTORY_POMHDH_PURGE_DATA,PORETL,TEXT,No,No
PO_HEADER_HISTORY_POMHDH_PURGE_DATA,POCASE,TEXT,No,No
PO_HEADER_HISTORY_POMHDH_PURGE_DATA,POUNTS,TEXT,No,No
PO_HEADER_HISTORY_POMHDH_PURGE_DATA,POWGHT,TEXT,No,No
PO_HEADER_HISTORY_POMHDH_PURGE_DATA,POTARP,TEXT,No,No
PO_HEADER_HISTORY_POMHDH_PURGE_DATA,POSTOP,TEXT,No,No
PO_HEADER_HISTORY_POMHDH_PURGE_DATA,POSKID,TEXT,No,No
PO_HEADER_HISTORY_POMHDH_PURGE_DATA,POOTHN,TEXT,No,No
PO_HEADER_HISTORY_POMHDH_PURGE_DATA,POOTHP,TEXT,No,No
PO_HEADER_HISTORY_POMHDH_PURGE_DATA,POBTCH,TEXT,No,No
PO_HEADER_HISTORY_POMHDH_PURGE_DATA,PORRET,TEXT,No,No
PO_HEADER_HISTORY_POMHDH_PURGE_DATA,PORVAT,TEXT,No,No
PO_HEADER_HISTORY_POMHDH_PURGE_DATA,PORCST,TEXT,No,No
PO_HEADER_HISTORY_POMHDH_PURGE_DATA,POTPLT,TEXT,No,No
PO_HEADER_HISTORY_POMHDH_PURGE_DATA,POCUBE,TEXT,No,No
PO_HEADER_HISTORY_POMHDH_PURGE_DATA,POPDWN,TEXT,No,No
PO_HEADER_HISTORY_POMHDH_PURGE_DATA,SHPNUM,TEXT,No,No
PO_HEADER_HISTORY_POMHDH_PURGE_DATA,POPYCN,FLOAT,No,No
PO_HEADER_HISTORY_POMHDH_PURGE_DATA,POPYDT,TEXT,No,No
PO_HEADER_HISTORY_POMHDH_PURGE_DATA,POMALS,TEXT,No,No
PO_HEADER_HISTORY_POMHDH_PURGE_DATA,POMALV,TEXT,No,No
PO_HEADER_HISTORY_POMHDH_PURGE_DATA,POMSPO,TEXT,No,No
PO_HEADER_HISTORY_POMHDH_PURGE_DATA,POMSBO,TEXT,No,No
PO_HEADER_HISTORY_POMHDH_PURGE_DATA,POLOAD,TEXT,No,No
PO_HEADER_HISTORY_POMHDH_PURGE_DATA,POMCRT,TEXT,No,No
PO_HEADER_HISTORY_POMHDH_PURGE_DATA,POMCDT,TEXT,No,No
PO_HEADER_HISTORY_POMHDH_PURGE_DATA,POQCKE,TEXT,No,No
PO_HEADER_HISTORY_POMHDH_PURGE_DATA,POMTYP,TEXT,No,No
PO_HEADER_HISTORY_POMHDH_PURGE_DATA,PO850F,TEXT,No,No
PO_HEADER_HISTORY_POMHDH_PURGE_DATA,PO860F,TEXT,No,No
PO_HEADER_HISTORY_POMHDH_PURGE_DATA,POTPID,TEXT,No,No
PO_HEADER_HISTORY_POMHDH_PURGE_DATA,POBSDT,FLOAT,No,No
PO_HEADER_HISTORY_POMHDH_PURGE_DATA,POASDT,FLOAT,No,No
PO_HEADER_HISTORY_POMHDH_PURGE_DATA,POCODF,TEXT,No,No
PO_HEADER_HISTORY_POMHDH_PURGE_DATA,POCODT,TEXT,No,No
PO_HEADER_HISTORY_POMHDH_PURGE_DATA,POCVTP,TEXT,No,No
PO_HEADER_HISTORY_POMHDH_PURGE_DATA,POCVMD,TEXT,No,No
PO_HEADER_HISTORY_POMHDH_PURGE_DATA,POMCPY,TEXT,No,No
PO_HEADER_HISTORY_POMHDH_PURGE_DATA,POUSER,TEXT,No,No
PO_HEADER_HISTORY_POMHDH_PURGE_DATA,DATCUR,FLOAT,No,No
PO_HEADER_HISTORY_POMHDH_PURGE_DATA,DATTIM,FLOAT,No,No
PO_HEADER_HISTORY_POMHDH_PURGE_DATA,FLAG,TEXT,No,No
PO_RECEIVER_DETAIL_POMRCD_PURGE_DATA,POMRCV,FLOAT,No,No
PO_RECEIVER_DETAIL_POMRCD_PURGE_DATA,PONUMB,FLOAT,No,No
PO_RECEIVER_DETAIL_POMRCD_PURGE_DATA,POBON,FLOAT,No,No
PO_RECEIVER_DETAIL_POMRCD_PURGE_DATA,PODEST,TEXT,No,No
PO_RECEIVER_DETAIL_POMRCD_PURGE_DATA,POLOC,NUMBER,No,No
PO_RECEIVER_DETAIL_POMRCD_PURGE_DATA,INUMBR,NUMBER,No,No
PO_RECEIVER_DETAIL_POMRCD_PURGE_DATA,POMUM,TEXT,No,No
PO_RECEIVER_DETAIL_POMRCD_PURGE_DATA,POMBSF,NUMBER,No,No
PO_RECEIVER_DETAIL_POMRCD_PURGE_DATA,POMPK,NUMBER,No,No
PO_RECEIVER_DETAIL_POMRCD_PURGE_DATA,POMCST,NUMBER,No,No
PO_RECEIVER_DETAIL_POMRCD_PURGE_DATA,POMVAT,NUMBER,No,No
PO_RECEIVER_DETAIL_POMRCD_PURGE_DATA,POMRET,NUMBER,No,No
PO_RECEIVER_DETAIL_POMRCD_PURGE_DATA,POMQTY,NUMBER,No,No
PO_RECEIVER_DETAIL_POMRCD_PURGE_DATA,POMREC,NUMBER,No,No
PO_RECEIVER_DETAIL_POMRCD_PURGE_DATA,POMCUR,NUMBER,No,No
PO_RECEIVER_DETAIL_POMRCD_PURGE_DATA,POMRTC,TEXT,No,No
PO_RECEIVER_DETAIL_POMRCD_PURGE_DATA,POMRTV,NUMBER,No,No
PO_RECEIVER_DETAIL_POMRCD_PURGE_DATA,PVNDPN,TEXT,No,No
PO_RECEIVER_DETAIL_POMRCD_PURGE_DATA,POMORG,NUMBER,No,No
PO_RECEIVER_DETAIL_POMRCD_PURGE_DATA,POTALW,NUMBER,No,No
PO_RECEIVER_DETAIL_POMRCD_PURGE_DATA,POSEAS,TEXT,No,No
PO_RECEIVER_DETAIL_POMRCD_PURGE_DATA,POSVND,FLOAT,No,No
PO_RECEIVER_DETAIL_POMRCD_PURGE_DATA,POSTYL,TEXT,No,No
PO_RECEIVER_DETAIL_POMRCD_PURGE_DATA,POMFLG,TEXT,No,No
PO_RECEIVER_DETAIL_POMRCD_PURGE_DATA,POSCOL,FLOAT,No,No
PO_RECEIVER_DETAIL_POMRCD_PURGE_DATA,POSSIZ,TEXT,No,No
PO_RECEIVER_DETAIL_POMRCD_PURGE_DATA,POSDIM,TEXT,No,No
PO_RECEIVER_DETAIL_POMRCD_PURGE_DATA,POUPC,NUMBER,No,No
PO_RECEIVER_DETAIL_POMRCD_PURGE_DATA,POUPCC,TEXT,No,No
PO_RECEIVER_DETAIL_POMRCD_PURGE_DATA,POLMCH,TEXT,No,No
PO_RECEIVER_DETAIL_POMRCD_PURGE_DATA,POBQTY,NUMBER,No,No
PO_RECEIVER_DETAIL_POMRCD_PURGE_DATA,POBCST,NUMBER,No,No
PO_RECEIVER_DETAIL_POMRCD_PURGE_DATA,POBALW,NUMBER,No,No
PO_RECEIVER_DETAIL_POMRCD_PURGE_DATA,POMREB,NUMBER,No,No
PO_RECEIVER_DETAIL_POMRCD_PURGE_DATA,POMOTH,NUMBER,No,No
PO_RECEIVER_DETAIL_POMRCD_PURGE_DATA,FLAG,TEXT,No,No
PO_RECEIVER_HEADER_POMRCH_PURGE_DATA,POMRCV,FLOAT,No,No
PO_RECEIVER_HEADER_POMRCH_PURGE_DATA,PONUMB,FLOAT,No,No
PO_RECEIVER_HEADER_POMRCH_PURGE_DATA,POBON,FLOAT,No,No
PO_RECEIVER_HEADER_POMRCH_PURGE_DATA,PODEST,TEXT,No,No
PO_RECEIVER_HEADER_POMRCH_PURGE_DATA,POLOC,NUMBER,No,No
PO_RECEIVER_HEADER_POMRCH_PURGE_DATA,POVNUM,FLOAT,No,No
PO_RECEIVER_HEADER_POMRCH_PURGE_DATA,POSTAT,TEXT,No,No
PO_RECEIVER_HEADER_POMRCH_PURGE_DATA,PORCEN,NUMBER,No,No
PO_RECEIVER_HEADER_POMRCH_PURGE_DATA,PORDAT,FLOAT,No,No
PO_RECEIVER_HEADER_POMRCH_PURGE_DATA,POINIT,TEXT,No,No
PO_RECEIVER_HEADER_POMRCH_PURGE_DATA,POLADG,TEXT,No,No
PO_RECEIVER_HEADER_POMRCH_PURGE_DATA,POPLLT,NUMBER,No,No
PO_RECEIVER_HEADER_POMRCH_PURGE_DATA,POCRTN,NUMBER,No,No
PO_RECEIVER_HEADER_POMRCH_PURGE_DATA,POCOST,NUMBER,No,No
PO_RECEIVER_HEADER_POMRCH_PURGE_DATA,POVAT,NUMBER,No,No
PO_RECEIVER_HEADER_POMRCH_PURGE_DATA,PORETL,NUMBER,No,No
PO_RECEIVER_HEADER_POMRCH_PURGE_DATA,POCASE,NUMBER,No,No
PO_RECEIVER_HEADER_POMRCH_PURGE_DATA,POUNTS,NUMBER,No,No
PO_RECEIVER_HEADER_POMRCH_PURGE_DATA,POWGHT,NUMBER,No,No
PO_RECEIVER_HEADER_POMRCH_PURGE_DATA,PORWGT,NUMBER,No,No
PO_RECEIVER_HEADER_POMRCH_PURGE_DATA,PORVRT,NUMBER,No,No
PO_RECEIVER_HEADER_POMRCH_PURGE_DATA,PORVAT,NUMBER,No,No
PO_RECEIVER_HEADER_POMRCH_PURGE_DATA,PORVCS,NUMBER,No,No
PO_RECEIVER_HEADER_POMRCH_PURGE_DATA,PORDCK,TEXT,No,No
PO_RECEIVER_HEADER_POMRCH_PURGE_DATA,PODPT,FLOAT,No,No
PO_RECEIVER_HEADER_POMRCH_PURGE_DATA,POSDPT,FLOAT,No,No
PO_RECEIVER_HEADER_POMRCH_PURGE_DATA,POSHPR,TEXT,No,No
PO_RECEIVER_HEADER_POMRCH_PURGE_DATA,POPLTR,FLOAT,No,No
PO_RECEIVER_HEADER_POMRCH_PURGE_DATA,POCRTR,FLOAT,No,No
PO_RECEIVER_HEADER_POMRCH_PURGE_DATA,POCKBY,TEXT,No,No
PO_RECEIVER_HEADER_POMRCH_PURGE_DATA,PORALS,NUMBER,No,No
PO_RECEIVER_HEADER_POMRCH_PURGE_DATA,PORALV,NUMBER,No,No
PO_RECEIVER_HEADER_POMRCH_PURGE_DATA,POPLTD,FLOAT,No,No
PO_RECEIVER_HEADER_POMRCH_PURGE_DATA,POCRTD,FLOAT,No,No
PO_RECEIVER_HEADER_POMRCH_PURGE_DATA,POMSPO,FLOAT,No,No
PO_RECEIVER_HEADER_POMRCH_PURGE_DATA,POMSBO,FLOAT,No,No
PO_RECEIVER_HEADER_POMRCH_PURGE_DATA,PORCRT,NUMBER,No,No
PO_RECEIVER_HEADER_POMRCH_PURGE_DATA,PORCCN,NUMBER,No,No
PO_RECEIVER_HEADER_POMRCH_PURGE_DATA,PORCDT,NUMBER,No,No
PO_RECEIVER_HEADER_POMRCH_PURGE_DATA,PORMCH,TEXT,No,No
PO_RECEIVER_HEADER_POMRCH_PURGE_DATA,POAMCH,NUMBER,No,No
PO_RECEIVER_HEADER_POMRCH_PURGE_DATA,POINVC,TEXT,No,No
PO_RECEIVER_HEADER_POMRCH_PURGE_DATA,PORALN,NUMBER,No,No
PO_RECEIVER_HEADER_POMRCH_PURGE_DATA,POSAVD,TEXT,No,No
PO_RECEIVER_HEADER_POMRCH_PURGE_DATA,POREBT,NUMBER,No,No
PO_RECEIVER_HEADER_POMRCH_PURGE_DATA,POOTHR,NUMBER,No,No
PO_RECEIVER_HEADER_POMRCH_PURGE_DATA,POTPID,TEXT,No,No
PO_RECEIVER_HEADER_POMRCH_PURGE_DATA,SHPNUM,FLOAT,No,No
PO_RECEIVER_HEADER_POMRCH_PURGE_DATA,POFPCD,TEXT,No,No
PO_RECEIVER_HEADER_POMRCH_PURGE_DATA,POICMP,FLOAT,No,No
PO_RECEIVER_HEADER_POMRCH_PURGE_DATA,PORCVT,TEXT,No,No
PO_RECEIVER_HEADER_POMRCH_PURGE_DATA,POOTPA,NUMBER,No,No
PO_RECEIVER_HEADER_POMRCH_PURGE_DATA,POCODF,TEXT,No,No
PO_RECEIVER_HEADER_POMRCH_PURGE_DATA,POCODT,TEXT,No,No
PO_RECEIVER_HEADER_POMRCH_PURGE_DATA,POCVTP,TEXT,No,No
PO_RECEIVER_HEADER_POMRCH_PURGE_DATA,POCVMD,TEXT,No,No
PO_RECEIVER_HEADER_POMRCH_PURGE_DATA,FLAG,TEXT,No,No
PO_STATUS,PO_NUMBER,FLOAT,No,No
PO_STATUS,RECEIPT_DATE,FLOAT,No,No
PO_STATUS,PO_STATUS,TEXT,No,No
PO_STATUS,LOAD_DATE,DATE,No,No
PO_STATUS,CANCEL_DATE,DATE,No,No
PO_STATUS,PO_ACTIVE_CLOSED,TEXT,No,No
PRC_DTL,SKU,NUMBER,No,No
PRC_DTL,STORE_NO,NUMBER,No,No
PRC_DTL,LPRETL,NUMBER,No,No
PROFILES,PROFILEPK,FLOAT,No,No
PROFILES,PROFILENAME,TEXT,No,No
PROFILES,FIRSTNAME,TEXT,No,No
PROFILES,LASTNAME,TEXT,No,No
PROFILES,WACCOUNT,TEXT,No,No
PROFILES,DEPT,TEXT,No,No
PROFILES,EMAIL,TEXT,No,No
PROFILES,UPDATETS,TIMESTAMP_NTZ,No,No
PROFILES,INSERTTS,TIMESTAMP_NTZ,No,No
PROFILES,ACCESSCODE,TEXT,No,No
PROFILES,DISTRICTID,FLOAT,No,No
PROFILES,REGIONID,TEXT,No,No
PROFILES,REGION,TEXT,No,No
PROFILES,STOREID,FLOAT,No,No
PR_PAYPLAN,FSCL_PD,TEXT,No,No
PR_PAYPLAN,YEAR,NUMBER,No,No
PR_PAYPLAN,MONTH,NUMBER,No,No
PR_PAYPLAN,WEEK,NUMBER,No,No
PR_PAYPLAN,PLANTYP,NUMBER,No,No
PR_PAYPLAN,RESERVECODE,NUMBER,No,No
PR_PAYPLAN,LINE,NUMBER,No,No
PR_PAYPLAN,DATEID,DATE,No,No
PR_PAYPLAN,STORE,NUMBER,No,No
PR_PAYPLAN,PLN_REG_HRS,FLOAT,No,No
PR_PAYPLAN,PLN_OT_HRS,FLOAT,No,No
PR_PAYPLAN,PLN_TOT_HRS,FLOAT,No,No
PR_PAYPLAN,PLN_REGULAR$,FLOAT,No,No
PR_PAYPLAN,PLN_OT$,FLOAT,No,No
PR_PAYPLAN,PLN_NONPROD$,FLOAT,No,No
PR_PAYPLAN,PLN_TOT_PAY,FLOAT,No,No
PR_PAYPLAN,PLN_MGR_PAY,FLOAT,No,No
PR_PAYPLAN,ADJ,NUMBER,No,No
PR_PAYPLAN,PAY_TYP,NUMBER,No,No
PR_PAYPLAN,REPORTSFK,NUMBER,No,No
PR_SALESREPORTING,DATEID,DATE,No,No
PR_SALESREPORTING,STORE,NUMBER,No,No
PR_SALESREPORTING,REG_HRS,NUMBER,No,No
PR_SALESREPORTING,OT_HRS,NUMBER,No,No
PR_SALESREPORTING,TOT_HRS,NUMBER,No,No
PR_SALESREPORTING,REGULAR$,NUMBER,No,No
PR_SALESREPORTING,OT$,NUMBER,No,No
PR_SALESREPORTING,SICK_PER_HOL$,NUMBER,No,No
PR_SALESREPORTING,VAC$,NUMBER,No,No
PR_SALESREPORTING,TOT_PAY,NUMBER,No,No
PR_SALESREPORTING,COMMISSION,NUMBER,No,No
PR_SALESREPORTING,TOT_PAY_COMMISSION,NUMBER,No,No
PR_SALESREPORTING,MGR_REGULAR$,NUMBER,No,No
PR_SALESREPORTING,MGR_SICK_PER_HOL$,NUMBER,No,No
PR_SALESREPORTING,MGR_VAC$,NUMBER,No,No
PR_SALESREPORTING,TOT_MGR_PAY,NUMBER,No,No
PR_SALESREPORTING,OTH_PAY,NUMBER,No,No
PR_SALESREPORTING,RETRO,NUMBER,No,No
PR_SALESREPORTING,TOT_NONPROD_HRS,NUMBER,No,No
PR_SALESREPORTING,MGR_NONPROD_HRS,NUMBER,No,No
PR_SALESREPORTING,ADJUSTMENT_NO,NUMBER,No,No
PR_SALESREPORTING,PAY_TYP,NUMBER,No,No
PR_SALESREPORTING,PLAN_SALES,NUMBER,No,No
PR_SALESREPORTING,SALES,NUMBER,No,No
P_AND_L_INVENTORY_REPORT,MONTH_ENDING_DATE,DATE,No,No
P_AND_L_INVENTORY_REPORT,STORE_NO,NUMBER,No,No
P_AND_L_INVENTORY_REPORT,DAMAGED_IN_STORE,NUMBER,No,No
P_AND_L_INVENTORY_REPORT,DAMAGED_CUSTOMER_RETURN,NUMBER,No,No
P_AND_L_INVENTORY_REPORT,AUTO_CLOSE,NUMBER,No,No
P_AND_L_INVENTORY_REPORT,EXPIRED_IN_STORE,NUMBER,No,No
P_AND_L_INVENTORY_REPORT,PO_RECEIPTS,NUMBER,No,No
P_AND_L_INVENTORY_REPORT,RETURNS_SALES,NUMBER,No,No
P_AND_L_INVENTORY_REPORT,RETURNS_COST,NUMBER,No,No
P_AND_L_INVENTORY_REPORT,SALES,NUMBER,No,No
P_AND_L_INVENTORY_REPORT,COST,NUMBER,No,No
P_AND_L_INVENTORY_REPORT,SAMPLES,NUMBER,No,No
P_AND_L_INVENTORY_REPORT,SHRINK,NUMBER,No,No
P_AND_L_INVENTORY_REPORT,TRANSFER_IN,NUMBER,No,No
P_AND_L_INVENTORY_REPORT,TRANSFER_OUT_SALES,NUMBER,No,No
P_AND_L_INVENTORY_REPORT,TRANSFER_OUT_COST,NUMBER,No,No
P_AND_L_INVENTORY_REPORT,BOM_UNITS,NUMBER,No,No
P_AND_L_INVENTORY_REPORT,BOM_COST,NUMBER,No,No
P_AND_L_INVENTORY_REPORT,EOM_UNITS,NUMBER,No,No
P_AND_L_INVENTORY_REPORT,EOM_COST,NUMBER,No,No
P_AND_L_INVENTORY_REPORT,VENDOR_ALLOWANCES,NUMBER,No,No
P_AND_L_INVENTORY_REPORT,DISCONTINUED_DESTROYED,NUMBER,No,No
P_AND_L_INVENTORY_REPORT,RTV,NUMBER,No,No
P_AND_L_INVENTORY_REPORT,DONATIONS,NUMBER,No,No
P_AND_L_INVENTORY_REPORT,FIRST_SALE_DATE,DATE,No,No
P_AND_L_INVENTORY_REPORT_BP,MONTH_ENDING_DATE,DATE,No,No
P_AND_L_INVENTORY_REPORT_BP,STORE_NO,NUMBER,No,No
P_AND_L_INVENTORY_REPORT_BP,DAMAGED_IN_STORE,NUMBER,No,No
P_AND_L_INVENTORY_REPORT_BP,DAMAGED_CUSTOMER_RETURN,NUMBER,No,No
P_AND_L_INVENTORY_REPORT_BP,AUTO_CLOSE,NUMBER,No,No
P_AND_L_INVENTORY_REPORT_BP,EXPIRED_IN_STORE,NUMBER,No,No
P_AND_L_INVENTORY_REPORT_BP,PO_RECEIPTS,NUMBER,No,No
P_AND_L_INVENTORY_REPORT_BP,RETURNS_SALES,NUMBER,No,No
P_AND_L_INVENTORY_REPORT_BP,RETURNS_COST,NUMBER,No,No
P_AND_L_INVENTORY_REPORT_BP,SALES,NUMBER,No,No
P_AND_L_INVENTORY_REPORT_BP,COST,NUMBER,No,No
P_AND_L_INVENTORY_REPORT_BP,SAMPLES,NUMBER,No,No
P_AND_L_INVENTORY_REPORT_BP,SHRINK,NUMBER,No,No
P_AND_L_INVENTORY_REPORT_BP,TRANSFER_IN,NUMBER,No,No
P_AND_L_INVENTORY_REPORT_BP,TRANSFER_OUT_SALES,NUMBER,No,No
P_AND_L_INVENTORY_REPORT_BP,TRANSFER_OUT_COST,NUMBER,No,No
P_AND_L_INVENTORY_REPORT_BP,BOM_UNITS,NUMBER,No,No
P_AND_L_INVENTORY_REPORT_BP,BOM_COST,NUMBER,No,No
P_AND_L_INVENTORY_REPORT_BP,EOM_UNITS,NUMBER,No,No
P_AND_L_INVENTORY_REPORT_BP,EOM_COST,NUMBER,No,No
P_AND_L_INVENTORY_REPORT_BP,VENDOR_ALLOWANCES,NUMBER,No,No
P_AND_L_INVENTORY_REPORT_BP,DISCONTINUED_DESTROYED,NUMBER,No,No
P_AND_L_INVENTORY_REPORT_BP,RTV,NUMBER,No,No
P_AND_L_INVENTORY_REPORT_BP,DONATIONS,NUMBER,No,No
P_AND_L_INVENTORY_REPORT_MONTHLY,FISCAL_YEAR,NUMBER,No,No
P_AND_L_INVENTORY_REPORT_MONTHLY,FISCAL_MONTH,NUMBER,No,No
P_AND_L_INVENTORY_REPORT_MONTHLY,MONTH_END,DATE,No,No
P_AND_L_INVENTORY_REPORT_MONTHLY,STORE_NO,NUMBER,No,No
P_AND_L_INVENTORY_REPORT_MONTHLY,BOI_UNITS,NUMBER,No,No
P_AND_L_INVENTORY_REPORT_MONTHLY,BOI_COST,NUMBER,No,No
P_AND_L_INVENTORY_REPORT_MONTHLY,DCR_UNITS,NUMBER,No,No
P_AND_L_INVENTORY_REPORT_MONTHLY,DCR_COST,NUMBER,No,No
P_AND_L_INVENTORY_REPORT_MONTHLY,DIS_UNITS,NUMBER,No,No
P_AND_L_INVENTORY_REPORT_MONTHLY,DIS_COST,NUMBER,No,No
P_AND_L_INVENTORY_REPORT_MONTHLY,DCN_UNITS,NUMBER,No,No
P_AND_L_INVENTORY_REPORT_MONTHLY,DCN_COST,NUMBER,No,No
P_AND_L_INVENTORY_REPORT_MONTHLY,EIS_UNITS,NUMBER,No,No
P_AND_L_INVENTORY_REPORT_MONTHLY,EIS_COST,NUMBER,No,No
P_AND_L_INVENTORY_REPORT_MONTHLY,POR_UNITS,NUMBER,No,No
P_AND_L_INVENTORY_REPORT_MONTHLY,POR_COST,NUMBER,No,No
P_AND_L_INVENTORY_REPORT_MONTHLY,RTN_UNITS,NUMBER,No,No
P_AND_L_INVENTORY_REPORT_MONTHLY,RTN_COST,NUMBER,No,No
P_AND_L_INVENTORY_REPORT_MONTHLY,SALES_UNITS,NUMBER,No,No
P_AND_L_INVENTORY_REPORT_MONTHLY,SALES_COST,NUMBER,No,No
P_AND_L_INVENTORY_REPORT_MONTHLY,SHRINK_UNITS,NUMBER,No,No
P_AND_L_INVENTORY_REPORT_MONTHLY,SHRINK_COST,NUMBER,No,No
P_AND_L_INVENTORY_REPORT_MONTHLY,TRANS_IN_UNITS,NUMBER,No,No
P_AND_L_INVENTORY_REPORT_MONTHLY,TRANS_IN_COST,NUMBER,No,No
P_AND_L_INVENTORY_REPORT_MONTHLY,VENDOR_ALLOWANCES,NUMBER,No,No
P_AND_L_INVENTORY_REPORT_MONTHLY_H,MONTH_ENDING_DATE,DATE,No,No
P_AND_L_INVENTORY_REPORT_MONTHLY_H,STORE_NO,NUMBER,No,No
P_AND_L_INVENTORY_REPORT_MONTHLY_H,DAMAGES_EXPIRES,NUMBER,No,No
P_AND_L_INVENTORY_REPORT_MONTHLY_H,SHRINK,NUMBER,No,No
P_AND_L_INVENTORY_REPORT_MONTHLY_H,BOM_UNITS,NUMBER,No,No
P_AND_L_INVENTORY_REPORT_MONTHLY_H,BOM_COST,NUMBER,No,No
P_AND_L_INVENTORY_REPORT_MONTHLY_H,EOM_UNITS,NUMBER,No,No
P_AND_L_INVENTORY_REPORT_MONTHLY_H,EOM_COST,NUMBER,No,No
P_AND_L_INVENTORY_REPORT_MONTHLY_H,VENDOR_ALLOWANCES,NUMBER,No,No
RECEIVING_ADJUSTMENT_DETAIL_POMRAD_PURGE_DATA,RECEIVER_NO,NUMBER,No,No
RECEIVING_ADJUSTMENT_DETAIL_POMRAD_PURGE_DATA,SEQ_NO,NUMBER,No,No
RECEIVING_ADJUSTMENT_DETAIL_POMRAD_PURGE_DATA,SKU_NO,NUMBER,No,No
RECEIVING_ADJUSTMENT_DETAIL_POMRAD_PURGE_DATA,RAHQTY,NUMBER,No,No
RECEIVING_ADJUSTMENT_DETAIL_POMRAD_PURGE_DATA,RETAIL,NUMBER,No,No
RECEIVING_ADJUSTMENT_DETAIL_POMRAD_PURGE_DATA,VAT,NUMBER,No,No
RECEIVING_ADJUSTMENT_DETAIL_POMRAD_PURGE_DATA,COST,NUMBER,No,No
RECEIVING_ADJUSTMENT_DETAIL_POMRAD_PURGE_DATA,LINE_NO,NUMBER,No,No
RECEIVING_ADJUSTMENT_DETAIL_POMRAD_PURGE_DATA,WAREHOUSE_SLOT,TEXT,No,No
RECEIVING_ADJUSTMENT_DETAIL_POMRAD_PURGE_DATA,STYLE_VENDOR,NUMBER,No,No
RECEIVING_ADJUSTMENT_DETAIL_POMRAD_PURGE_DATA,STYLE_NO,TEXT,No,No
RECEIVING_ADJUSTMENT_DETAIL_POMRAD_PURGE_DATA,COLOR_CODE,NUMBER,No,No
RECEIVING_ADJUSTMENT_DETAIL_POMRAD_PURGE_DATA,SIZE_CODE,TEXT,No,No
RECEIVING_ADJUSTMENT_DETAIL_POMRAD_PURGE_DATA,DIMENSION_CODE,TEXT,No,No
RECEIVING_ADJUSTMENT_DETAIL_POMRAD_PURGE_DATA,TOTAL_REBATE_AMT,NUMBER,No,No
RECEIVING_ADJUSTMENT_DETAIL_POMRAD_PURGE_DATA,TOTAL_OTHER_COSTS,NUMBER,No,No
RECEIVING_ADJUSTMENT_DETAIL_POMRAD_PURGE_DATA,LINE_MATCHED,TEXT,No,No
RECEIVING_ADJUSTMENT_DETAIL_POMRAD_PURGE_DATA,INVOICE_MATCHED_TO,TEXT,No,No
RECEIVING_ADJUSTMENT_DETAIL_POMRAD_PURGE_DATA,VENDOR_NO,NUMBER,No,No
RECEIVING_ADJUSTMENT_DETAIL_POMRAD_PURGE_DATA,COST_ALLOW_PER_UNIT,NUMBER,No,No
RECEIVING_ADJUSTMENT_DETAIL_POMRAD_PURGE_DATA,RABQTY,NUMBER,No,No
RECEIVING_ADJUSTMENT_DETAIL_POMRAD_PURGE_DATA,BUY_COST,NUMBER,No,No
RECEIVING_ADJUSTMENT_DETAIL_POMRAD_PURGE_DATA,BUY_COST_ALLOW,NUMBER,No,No
RECEIVING_ADJUSTMENT_DETAIL_POMRAD_PURGE_DATA,FLAG,TEXT,No,No
REGION_SA,CONREGION_CODE,TEXT,No,No
REGION_SA,REGION_CODE,TEXT,No,No
REGION_SA,REGION_NAME,TEXT,No,No
REGION_SA_BACK,CONREGION_CODE,TEXT,No,No
REGION_SA_BACK,REGION_CODE,TEXT,No,No
REGION_SA_BACK,REGION_NAME,TEXT,No,No
REGION_SA_BACKUP,REGION_CODE,TEXT,No,No
REGION_SA_BACKUP,REGION_NAME,TEXT,No,No
REGION_SA_BACKUP_240620,CONREGION_CODE,TEXT,No,No
REGION_SA_BACKUP_240620,REGION_CODE,TEXT,No,No
REGION_SA_BACKUP_240620,REGION_NAME,TEXT,No,No
REGION_SA_BACKUP_240701,CONREGION_CODE,TEXT,No,No
REGION_SA_BACKUP_240701,REGION_CODE,TEXT,No,No
REGION_SA_BACKUP_240701,REGION_NAME,TEXT,No,No
REGION_SA_MONTHLY,FISCAL_YEAR,NUMBER,No,No
REGION_SA_MONTHLY,FISCAL_MONTH,NUMBER,No,No
REGION_SA_MONTHLY,REGION_CODE,TEXT,No,No
REGION_SA_MONTHLY,REGION_NAME,TEXT,No,No
REGION_SA_V,REGION_CODE,TEXT,No,No
REGION_SA_V,REGION_NAME,TEXT,No,No
REGULAR_SCANS,RCDSKU,NUMBER,No,No
REGULAR_SCANS,RCDLOC,NUMBER,No,No
REGULAR_SCANS,RCDTYP,NUMBER,No,No
REGULAR_SCANS,RCDDAT,TEXT,No,No
REGULAR_SCANS,RCDQTY,NUMBER,No,No
REGULAR_SCANS,RCDCST,NUMBER,No,No
REGULAR_SCANS,RCDAMT,NUMBER,No,No
REGULAR_SCANS,REGNUM,NUMBER,No,No
REGULAR_SCANS,ITRDSC,TEXT,No,No
RETAIL_DROPS,O_FACILITY_ALIAS_ID,NUMBER,No,No
RETAIL_DROPS,CREATED_DT,DATE,No,No
RETAIL_DROPS,UNITS,NUMBER,No,No
RETENTION,FREQUENCY,NUMBER,No,No
RETENTION,TOTAL_SHIPMENTS,NUMBER,No,No
RETENTION,FIRST_SHIPMENTS,NUMBER,No,No
RETENTION,FIRST_CANCELLED,NUMBER,No,No
RETENTION,FIRST_REJECTED,NUMBER,No,No
RETENTION,SECOND_SHIPMENTS,NUMBER,No,No
RETENTION,SECOND_CANCELLED,NUMBER,No,No
RETENTION,SECOND_REJECTED,NUMBER,No,No
RETENTION,THIRD_SHIPMENTS,NUMBER,No,No
RETENTION,THIRD_CANCELLED,NUMBER,No,No
RETENTION,THIRD_REJECTED,NUMBER,No,No
RETENTION,FOURTH_SHIPMENTS,NUMBER,No,No
RETENTION,FOURTH_CANCELLED,NUMBER,No,No
RETENTION,FOURTH_REJECTED,NUMBER,No,No
RETENTION,OTHER_SHIPMENTS,NUMBER,No,No
RETENTION,OTHER_CANCELLED,NUMBER,No,No
RETENTION,OTHER_REJECTED,NUMBER,No,No
RPC_AMOUNTS_DATA,WEEK_ENDING,DATE,No,No
RPC_AMOUNTS_DATA,CHANNEL,TEXT,No,No
RPC_AMOUNTS_DATA,STORE_NO,NUMBER,No,No
RPC_AMOUNTS_DATA,BRAND,TEXT,No,No
RPC_AMOUNTS_DATA,BRAND_CATEGORY,TEXT,No,No
RPC_AMOUNTS_DATA,CATEGORY,TEXT,No,No
RPC_AMOUNTS_DATA,SKU_ID,NUMBER,No,No
RPC_AMOUNTS_DATA,DIVISION,TEXT,No,No
RPC_AMOUNTS_DATA,NET_AMOUNT,NUMBER,No,No
RPC_AMOUNTS_DATA,REGULAR_AMOUNT,NUMBER,No,No
RPC_AMOUNTS_DATA,DISCOUNT_AMOUNT,NUMBER,No,No
RPC_AMOUNTS_DATA,PROMO_AMOUNT,NUMBER,No,No
RPC_AMOUNTS_DATA,CLEARANCE_AMOUNT,NUMBER,No,No
RPC_MARGIN,STORE_NO,NUMBER,No,No
RPC_MARGIN,TRANSACTION_DATE,TIMESTAMP_NTZ,No,No
RPC_MARGIN,CATEGORY,TEXT,No,No
RPC_MARGIN,TRANSACTION_ID,NUMBER,No,No
RPC_MARGIN,SKU_ID,NUMBER,No,No
RPC_MARGIN,BRAND,TEXT,No,No
RPC_MARGIN,BRAND_CATEGORY,TEXT,No,No
RPC_MARGIN,REGION_NAME,TEXT,No,No
RPC_MARGIN,CHANNEL,TEXT,No,No
RPC_MARGIN,DIVISION_NAME,NUMBER,No,No
RPC_MARGIN,PROMOTION_TYPE,TEXT,No,No
RPC_MARGIN,NETAMOUNT,NUMBER,No,No
RPC_MARGIN,UNITS,NUMBER,No,No
RPC_MARGIN,COST,FLOAT,No,No
RPLPRF_INSTOCK,DATELOADED,DATE,No,No
RPLPRF_INSTOCK,ISTORE,NUMBER,No,No
RPLPRF_INSTOCK,SKU,NUMBER,No,No
RPLPRF_INSTOCK,RFLEAD,NUMBER,No,No
RTD_D2_UNITS,DC,NUMBER,No,No
RTD_D2_UNITS,FISCAL_YEAR,NUMBER,No,No
RTD_D2_UNITS,FISCAL_WEEK,NUMBER,No,No
RTD_D2_UNITS,RTD_UNIT,NUMBER,No,No
RTD_D2_UNITS,D2_UNIT,NUMBER,No,No
RTD_D2_UNITS,TOTAL_UNTT,NUMBER,No,No
SALESREPORTING,TRANSACTION_DATE,TIMESTAMP_NTZ,No,No
SALESREPORTING,STORE_NO,NUMBER,No,No
SALESREPORTING,GROSSAMOUNT,NUMBER,No,No
SALESREPORTING,DISCOUNTAMOUNT,NUMBER,No,No
SALESREPORTING,NETAMOUNT,NUMBER,No,No
SALESREPORTING,UNITS,NUMBER,No,No
SALESREPORTING,TRANSACTIONS,NUMBER,No,No
SALESREPORTING,TRANSACTIONSTOTAL,FLOAT,No,No
SALESREPORTING,CATEGORY,TEXT,No,No
SALESREPORTING,COMPSTATUS,NUMBER,No,No
SALESREPORTING,DELREV,NUMBER,No,No
SALESREPORTING_DTC,TRANSACTION_DATE,TIMESTAMP_NTZ,No,No
SALESREPORTING_DTC,STORE_NO,NUMBER,No,No
SALESREPORTING_DTC,GROSSAMOUNT,NUMBER,No,No
SALESREPORTING_DTC,DISCOUNTAMOUNT,NUMBER,No,No
SALESREPORTING_DTC,NETAMOUNT,NUMBER,No,No
SALESREPORTING_DTC,UNITS,NUMBER,No,No
SALESREPORTING_DTC,TRANSACTIONS,NUMBER,No,No
SALESREPORTING_DTC,TRANSACTIONSTOTAL,FLOAT,No,No
SALESREPORTING_DTC,ORDERS,NUMBER,No,No
SALESREPORTING_DTC,ORDERSTOTAL,FLOAT,No,No
SALESREPORTING_DTC,CATEGORY,TEXT,No,No
SALESREPORTING_DTC,COMPSTATUS,NUMBER,No,No
SALESREPORTING_DTC,DELREV,NUMBER,No,No
SALES_BY_PRODUCT_CATEGORY_MONTHLY,REPORTING_MONTH_NO,TEXT,No,No
SALES_BY_PRODUCT_CATEGORY_MONTHLY,REPORTING_ENDNG_DATE,DATE,No,No
SALES_BY_PRODUCT_CATEGORY_MONTHLY,STORE_OPEN_STATUS,TEXT,No,No
SALES_BY_PRODUCT_CATEGORY_MONTHLY,CALENDAR_DATE,DATE,No,No
SALES_BY_PRODUCT_CATEGORY_MONTHLY,DIVISION_NO,TEXT,No,No
SALES_BY_PRODUCT_CATEGORY_MONTHLY,DEPARTMENT_ID,NUMBER,No,No
SALES_BY_PRODUCT_CATEGORY_MONTHLY,DEPARTMENT_NAME,TEXT,No,No
SALES_BY_PRODUCT_CATEGORY_MONTHLY,STORE_NO,NUMBER,No,No
SALES_BY_PRODUCT_CATEGORY_MONTHLY,COMP_STATUS,TEXT,No,No
SALES_BY_PRODUCT_CATEGORY_MONTHLY,STORE_NAME,TEXT,No,No
SALES_BY_PRODUCT_CATEGORY_MONTHLY,DISTRICT_NAME,TEXT,No,No
SALES_BY_PRODUCT_CATEGORY_MONTHLY,DISTRICT_ID,NUMBER,No,No
SALES_BY_PRODUCT_CATEGORY_MONTHLY,REGION_ID,NUMBER,No,No
SALES_BY_PRODUCT_CATEGORY_MONTHLY,REGION_NAME,TEXT,No,No
SALES_BY_PRODUCT_CATEGORY_MONTHLY,TOTAL_SALES,NUMBER,No,No
SALES_BY_PRODUCT_CATEGORY_MONTHLY,TOTAL_UNITS,NUMBER,No,No
SALES_BY_PRODUCT_CATEGORY_MONTHLY,SERVICING_DC,NUMBER,No,No
SALES_BY_PRODUCT_CATEGORY_MONTHLY,COGS,NUMBER,No,No
SALES_BY_PRODUCT_CATEGORY_MONTHLY,SKU_ID,NUMBER,No,No
SALES_BY_PRODUCT_CATEGORY_MONTHLY,SCANS,NUMBER,No,No
SALES_BY_PRODUCT_CATEGORY_MONTHLY,OWN_BRAND,TEXT,No,No
SALES_BY_PRODUCT_FRANCHISE,TRANSACTION_DATE,DATE,No,No
SALES_BY_PRODUCT_FRANCHISE,STORE_NO,NUMBER,No,No
SALES_BY_PRODUCT_FRANCHISE,COMPSTATUS,NUMBER,No,No
SALES_BY_PRODUCT_FRANCHISE,CATEGORY,TEXT,No,No
SALES_BY_PRODUCT_FRANCHISE,TRANSACTION_ID,NUMBER,No,No
SALES_BY_PRODUCT_FRANCHISE,SKU_ID,NUMBER,No,No
SALES_BY_PRODUCT_FRANCHISE,SALES,NUMBER,No,No
SALES_REPORTING_DETAIL,TRANSACTION_DATE,DATE,No,No
SALES_REPORTING_DETAIL,STORE_NO,NUMBER,No,No
SALES_REPORTING_DETAIL,CATEGORY,TEXT,No,No
SALES_REPORTING_DETAIL,REGISTER_NO,NUMBER,No,No
SALES_REPORTING_DETAIL,TRANSACTION_ID,NUMBER,No,No
SALES_REPORTING_DETAIL,SKU_ID,NUMBER,No,No
SALES_REPORTING_DETAIL,GROSS_AMOUNT,NUMBER,No,No
SALES_REPORTING_DETAIL,DISCOUNT_AMOUNT,NUMBER,No,No
SALES_REPORTING_DETAIL,NET_AMOUNT,NUMBER,No,No
SALES_REPORTING_DETAIL,UNITS,NUMBER,No,No
SALES_REPORTING_DETAIL_NEWH,TRANSACTION_DATE,DATE,No,No
SALES_REPORTING_DETAIL_NEWH,STORE_NO,NUMBER,No,No
SALES_REPORTING_DETAIL_NEWH,CATEGORY,TEXT,No,No
SALES_REPORTING_DETAIL_NEWH,REGISTER_NO,NUMBER,No,No
SALES_REPORTING_DETAIL_NEWH,TRANSACTION_ID,NUMBER,No,No
SALES_REPORTING_DETAIL_NEWH,SKU_ID,NUMBER,No,No
SALES_REPORTING_DETAIL_NEWH,GROSS_AMOUNT,NUMBER,No,No
SALES_REPORTING_DETAIL_NEWH,DISCOUNT_AMOUNT,NUMBER,No,No
SALES_REPORTING_DETAIL_NEWH,NET_AMOUNT,NUMBER,No,No
SALES_REPORTING_DETAIL_NEWH,UNITS,NUMBER,No,No
SALES_REPORTING_DETAIL_OLD,TRANSACTION_DATE,DATE,No,No
SALES_REPORTING_DETAIL_OLD,STORE_NO,NUMBER,No,No
SALES_REPORTING_DETAIL_OLD,CATEGORY,TEXT,No,No
SALES_REPORTING_DETAIL_OLD,REGISTER_NO,NUMBER,No,No
SALES_REPORTING_DETAIL_OLD,TRANSACTION_ID,NUMBER,No,No
SALES_REPORTING_DETAIL_OLD,SKU_ID,NUMBER,No,No
SALES_REPORTING_DETAIL_OLD,GROSS_AMOUNT,NUMBER,No,No
SALES_REPORTING_DETAIL_OLD,DISCOUNT_AMOUNT,NUMBER,No,No
SALES_REPORTING_DETAIL_OLD,NET_AMOUNT,NUMBER,No,No
SALES_REPORTING_DETAIL_OLD,UNITS,NUMBER,No,No
SAME_DAY_DELIVERY,CREATE_DATE,DATE,No,No
SAME_DAY_DELIVERY,FACILITY,NUMBER,No,No
SAME_DAY_DELIVERY,CARRIER,TEXT,No,No
SAME_DAY_DELIVERY,SERVICE,TEXT,No,No
SAME_DAY_DELIVERY,CARTONS,NUMBER,No,No
SAME_DAY_DELIVERY,SAME_DAY,NUMBER,No,No
SCANS_ADJUST,STORE_NO,NUMBER,No,No
SCANS_ADJUST,SKU_ID,NUMBER,No,No
SCANS_ADJUST,AMOUNT,NUMBER,No,No
SCANS_ADJUST,FISCAL_WEEK_NAME,TEXT,No,No
SCANS_ADJUST_DATES,STORE_NO,NUMBER,No,No
SCANS_ADJUST_DATES,SKU_ID,NUMBER,No,No
SCANS_ADJUST_DATES,AMOUNT,NUMBER,No,No
SCANS_ADJUST_DATES,TRANSACTION_DATE,DATE,No,No
SCANS_ADJUST_DATES,FISCAL_WEEK_NAME,TEXT,No,No
SERV_STORE_DC,DC,NUMBER,No,No
SERV_STORE_DC,STORE_NO,NUMBER,No,No
SF_ACH_FORM2,VENDORID,TEXT,No,No
SF_ACH_FORM2,TVSFINANCEREP,TEXT,No,No
SF_ACH_FORM2,FORM1_REPONSEID,TEXT,No,No
SF_ACH_FORM2,VENDORNAME,TEXT,No,No
SF_ACH_FORM2,BUSINESSCONTACTNAME,TEXT,No,No
SF_ACH_FORM2,FINANCECONTACTNAME,TEXT,No,No
SF_ACH_FORM2,TVSBUSINESSCONTACTNAME,TEXT,No,No
SF_ACH_FORM2,VENDORBANKIMAGE,BINARY,No,No
SF_ACH_FORM2,W9IMAGE,BINARY,No,No
SF_ACH_FORM2,ACHABA,TEXT,No,No
SF_ACH_FORM2,ACHACCOUNT,TEXT,No,No
SF_ADP_CATEGORY_RETENTION,CATEGORY,TEXT,No,No
SF_ADP_CATEGORY_RETENTION,TILL_YESTERDAY_ACTIVE_SUBSCRIPTIONS,NUMBER,No,No
SF_ADP_CATEGORY_RETENTION,YESTERDAY_CANCELLED,NUMBER,No,No
SF_ADP_CATEGORY_RETENTION,TILL_WTD_ACTIVE_SUBSCRIPTIONS,NUMBER,No,No
SF_ADP_CATEGORY_RETENTION,WTD_CANCELLED,NUMBER,No,No
SF_ADP_CATEGORY_RETENTION,TILL_MTD_ACTIVE_SUBSCRIPTIONS,NUMBER,No,No
SF_ADP_CATEGORY_RETENTION,MTD_CANCELLED,NUMBER,No,No
SF_ADP_CATEGORY_RETENTION,TILL_STD_ACTIVE_SUBSCRIPTIONS,NUMBER,No,No
SF_ADP_CATEGORY_RETENTION,STD_CANCELLED,NUMBER,No,No
SF_ADP_CATEGORY_RETENTION,TILL_YTD_ACTIVE_SUBSCRIPTIONS,NUMBER,No,No
SF_ADP_CATEGORY_RETENTION,YTD_CANCELLED,NUMBER,No,No
SF_ADP_CORPORATE_TBL,TOTAL_SUBSCRIPTIONS,NUMBER,No,No
SF_ADP_CORPORATE_TBL,RETAIL_TOTAL_SUBSCRIPTIONS,NUMBER,No,No
SF_ADP_CORPORATE_TBL,WEB_TOTAL_SUBSCRIPTIONS,NUMBER,No,No
SF_ADP_CORPORATE_TBL,CALLCENTER_SUBSCRIPTIONS,NUMBER,No,No
SF_ADP_CORPORATE_TBL,TOTAL_SUBSCRIBERS,NUMBER,No,No
SF_ADP_CORPORATE_TBL,PLAN_SUBSCRIPTIONS,FLOAT,No,No
SF_ADP_CORPORATE_TBL,RETAIL_PLAN_SUBSCRIPTIONS,FLOAT,No,No
SF_ADP_CORPORATE_TBL,WEB_PLAN_SUBSCRIPTIONS,FLOAT,No,No
SF_ADP_CORPORATE_TBL,PLAN_SUBSCRIBERS,FLOAT,No,No
SF_ADP_CORPORATE_TBL,NEW_SUBSCRIBERS,NUMBER,No,No
SF_ADP_CORPORATE_TBL,RETAIL_NEW_SUBSCRIBERS,NUMBER,No,No
SF_ADP_CORPORATE_TBL,WEB_NEW_SUBSCRIBERS,NUMBER,No,No
SF_ADP_CORPORATE_TBL,CALLCENTER_NEW_SUBSCRIBERS,NUMBER,No,No
SF_ADP_CORPORATE_TBL,ACTIVE_SUBSCRIPTIONS,NUMBER,No,No
SF_ADP_CORPORATE_TBL,ACTIVE_SUBSCRIBERS,NUMBER,No,No
SF_ADP_CORPORATE_TBL,CANCELLED_SUBSCRIPTIONS,NUMBER,No,No
SF_ADP_CORPORATE_TBL,NO_OF_TRANSACTIONS,NUMBER,No,No
SF_ADP_CORPORATE_TBL,NO_OF_ORDERS,NUMBER,No,No
SF_ADP_CORPORATE_TBL,ORDER_AMOUNT,FLOAT,No,No
SF_ADP_CORPORATE_TBL,FULFILLED_DEMAND_REV,FLOAT,No,No
SF_ADP_CORPORATE_TBL,PLAN_REV,FLOAT,No,No
SF_ADP_CORPORATE_TBL,WTD_TOTAL_SUBSCRIPTIONS,NUMBER,No,No
SF_ADP_CORPORATE_TBL,WTD_RETAIL_TOTAL_SUBSCRIPTIONS,NUMBER,No,No
SF_ADP_CORPORATE_TBL,WTD_WEB_TOTAL_SUBSCRIPTIONS,NUMBER,No,No
SF_ADP_CORPORATE_TBL,WTD_CALLCENTER_SUBSCRIPTIONS,NUMBER,No,No
SF_ADP_CORPORATE_TBL,WTD_TOTAL_SUBSCRIBERS,NUMBER,No,No
SF_ADP_CORPORATE_TBL,WTD_PLAN_SUBSCRIPTIONS,FLOAT,No,No
SF_ADP_CORPORATE_TBL,WTD_RETAIL_PLAN_SUBSCRIPTIONS,FLOAT,No,No
SF_ADP_CORPORATE_TBL,WTD_WEB_PLAN_SUBSCRIPTIONS,FLOAT,No,No
SF_ADP_CORPORATE_TBL,WTD_PLAN_SUBSCRIBERS,FLOAT,No,No
SF_ADP_CORPORATE_TBL,WTD_NEW_SUBSCRIBERS,NUMBER,No,No
SF_ADP_CORPORATE_TBL,WTD_RETAIL_NEW_SUBSCRIBERS,NUMBER,No,No
SF_ADP_CORPORATE_TBL,WTD_WEB_NEW_SUBSCRIBERS,NUMBER,No,No
SF_ADP_CORPORATE_TBL,WTD_CALLCENTER_NEW_SUBSCRIBERS,NUMBER,No,No
SF_ADP_CORPORATE_TBL,WTD_ACTIVE_SUBSCRIPTIONS,NUMBER,No,No
SF_ADP_CORPORATE_TBL,WTD_ACTIVE_SUBSCRIBERS,NUMBER,No,No
SF_ADP_CORPORATE_TBL,WTD_CANCELLED_SUBSCRIPTIONS,NUMBER,No,No
SF_ADP_CORPORATE_TBL,WTD_NO_OF_TRANSACTIONS,NUMBER,No,No
SF_ADP_CORPORATE_TBL,WTD_NO_OF_ORDERS,NUMBER,No,No
SF_ADP_CORPORATE_TBL,WTD_ORDER_AMOUNT,FLOAT,No,No
SF_ADP_CORPORATE_TBL,WTD_FULFILLED_DEMAND_REV,FLOAT,No,No
SF_ADP_CORPORATE_TBL,WTD_PLAN_REV,FLOAT,No,No
SF_ADP_CORPORATE_TBL,MTD_TOTAL_SUBSCRIPTIONS,NUMBER,No,No
SF_ADP_CORPORATE_TBL,MTD_RETAIL_TOTAL_SUBSCRIPTIONS,NUMBER,No,No
SF_ADP_CORPORATE_TBL,MTD_WEB_TOTAL_SUBSCRIPTIONS,NUMBER,No,No
SF_ADP_CORPORATE_TBL,MTD_CALLCENTER_SUBSCRIPTIONS,NUMBER,No,No
SF_ADP_CORPORATE_TBL,MTD_TOTAL_SUBSCRIBERS,NUMBER,No,No
SF_ADP_CORPORATE_TBL,MTD_PLAN_SUBSCRIPTIONS,FLOAT,No,No
SF_ADP_CORPORATE_TBL,MTD_RETAIL_PLAN_SUBSCRIPTIONS,FLOAT,No,No
SF_ADP_CORPORATE_TBL,MTD_WEB_PLAN_SUBSCRIPTIONS,FLOAT,No,No
SF_ADP_CORPORATE_TBL,MTD_PLAN_SUBSCRIBERS,FLOAT,No,No
SF_ADP_CORPORATE_TBL,MTD_NEW_SUBSCRIBERS,NUMBER,No,No
SF_ADP_CORPORATE_TBL,MTD_RETAIL_NEW_SUBSCRIBERS,NUMBER,No,No
SF_ADP_CORPORATE_TBL,MTD_WEB_NEW_SUBSCRIBERS,NUMBER,No,No
SF_ADP_CORPORATE_TBL,MTD_CALLCENTER_NEW_SUBSCRIBERS,NUMBER,No,No
SF_ADP_CORPORATE_TBL,MTD_ACTIVE_SUBSCRIPTIONS,NUMBER,No,No
SF_ADP_CORPORATE_TBL,MTD_MTD_ACTIVE_SUBSCRIBERS,NUMBER,No,No
SF_ADP_CORPORATE_TBL,MTD_CANCELLED_SUBSCRIPTIONS,NUMBER,No,No
SF_ADP_CORPORATE_TBL,MTD_NO_OF_TRANSACTIONS,NUMBER,No,No
SF_ADP_CORPORATE_TBL,MTD_NO_OF_ORDERS,NUMBER,No,No
SF_ADP_CORPORATE_TBL,MTD_ORDER_AMOUNT,FLOAT,No,No
SF_ADP_CORPORATE_TBL,MTD_FULFILLED_DEMAND_REV,FLOAT,No,No
SF_ADP_CORPORATE_TBL,MTD_PLAN_REV,FLOAT,No,No
SF_ADP_CORPORATE_TBL,STD_TOTAL_SUBSCRIPTIONS,NUMBER,No,No
SF_ADP_CORPORATE_TBL,STD_RETAIL_TOTAL_SUBSCRIPTIONS,NUMBER,No,No
SF_ADP_CORPORATE_TBL,STD_WEB_TOTAL_SUBSCRIPTIONS,NUMBER,No,No
SF_ADP_CORPORATE_TBL,STD_CALLCENTER_SUBSCRIPTIONS,NUMBER,No,No
SF_ADP_CORPORATE_TBL,STD_TOTAL_SUBSCRIBERS,NUMBER,No,No
SF_ADP_CORPORATE_TBL,STD_PLAN_SUBSCRIPTIONS,FLOAT,No,No
SF_ADP_CORPORATE_TBL,STD_RETAIL_PLAN_SUBSCRIPTIONS,FLOAT,No,No
SF_ADP_CORPORATE_TBL,STD_WEB_PLAN_SUBSCRIPTIONS,FLOAT,No,No
SF_ADP_CORPORATE_TBL,STD_PLAN_SUBSCRIBERS,FLOAT,No,No
SF_ADP_CORPORATE_TBL,STD_NEW_SUBSCRIBERS,NUMBER,No,No
SF_ADP_CORPORATE_TBL,STD_RETAIL_NEW_SUBSCRIBERS,NUMBER,No,No
SF_ADP_CORPORATE_TBL,STD_WEB_NEW_SUBSCRIBERS,NUMBER,No,No
SF_ADP_CORPORATE_TBL,STD_CALLCENTER_NEW_SUBSCRIBERS,NUMBER,No,No
SF_ADP_CORPORATE_TBL,STD_ACTIVE_SUBSCRIPTIONS,NUMBER,No,No
SF_ADP_CORPORATE_TBL,STD_ACTIVE_SUBSCRIBERS,NUMBER,No,No
SF_ADP_CORPORATE_TBL,STD_CANCELLED_SUBSCRIPTIONS,NUMBER,No,No
SF_ADP_CORPORATE_TBL,STD_NO_OF_TRANSACTIONS,NUMBER,No,No
SF_ADP_CORPORATE_TBL,STD_NO_OF_ORDERS,NUMBER,No,No
SF_ADP_CORPORATE_TBL,STD_ORDER_AMOUNT,FLOAT,No,No
SF_ADP_CORPORATE_TBL,STD_FULFILLED_DEMAND_REV,FLOAT,No,No
SF_ADP_CORPORATE_TBL,STD_PLAN_REV,FLOAT,No,No
SF_ADP_CORPORATE_TBL,YTD_TOTAL_SUBSCRIPTIONS,NUMBER,No,No
SF_ADP_CORPORATE_TBL,YTD_RETAIL_TOTAL_SUBSCRIPTIONS,NUMBER,No,No
SF_ADP_CORPORATE_TBL,YTD_WEB_TOTAL_SUBSCRIPTIONS,NUMBER,No,No
SF_ADP_CORPORATE_TBL,YTD_CALLCENTER_SUBSCRIPTIONS,NUMBER,No,No
SF_ADP_CORPORATE_TBL,YTD_TOTAL_SUBSCRIBERS,NUMBER,No,No
SF_ADP_CORPORATE_TBL,YTD_PLAN_SUBSCRIPTIONS,FLOAT,No,No
SF_ADP_CORPORATE_TBL,YTD_RETAIL_PLAN_SUBSCRIPTIONS,FLOAT,No,No
SF_ADP_CORPORATE_TBL,YTD_WEB_PLAN_SUBSCRIPTIONS,FLOAT,No,No
SF_ADP_CORPORATE_TBL,YTD_PLAN_SUBSCRIBERS,FLOAT,No,No
SF_ADP_CORPORATE_TBL,YTD_NEW_SUBSCRIBERS,NUMBER,No,No
SF_ADP_CORPORATE_TBL,YTD_RETAIL_NEW_SUBSCRIBERS,NUMBER,No,No
SF_ADP_CORPORATE_TBL,YTD_WEB_NEW_SUBSCRIBERS,NUMBER,No,No
SF_ADP_CORPORATE_TBL,YTD_CALLCENTER_NEW_SUBSCRIBERS,NUMBER,No,No
SF_ADP_CORPORATE_TBL,YTD_ACTIVE_SUBSCRIPTIONS,NUMBER,No,No
SF_ADP_CORPORATE_TBL,YTD_ACTIVE_SUBSCRIBERS,NUMBER,No,No
SF_ADP_CORPORATE_TBL,YTD_CANCELLED_SUBSCRIPTIONS,NUMBER,No,No
SF_ADP_CORPORATE_TBL,YTD_NO_OF_TRANSACTIONS,NUMBER,No,No
SF_ADP_CORPORATE_TBL,YTD_NO_OF_ORDERS,NUMBER,No,No
SF_ADP_CORPORATE_TBL,YTD_ORDER_AMOUNT,FLOAT,No,No
SF_ADP_CORPORATE_TBL,YTD_FULFILLED_DEMAND_REV,FLOAT,No,No
SF_ADP_CORPORATE_TBL,YTD_PLAN_REV,FLOAT,No,No
SF_ADP_PLAN,PLAN_YEAR,NUMBER,No,No
SF_ADP_PLAN,CALENDAR_DATE,TIMESTAMP_NTZ,No,No
SF_ADP_PLAN,RETAIL_PLAN,FLOAT,No,No
SF_ADP_PLAN,WEB_PLAN,FLOAT,No,No
SF_ADP_PLAN,CORPORATE_PLAN,FLOAT,No,No
SF_ADP_SMA,TRANSACTION_DATE,TIMESTAMP_NTZ,No,No
SF_ADP_SMA,SMA_ATTRIBUTES,TEXT,No,No
SF_ADP_SMA,NUMBER_OF_ACTIONS_TAKEN,NUMBER,No,No
SF_ADP_SMA,REVENUE_AFFECTED,NUMBER,No,No
SF_APPEND_DAILY,DATE_LOAD,DATE,No,No
SF_BESTSELLERS_DATE,DATE,TEXT,No,No
SF_BOPUS_REPORT,CREATETS,TIMESTAMP_NTZ,No,No
SF_BOPUS_REPORT,ORDER_DATE,TIMESTAMP_NTZ,No,No
SF_BOPUS_REPORT,MODIFYTS,TIMESTAMP_NTZ,No,No
SF_BOPUS_REPORT,STATUS_DATE,TIMESTAMP_NTZ,No,No
SF_BOPUS_REPORT,SHIPNODE_KEY,TEXT,No,No
SF_BOPUS_REPORT,STATUS,TEXT,No,No
SF_BOPUS_REPORT,EXTN_REGION,TEXT,No,No
SF_BOPUS_REPORT,REASON_CODE,TEXT,No,No
SF_BOPUS_REPORT,LINE_TYPE,TEXT,No,No
SF_BOPUS_REPORT,UNIT_PRICE,NUMBER,No,No
SF_BOPUS_REPORT,ORIGINAL_ORDERED_QTY,NUMBER,No,No
SF_BOPUS_REPORT,ORDER_NO,TEXT,No,No
SF_BOPUS_REPORT,ORDERED_QTY,NUMBER,No,No
SF_BOPUS_REPORT,OTHER_CHARGES,NUMBER,No,No
SF_BOPUS_SALES,TRANSACTION_DATE,DATE,No,No
SF_BOPUS_SALES,STORE_NO,NUMBER,No,No
SF_BOPUS_SALES,MERCHANDISE_WEEK_NO,NUMBER,No,No
SF_BOPUS_SALES,GROSS_LINE_AMOUNT,NUMBER,No,No
SF_BOPUS_SALES,POS_DISCOUNT_AMOUNT,NUMBER,No,No
SF_BOPUS_SALES,UNITS,NUMBER,No,No
SF_BOPUS_SALES,TRANSACTIONS,NUMBER,No,No
SF_BOSS_TRANS,STORE_NO,FLOAT,No,No
SF_BOSS_TRANS,STORE_NAME,TEXT,No,No
SF_BOSS_TRANS,DISTRICT_CODE,TEXT,No,No
SF_BOSS_TRANS,REGION_CODE,TEXT,No,No
SF_BOSS_TRANS,AS_OF_DATE,DATE,No,No
SF_BOSS_TRANS,BOSS_TRANS,FLOAT,No,No
SF_CBD_DATE,DATE,DATE,No,No
SF_CBD_DATE,WEEK_NO,NUMBER,No,No
SF_CONSOLIDATED_REGION_SA,CONREGION_CODE,TEXT,No,No
SF_CONSOLIDATED_REGION_SA,CONREGION_NAME,TEXT,No,No
SF_CONSOLIDATED_REGION_SA_BACKUP_240620,CONREGION_CODE,TEXT,No,No
SF_CONSOLIDATED_REGION_SA_BACKUP_240620,CONREGION_NAME,TEXT,No,No
SF_CONSOLIDATED_REGION_SA_BACKUP_240701,CONREGION_CODE,TEXT,No,No
SF_CONSOLIDATED_REGION_SA_BACKUP_240701,CONREGION_NAME,TEXT,No,No
SF_CONSOLIDATED_REGION_SA_V,CONREGION_CODE,TEXT,No,No
SF_CONSOLIDATED_REGION_SA_V,CONREGION_NAME,TEXT,No,No
SF_CONVERSION,STORE_NO,FLOAT,No,No
SF_CONVERSION,STORE_NAME,TEXT,No,No
SF_CONVERSION,DISTRICT_CODE,TEXT,No,No
SF_CONVERSION,REGION_CODE,TEXT,No,No
SF_CONVERSION,AS_OF_DATE,DATE,No,No
SF_CONVERSION,TRANS_VALUE_PERCENTAGE,FLOAT,No,No
SF_CUBE_REFRESH_REPORTS_SLA,REPORTID,NUMBER,No,No
SF_CUBE_REFRESH_REPORTS_SLA,REPORT_NAME,TEXT,No,No
SF_CUBE_REFRESH_REPORTS_SLA,DELIVERYTYPE,TEXT,No,No
SF_CUBE_REFRESH_REPORTS_SLA,SLA,TIMESTAMP_NTZ,No,No
SF_CUSTOM_SUMMARY_REPORT,DATE,DATE,No,No
SF_CUSTOM_SUMMARY_REPORT,CARD_TYPE,TEXT,No,No
SF_CUSTOM_SUMMARY_REPORT,TOTAL_FINANCIAL_DECLINED,NUMBER,No,No
SF_CUSTOM_SUMMARY_REPORT,TOTAL_FINANCIAL,NUMBER,No,No
SF_CUSTOM_SUMMARY_REPORT,TOTAL_NON_FINANCIAL_DECLINED,NUMBER,No,No
SF_CUSTOM_SUMMARY_REPORT,TOTAL_NON_FINANCIAL,NUMBER,No,No
SF_CUSTOM_SUMMARY_REPORT,TOTAL_DECLINED,NUMBER,No,No
SF_CUSTOM_SUMMARY_REPORT,LOAD_DATE,DATE,No,No
SF_CUSTOM_SUMMARY_REPORT,FLAG,TEXT,No,No
SF_CUSTOM_SUMMARY_REPORT_V,DATE,DATE,No,No
SF_CUSTOM_SUMMARY_REPORT_V,CARD_TYPE,TEXT,No,No
SF_CUSTOM_SUMMARY_REPORT_V,TOTAL_FINANCIAL_DECLINED,NUMBER,No,No
SF_CUSTOM_SUMMARY_REPORT_V,TOTAL_FINANCIAL,NUMBER,No,No
SF_CUSTOM_SUMMARY_REPORT_V,TOTAL_NON_FINANCIAL_DECLINED,NUMBER,No,No
SF_CUSTOM_SUMMARY_REPORT_V,TOTAL_NON_FINANCIAL,NUMBER,No,No
SF_CUSTOM_SUMMARY_REPORT_V,TOTAL_DECLINED,NUMBER,No,No
SF_CUSTOM_SUMMARY_REPORT_V,LOAD_DATE,DATE,No,No
SF_CUSTOM_SUMMARY_REPORT_V,FLAG,TEXT,No,No
SF_CUSTOM_SUMMARY_REPORT_V,MERCHANDISE_MONTH_SEQUENCE,NUMBER,No,No
SF_CUSTOM_SUMMARY_REPORT_V,FISCAL_MONTH_DISPLAY,TEXT,No,No
SF_CUSTOM_SUMMARY_REPORT_V,MERCHANDISE_SEASON_NO,NUMBER,No,No
SF_CUSTOM_SUMMARY_REPORT_V,MERCHANDISE_WEEK_NO,NUMBER,No,No
SF_CUSTOM_SUMMARY_REPORT_V,WEEKNO,TEXT,No,No
SF_CUSTOM_SUMMARY_REPORT_V,MERCHANDISE_YEAR_NO,NUMBER,No,No
SF_DAY_SKU_STORE_MARGIN_V,TRANSACTION_DATE,DATE,No,No
SF_DAY_SKU_STORE_MARGIN_V,CHANNEL,TEXT,No,No
SF_DAY_SKU_STORE_MARGIN_V,DIVISION_NAME,TEXT,No,No
SF_DAY_SKU_STORE_MARGIN_V,REGION_NAME,TEXT,No,No
SF_DAY_SKU_STORE_MARGIN_V,STORE_NO,NUMBER,No,No
SF_DAY_SKU_STORE_MARGIN_V,STORE_NAME,TEXT,No,No
SF_DAY_SKU_STORE_MARGIN_V,COMPSTATUS,NUMBER,No,No
SF_DAY_SKU_STORE_MARGIN_V,BRAND_CATEGORY,TEXT,No,No
SF_DAY_SKU_STORE_MARGIN_V,CATEGORY,TEXT,No,No
SF_DAY_SKU_STORE_MARGIN_V,SKU_ID,NUMBER,No,No
SF_DAY_SKU_STORE_MARGIN_V,BASKET_SPEND,NUMBER,No,No
SF_DAY_SKU_STORE_MARGIN_V,ITEMS,NUMBER,No,No
SF_DAY_SKU_STORE_MARGIN_V,COST,FLOAT,No,No
SF_DAY_SKU_STORE_MARGIN_V,SCANS,NUMBER,No,No
SF_DC_IN_STOCK,CALENDAR_DATE,DATE,No,No
SF_DC_IN_STOCK,STORE,NUMBER,No,No
SF_DC_IN_STOCK,VELOCITY_CODE,TEXT,No,No
SF_DC_IN_STOCK,TOTAL_RANKED_SKU,NUMBER,No,No
SF_DC_IN_STOCK,BACKORDER,NUMBER,No,No
SF_DC_IN_STOCK,SERVICE_LEVEL,NUMBER,No,No
SF_DC_IN_STOCK,STATUS_CODE,TEXT,No,No
SF_DC_IN_STOCK,ASSORTMENT_CODE,TEXT,No,No
SF_DC_IN_STOCK,PROMOTION_TYPE,TEXT,No,No
SF_DC_IN_STOCK,SKU_ID,NUMBER,No,No
SF_DEMAND_FORECAST,SUBCHANNEL,TEXT,No,No
SF_DEMAND_FORECAST,DATE,DATE,No,No
SF_DEMAND_FORECAST,AMOUNT,NUMBER,No,No
SF_DEMAND_FORECAST,CHANNEL,TEXT,No,No
SF_DEMAND_FORECAST,ACTUAL_DEMAND_TYPE,TEXT,No,No
SF_DEMAND_FORECAST_220315,SUBCHANNEL,TEXT,No,No
SF_DEMAND_FORECAST_220315,DATE,DATE,No,No
SF_DEMAND_FORECAST_220315,AMOUNT,NUMBER,No,No
SF_DEMAND_FORECAST_220315,CHANNEL,TEXT,No,No
SF_DEMAND_FORECAST_220315,ACTUAL_DEMAND_TYPE,TEXT,No,No
SF_DEMAND_FORECAST_241011,SUBCHANNEL,TEXT,No,No
SF_DEMAND_FORECAST_241011,DATE,DATE,No,No
SF_DEMAND_FORECAST_241011,AMOUNT,NUMBER,No,No
SF_DEMAND_FORECAST_241011,CHANNEL,TEXT,No,No
SF_DEMAND_FORECAST_241011,ACTUAL_DEMAND_TYPE,TEXT,No,No
SF_DEMAND_PLAN,SUBCHANNEL,TEXT,No,No
SF_DEMAND_PLAN,DATE,DATE,No,No
SF_DEMAND_PLAN,AMOUNT,NUMBER,No,No
SF_DEMAND_PLAN,CHANNEL,TEXT,No,No
SF_DEMAND_PLAN,ACTUAL_DEMAND_TYPE,TEXT,No,No
SF_DEMAND_PLAN_241011,SUBCHANNEL,TEXT,No,No
SF_DEMAND_PLAN_241011,DATE,DATE,No,No
SF_DEMAND_PLAN_241011,AMOUNT,NUMBER,No,No
SF_DEMAND_PLAN_241011,CHANNEL,TEXT,No,No
SF_DEMAND_PLAN_241011,ACTUAL_DEMAND_TYPE,TEXT,No,No
SF_DEMAND_PLAN_BACKUP_220315,SUBCHANNEL,TEXT,No,No
SF_DEMAND_PLAN_BACKUP_220315,DATE,DATE,No,No
SF_DEMAND_PLAN_BACKUP_220315,AMOUNT,NUMBER,No,No
SF_DEMAND_PLAN_BACKUP_220315,CHANNEL,TEXT,No,No
SF_DEMAND_PLAN_BACKUP_220315,ACTUAL_DEMAND_TYPE,TEXT,No,No
SF_DIM_CHANNEL,OFFER_ID,TEXT,No,No
SF_DIM_CHANNEL,OFFER_DESCRIPTION,TEXT,No,No
SF_DIM_CHANNEL,VSI_DESCRIPTION,TEXT,No,No
SF_DIM_CHANNEL,VSION_DESCRIPTION,TEXT,No,No
SF_DISTRICT_SA_V,DISTRICT_CODE,TEXT,No,No
SF_DISTRICT_SA_V,DISTRICT_NAME,TEXT,No,No
SF_DISTRICT_SHORTNAMES,DISTRICT_CODE,TEXT,No,No
SF_DISTRICT_SHORTNAMES,DIST_SNAME,TEXT,No,No
SF_DISTRICT_SHORTNAMES,LENGTH,TEXT,No,No
SF_DISTRICT_SHORTNAMES_BACKUP_240702,DISTRICT_CODE,TEXT,No,No
SF_DISTRICT_SHORTNAMES_BACKUP_240702,DIST_SNAME,TEXT,No,No
SF_DISTRICT_SHORTNAMES_BACKUP_240702,LENGTH,TEXT,No,No
SF_DISTRICT_SHORTNAMES_V,DISTRICT_CODE,TEXT,No,No
SF_DISTRICT_SHORTNAMES_V,DISTRICT_NAME,TEXT,No,No
SF_DISTRICT_SHORTNAMES_V,LENGTH,TEXT,No,No
SF_DIVISION_SA,DIVISION_CODE,NUMBER,No,No
SF_DIVISION_SA,DIVISION_NAME,TEXT,No,No
SF_DIVISION_SA_V,DIVISION_CODE,TEXT,No,No
SF_DIVISION_SA_V,DIVISION_NAME,TEXT,No,No
SF_DOORDASH_REVENUE_PLAN_FORECAST,DATE,DATE,No,No
SF_DOORDASH_REVENUE_PLAN_FORECAST,DOORDASH_FORECAST,NUMBER,No,No
SF_DOORDASH_REVENUE_PLAN_FORECAST,DOORDASH_PLAN,NUMBER,No,No
SF_DPF,TRANSACTION_DATE,DATE,No,No
SF_DPF,AMOUNT,NUMBER,No,No
SF_DPF,SUBCHANNEL,TEXT,No,No
SF_DPF,CHANNEL,TEXT,No,No
SF_DPF,ORDER_NO,TEXT,No,No
SF_DPF,COST,NUMBER,No,No
SF_DPF,COUNT_2017_APPEASEMENT,NUMBER,No,No
SF_DPF,SCANS,NUMBER,No,No
SF_DTC_O2D_CALENDAR,DATE,DATE,No,No
SF_DTC_O2D_CALENDAR,MERCHANDSING_YEAR,FLOAT,No,No
SF_DTC_O2D_CALENDAR,MERCHANDISING_QUARTER,FLOAT,No,No
SF_DTC_O2D_CALENDAR,MERCHANDISING_PERIOD,FLOAT,No,No
SF_DTC_O2D_CALENDAR,MERCHANDISING_WEEK_OF_PERIOD,FLOAT,No,No
SF_DTC_O2D_CALENDAR,MERCHANDISING_WEEK_OF_YEAR,FLOAT,No,No
SF_DTC_O2D_CALENDAR,MERCHANDISING_PERIOD_DAY,FLOAT,No,No
SF_DTC_O2D_CALENDAR,MERCHANDISING_QUARTER_DAY,FLOAT,No,No
SF_DTC_O2D_CALENDAR,MERCHANDISING_DAY_OF_YEAR,FLOAT,No,No
SF_DTC_O2D_CALENDAR,MERCHANDISING_DAY_OF_WEEK,FLOAT,No,No
SF_DTC_O2D_CALENDAR,COMP_DATE,DATE,No,No
SF_DTC_O2D_CALENDAR,COMP_MERCHANDISING_YEAR,FLOAT,No,No
SF_DTC_O2D_CALENDAR,COMP_MERCHANDISING_QUARTER,FLOAT,No,No
SF_DTC_O2D_CALENDAR,COMP_MERCHANDISING_PERIOD,FLOAT,No,No
SF_DTC_O2D_CALENDAR,COMP_MERCHANDISING_WEEK_OF_PERIOD,FLOAT,No,No
SF_DTC_O2D_CALENDAR,COMP_MERCHANDISING_WEEK_OF_YEAR,FLOAT,No,No
SF_DTC_O2D_CALENDAR,COMP_MERCHANDISING_PERIOD_DAY,FLOAT,No,No
SF_DTC_O2D_CALENDAR,COMP_MERCHANDISING_QUARTER_DAY,FLOAT,No,No
SF_DTC_O2D_CALENDAR,COMP_MERCHANDISING_DAY_OF_YEAR,FLOAT,No,No
SF_DTC_O2D_CALENDAR,COMP_MERCHANDISING_DAY_OF_WEEK,FLOAT,No,No
SF_EDI_REPORTING,LOAD_DATE,DATE,No,No
SF_EDI_REPORTING,PONUMB,NUMBER,No,No
SF_EDI_REPORTING,SKU_ID,NUMBER,No,No
SF_EDI_REPORTING,STORE_NO,NUMBER,No,No
SF_EDI_REPORTING,POSTAT,TEXT,No,No
SF_EDI_REPORTING,POVNUM,NUMBER,No,No
SF_EDI_REPORTING,DIVISION,NUMBER,No,No
SF_EDI_REPORTING,DEPARTMENT,TEXT,No,No
SF_EDI_REPORTING,CLASS,TEXT,No,No
SF_EDI_REPORTING,SUBCLASS,TEXT,No,No
SF_EDI_REPORTING,BUYER,TEXT,No,No
SF_EDI_REPORTING,RETAIL_PLACEMENT,TEXT,No,No
SF_EDI_REPORTING,PLANNER,TEXT,No,No
SF_EDI_REPORTING,ITEM_STATUS,TEXT,No,No
SF_EDI_REPORTING,CREATE_DATE,TEXT,No,No
SF_EDI_REPORTING,CANCEL_DATE,TEXT,No,No
SF_EDI_REPORTING,ORIGINAL_PO_QTY,NUMBER,No,No
SF_EDI_REPORTING,PO_UNIT_COST,NUMBER,No,No
SF_EDI_REPORTING,REVISED_PO_QTY,NUMBER,No,No
SF_EDI_REPORTING,RECEIVEDQTY,NUMBER,No,No
SF_EDI_REPORTING,DELIVERY_REQUESTED_DATE,TEXT,No,No
SF_EDI_REPORTING,RECEIPT_DATE,DATE,No,No
SF_EDI_REPORTING,DATE_OF_LAST_855_RECEIVED,TIMESTAMP_NTZ,No,No
SF_EDI_REPORTING,ASN_QTY,NUMBER,No,No
SF_EDI_REPORTING,ASN_DATE,TEXT,No,No
SF_EDI_REPORTING,SHIPMENT_DATE,TEXT,No,No
SF_EDI_REPORTING,ESTIMATED_DELIVERY_DATE,TEXT,No,No
SF_EDI_REPORTING,BOL,TEXT,No,No
SF_EDI_REPORTING,PO850F,TEXT,No,No
SF_EDI_REPORTING,LATEST_QTY_ORDERED,NUMBER,No,No
SF_EXEC_DASHBOARD,TRANSACTION_DATE,DATE,No,No
SF_EXEC_DASHBOARD,OWN_BRAND,TEXT,No,No
SF_EXEC_DASHBOARD,STORE_NO,NUMBER,No,No
SF_EXEC_DASHBOARD,SALES_NET_AMOUNT,NUMBER,No,No
SF_EXEC_DASHBOARD,TRANSACTIONS,NUMBER,No,No
SF_EXEC_DASHBOARD,TRANSACTIONS_TOTAL,NUMBER,No,No
SF_EXEC_DASHBOARD,SALES_UNITS,NUMBER,No,No
SF_EXEC_DASHBOARD,COGS,NUMBER,No,No
SF_EXEC_DASHBOARD_DTC,TRANSACTION_DATE,DATE,No,No
SF_EXEC_DASHBOARD_DTC,OWN_BRAND,TEXT,No,No
SF_EXEC_DASHBOARD_DTC,STORE_NO,NUMBER,No,No
SF_EXEC_DASHBOARD_DTC,ORDERS,NUMBER,No,No
SF_EXEC_DASHBOARD_DTC,ORDERS_TOTAL,NUMBER,No,No
SF_EXEC_DASHBOARD_DTC_TEST,TRANSACTION_DATE,DATE,No,No
SF_EXEC_DASHBOARD_DTC_TEST,OWN_BRAND,TEXT,No,No
SF_EXEC_DASHBOARD_DTC_TEST,STORE_NO,NUMBER,No,No
SF_EXEC_DASHBOARD_DTC_TEST,ORDERS,NUMBER,No,No
SF_EXEC_DASHBOARD_DTC_TEST,ORDERS_TOTAL,NUMBER,No,No
SF_EXEC_DASHBOARD_TEST,TRANSACTION_DATE,DATE,No,No
SF_EXEC_DASHBOARD_TEST,OWN_BRAND,TEXT,No,No
SF_EXEC_DASHBOARD_TEST,STORE_NO,NUMBER,No,No
SF_EXEC_DASHBOARD_TEST,SALES_NET_AMOUNT,NUMBER,No,No
SF_EXEC_DASHBOARD_TEST,TRANSACTIONS,NUMBER,No,No
SF_EXEC_DASHBOARD_TEST,TRANSACTIONS_TOTAL,NUMBER,No,No
SF_EXEC_DASHBOARD_TEST,SALES_UNITS,NUMBER,No,No
SF_EXEC_DASHBOARD_TEST,COGS,NUMBER,No,No
SF_EXEC_DEPT_DAY_FORECAST,CALENDAR_DATE,DATE,No,No
SF_EXEC_DEPT_DAY_FORECAST,CHANNEL,TEXT,No,No
SF_EXEC_DEPT_DAY_FORECAST,CATEGORY,TEXT,No,No
SF_EXEC_DEPT_DAY_FORECAST,DIVISION_NO,NUMBER,No,No
SF_EXEC_DEPT_DAY_FORECAST,DEPARTMENT_ID,NUMBER,No,No
SF_EXEC_DEPT_DAY_FORECAST,SUB_DEPARTMENT_ID,NUMBER,No,No
SF_EXEC_DEPT_DAY_FORECAST,FORECAST_NET_SALES,NUMBER,No,No
SF_EXEC_DEPT_DAY_FORECAST,FORECAST_SCANS,NUMBER,No,No
SF_EXEC_DEPT_DAY_FORECAST,FORECAST_UNITS,TEXT,No,No
SF_EXEC_DEPT_DAY_FORECAST,FORECAST_COST,TEXT,No,No
SF_EXEC_DEPT_DAY_FORECAST,MARGIN_FORECAST,NUMBER,No,No
SF_EXEC_DEPT_DAY_FORECAST,MARGIN_FORECAST_PER,NUMBER,No,No
SF_EXEC_DEPT_DAY_FORECAST_4PM_09182024,CALENDAR_DATE,DATE,No,No
SF_EXEC_DEPT_DAY_FORECAST_4PM_09182024,CHANNEL,TEXT,No,No
SF_EXEC_DEPT_DAY_FORECAST_4PM_09182024,CATEGORY,TEXT,No,No
SF_EXEC_DEPT_DAY_FORECAST_4PM_09182024,DIVISION_NO,NUMBER,No,No
SF_EXEC_DEPT_DAY_FORECAST_4PM_09182024,DEPARTMENT_ID,NUMBER,No,No
SF_EXEC_DEPT_DAY_FORECAST_4PM_09182024,SUB_DEPARTMENT_ID,NUMBER,No,No
SF_EXEC_DEPT_DAY_FORECAST_4PM_09182024,FORECAST_NET_SALES,NUMBER,No,No
SF_EXEC_DEPT_DAY_FORECAST_4PM_09182024,FORECAST_SCANS,NUMBER,No,No
SF_EXEC_DEPT_DAY_FORECAST_4PM_09182024,FORECAST_UNITS,TEXT,No,No
SF_EXEC_DEPT_DAY_FORECAST_4PM_09182024,FORECAST_COST,TEXT,No,No
SF_EXEC_DEPT_DAY_FORECAST_4PM_09182024,MARGIN_FORECAST,NUMBER,No,No
SF_EXEC_DEPT_DAY_FORECAST_4PM_09182024,MARGIN_FORECAST_PER,NUMBER,No,No
SF_EXEC_DEPT_DAY_PLAN,CALENDAR_DATE,DATE,No,No
SF_EXEC_DEPT_DAY_PLAN,CHANNEL,TEXT,No,No
SF_EXEC_DEPT_DAY_PLAN,CATEGORY,TEXT,No,No
SF_EXEC_DEPT_DAY_PLAN,DIVISION_NO,NUMBER,No,No
SF_EXEC_DEPT_DAY_PLAN,DEPARTMENT_ID,NUMBER,No,No
SF_EXEC_DEPT_DAY_PLAN,SUB_DEPARTMENT_ID,NUMBER,No,No
SF_EXEC_DEPT_DAY_PLAN,PLAN_NET_SALES,NUMBER,No,No
SF_EXEC_DEPT_DAY_PLAN,PLAN_SCANS,NUMBER,No,No
SF_EXEC_DEPT_DAY_PLAN,PLAN_UNITS,TEXT,No,No
SF_EXEC_DEPT_DAY_PLAN,PLAN_COST,TEXT,No,No
SF_EXEC_DEPT_DAY_PLAN,MARGIN_PLAN,NUMBER,No,No
SF_EXEC_DEPT_DAY_PLAN,MARGIN_PLAN_PER,NUMBER,No,No
SF_EXEC_DEPT_DAY_PLAN_BACKUP,CALENDAR_DATE,DATE,No,No
SF_EXEC_DEPT_DAY_PLAN_BACKUP,CHANNEL,TEXT,No,No
SF_EXEC_DEPT_DAY_PLAN_BACKUP,CATEGORY,TEXT,No,No
SF_EXEC_DEPT_DAY_PLAN_BACKUP,DIVISION_NO,NUMBER,No,No
SF_EXEC_DEPT_DAY_PLAN_BACKUP,DEPARTMENT_ID,NUMBER,No,No
SF_EXEC_DEPT_DAY_PLAN_BACKUP,SUB_DEPARTMENT_ID,NUMBER,No,No
SF_EXEC_DEPT_DAY_PLAN_BACKUP,PLAN_NET_SALES,NUMBER,No,No
SF_EXEC_DEPT_DAY_PLAN_BACKUP,PLAN_SCANS,NUMBER,No,No
SF_EXEC_DEPT_DAY_PLAN_BACKUP,PLAN_UNITS,TEXT,No,No
SF_EXEC_DEPT_DAY_PLAN_BACKUP,PLAN_COST,TEXT,No,No
SF_EXEC_DETAIL_DASHBOARD,TRANSACTION_DATE,DATE,No,No
SF_EXEC_DETAIL_DASHBOARD,OWN_BRAND,TEXT,No,No
SF_EXEC_DETAIL_DASHBOARD,STORE_NO,NUMBER,No,No
SF_EXEC_DETAIL_DASHBOARD,TRANSACTION_ID,NUMBER,No,No
SF_EXEC_DETAIL_DASHBOARD,SKU_ID,NUMBER,No,No
SF_EXEC_DETAIL_DASHBOARD,SALES_NET_AMOUNT,NUMBER,No,No
SF_EXEC_DETAIL_DASHBOARD,SALES_UNITS,NUMBER,No,No
SF_EXEC_DETAIL_DASHBOARD,COGS,NUMBER,No,No
SF_EXEC_DETAIL_DASHBOARD_TEST,TRANSACTION_DATE,DATE,No,No
SF_EXEC_DETAIL_DASHBOARD_TEST,OWN_BRAND,TEXT,No,No
SF_EXEC_DETAIL_DASHBOARD_TEST,STORE_NO,NUMBER,No,No
SF_EXEC_DETAIL_DASHBOARD_TEST,TRANSACTION_ID,NUMBER,No,No
SF_EXEC_DETAIL_DASHBOARD_TEST,SKU_ID,NUMBER,No,No
SF_EXEC_DETAIL_DASHBOARD_TEST,SALES_NET_AMOUNT,NUMBER,No,No
SF_EXEC_DETAIL_DASHBOARD_TEST,SALES_UNITS,NUMBER,No,No
SF_EXEC_DETAIL_DASHBOARD_TEST,COGS,NUMBER,No,No
SF_EXEC_DETAIL_SCAN,CALENDAR_DATE,DATE,No,No
SF_EXEC_DETAIL_SCAN,STORE_NO,NUMBER,No,No
SF_EXEC_DETAIL_SCAN,SKU_ID,NUMBER,No,No
SF_EXEC_DETAIL_SCAN,SCAN_AMOUNT,NUMBER,No,No
SF_EXEC_DETAIL_SCAN_05252022,CALENDAR_DATE,DATE,No,No
SF_EXEC_DETAIL_SCAN_05252022,STORE_NO,NUMBER,No,No
SF_EXEC_DETAIL_SCAN_05252022,SKU_ID,NUMBER,No,No
SF_EXEC_DETAIL_SCAN_05252022,SCAN_AMOUNT,NUMBER,No,No
SF_EXEC_FCST,FCSTYR,NUMBER,No,No
SF_EXEC_FCST,TRANSACTION_DATE,DATE,No,No
SF_EXEC_FCST,STR,NUMBER,No,No
SF_EXEC_FCST,FCST_AMOUNT,FLOAT,No,No
SF_EXEC_PLAN,PLAN_YR,NUMBER,No,No
SF_EXEC_PLAN,TRANSACTION_DATE,DATE,No,No
SF_EXEC_PLAN,STORE_NO,NUMBER,No,No
SF_EXEC_PLAN,PLAN_AMOUNT,NUMBER,No,No
SF_EXEC_PLAN,FCST_AMOUNT,NUMBER,No,No
SF_EXEC_TRAFFIC,TRANSACTION_DATE,DATE,No,No
SF_EXEC_TRAFFIC,STORE,NUMBER,No,No
SF_EXEC_TRAFFIC,TRAFFIC,NUMBER,No,No
SF_EXEC_TRAFFIC,TRAFFIC_TRANSACTION,NUMBER,No,No
SF_FINANCIAL_REPORTING_DEMAND,TRANSACTION_DATE,DATE,No,No
SF_FINANCIAL_REPORTING_DEMAND,AMOUNT,NUMBER,No,No
SF_FINANCIAL_REPORTING_DEMAND,CHANNEL,TEXT,No,No
SF_FINANCIAL_REPORTING_DEMAND,SUBCHANNEL,TEXT,No,No
SF_FINANCIAL_REPORTING_DEMAND,ACTUAL_DEMAND_TYPE,TEXT,No,No
SF_FINANCIAL_REPORTING_DEMAND_011422,TRANSACTION_DATE,DATE,No,No
SF_FINANCIAL_REPORTING_DEMAND_011422,AMOUNT,NUMBER,No,No
SF_FINANCIAL_REPORTING_DEMAND_011422,SUBCHANNEL,TEXT,No,No
SF_FINANCIAL_REPORTING_DEMAND_011422,CHANNEL,TEXT,No,No
SF_FINANCIAL_REPORTING_DEMAND_20220120,TRANSACTION_DATE,DATE,No,No
SF_FINANCIAL_REPORTING_DEMAND_20220120,AMOUNT,NUMBER,No,No
SF_FINANCIAL_REPORTING_DEMAND_20220120,CHANNEL,TEXT,No,No
SF_FINANCIAL_REPORTING_DEMAND_20220120,SUBCHANNEL,TEXT,No,No
SF_FINANCIAL_REPORTING_DEMAND_20220120,ACTUAL_DEMAND_TYPE,TEXT,No,No
SF_FINANCIAL_REPORTING_DEMAND_20220215,TRANSACTION_DATE,DATE,No,No
SF_FINANCIAL_REPORTING_DEMAND_20220215,AMOUNT,NUMBER,No,No
SF_FINANCIAL_REPORTING_DEMAND_20220215,CHANNEL,TEXT,No,No
SF_FINANCIAL_REPORTING_DEMAND_20220215,SUBCHANNEL,TEXT,No,No
SF_FINANCIAL_REPORTING_DEMAND_20220215,ACTUAL_DEMAND_TYPE,TEXT,No,No
SF_FINANCIAL_REPORTING_DEMAND_2025_TESTING,TRANSACTION_DATE,DATE,No,No
SF_FINANCIAL_REPORTING_DEMAND_2025_TESTING,AMOUNT,NUMBER,No,No
SF_FINANCIAL_REPORTING_DEMAND_2025_TESTING,CHANNEL,TEXT,No,No
SF_FINANCIAL_REPORTING_DEMAND_2025_TESTING,SUBCHANNEL,TEXT,No,No
SF_FINANCIAL_REPORTING_DEMAND_2025_TESTING,ACTUAL_DEMAND_TYPE,TEXT,No,No
SF_FINANCIAL_REPORTING_DEMAND_220223,TRANSACTION_DATE,DATE,No,No
SF_FINANCIAL_REPORTING_DEMAND_220223,AMOUNT,NUMBER,No,No
SF_FINANCIAL_REPORTING_DEMAND_220223,CHANNEL,TEXT,No,No
SF_FINANCIAL_REPORTING_DEMAND_220223,SUBCHANNEL,TEXT,No,No
SF_FINANCIAL_REPORTING_DEMAND_220223,ACTUAL_DEMAND_TYPE,TEXT,No,No
SF_FINANCIAL_REPORTING_DEMAND_220307,TRANSACTION_DATE,DATE,No,No
SF_FINANCIAL_REPORTING_DEMAND_220307,AMOUNT,NUMBER,No,No
SF_FINANCIAL_REPORTING_DEMAND_220307,CHANNEL,TEXT,No,No
SF_FINANCIAL_REPORTING_DEMAND_220307,SUBCHANNEL,TEXT,No,No
SF_FINANCIAL_REPORTING_DEMAND_220307,ACTUAL_DEMAND_TYPE,TEXT,No,No
SF_FINANCIAL_REPORTING_DEMAND_220309,TRANSACTION_DATE,DATE,No,No
SF_FINANCIAL_REPORTING_DEMAND_220309,AMOUNT,NUMBER,No,No
SF_FINANCIAL_REPORTING_DEMAND_220309,CHANNEL,TEXT,No,No
SF_FINANCIAL_REPORTING_DEMAND_220309,SUBCHANNEL,TEXT,No,No
SF_FINANCIAL_REPORTING_DEMAND_220309,ACTUAL_DEMAND_TYPE,TEXT,No,No
SF_FINANCIAL_REPORTING_DEMAND_220310,TRANSACTION_DATE,DATE,No,No
SF_FINANCIAL_REPORTING_DEMAND_220310,AMOUNT,NUMBER,No,No
SF_FINANCIAL_REPORTING_DEMAND_220310,CHANNEL,TEXT,No,No
SF_FINANCIAL_REPORTING_DEMAND_220310,SUBCHANNEL,TEXT,No,No
SF_FINANCIAL_REPORTING_DEMAND_220310,ACTUAL_DEMAND_TYPE,TEXT,No,No
SF_FINANCIAL_REPORTING_DEMAND_220330,TRANSACTION_DATE,DATE,No,No
SF_FINANCIAL_REPORTING_DEMAND_220330,AMOUNT,NUMBER,No,No
SF_FINANCIAL_REPORTING_DEMAND_220330,CHANNEL,TEXT,No,No
SF_FINANCIAL_REPORTING_DEMAND_220330,SUBCHANNEL,TEXT,No,No
SF_FINANCIAL_REPORTING_DEMAND_220330,ACTUAL_DEMAND_TYPE,TEXT,No,No
SF_FINANCIAL_REPORTING_DEMAND_220401,TRANSACTION_DATE,DATE,No,No
SF_FINANCIAL_REPORTING_DEMAND_220401,AMOUNT,NUMBER,No,No
SF_FINANCIAL_REPORTING_DEMAND_220401,CHANNEL,TEXT,No,No
SF_FINANCIAL_REPORTING_DEMAND_220401,SUBCHANNEL,TEXT,No,No
SF_FINANCIAL_REPORTING_DEMAND_220401,ACTUAL_DEMAND_TYPE,TEXT,No,No
SF_FINANCIAL_REPORTING_DEMAND_220413,TRANSACTION_DATE,DATE,No,No
SF_FINANCIAL_REPORTING_DEMAND_220413,AMOUNT,NUMBER,No,No
SF_FINANCIAL_REPORTING_DEMAND_220413,CHANNEL,TEXT,No,No
SF_FINANCIAL_REPORTING_DEMAND_220413,SUBCHANNEL,TEXT,No,No
SF_FINANCIAL_REPORTING_DEMAND_220413,ACTUAL_DEMAND_TYPE,TEXT,No,No
SF_FINANCIAL_REPORTING_DEMAND_BACKUP_220211,TRANSACTION_DATE,DATE,No,No
SF_FINANCIAL_REPORTING_DEMAND_BACKUP_220211,AMOUNT,NUMBER,No,No
SF_FINANCIAL_REPORTING_DEMAND_BACKUP_220211,CHANNEL,TEXT,No,No
SF_FINANCIAL_REPORTING_DEMAND_BACKUP_220211,SUBCHANNEL,TEXT,No,No
SF_FINANCIAL_REPORTING_DEMAND_BACKUP_220211,ACTUAL_DEMAND_TYPE,TEXT,No,No
SF_FINANCIAL_REPORTING_DEMAND_BACKUP_PB,TRANSACTION_DATE,DATE,No,No
SF_FINANCIAL_REPORTING_DEMAND_BACKUP_PB,AMOUNT,NUMBER,No,No
SF_FINANCIAL_REPORTING_DEMAND_BACKUP_PB,SUBCHANNEL,TEXT,No,No
SF_FINANCIAL_REPORTING_DEMAND_BACKUP_PB,CHANNEL,TEXT,No,No
SF_FINANCIAL_REPORTING_DEMAND_BACKUP_PB,ACTUAL_DEMAND_TYPE,TEXT,No,No
SF_FINANCIAL_REPORTING_DEMAND_TEST,TRANSACTION_DATE,DATE,No,No
SF_FINANCIAL_REPORTING_DEMAND_TEST,AMOUNT,NUMBER,No,No
SF_FINANCIAL_REPORTING_DEMAND_TEST,CHANNEL,TEXT,No,No
SF_FINANCIAL_REPORTING_DEMAND_TEST,SUBCHANNEL,TEXT,No,No
SF_FINANCIAL_REPORTING_DEMAND_TEST,ACTUAL_DEMAND_TYPE,TEXT,No,No
SF_FINANCIAL_REPORTING_DOORDASH,TRANSACTION_DATE,TIMESTAMP_NTZ,No,No
SF_FINANCIAL_REPORTING_DOORDASH,SKU_ID,NUMBER,No,No
SF_FINANCIAL_REPORTING_DOORDASH,TOTAL_SALES,NUMBER,No,No
SF_FINANCIAL_REPORTING_DOORDASH,UNITS,NUMBER,No,No
SF_FINANCIAL_REPORTING_DOORDASH,COST,NUMBER,No,No
SF_FINANCIAL_REPORTING_INSTACART,TRANSACTION_DATE,TIMESTAMP_NTZ,No,No
SF_FINANCIAL_REPORTING_INSTACART,SKU_ID,NUMBER,No,No
SF_FINANCIAL_REPORTING_INSTACART,TOTAL_SALES,NUMBER,No,No
SF_FINANCIAL_REPORTING_INSTACART,UNITS,NUMBER,No,No
SF_FINANCIAL_REPORTING_INSTACART,COST,NUMBER,No,No
SF_FINANCIAL_REPORTING_UBEREAT,TRANSACTION_DATE,TIMESTAMP_NTZ,No,No
SF_FINANCIAL_REPORTING_UBEREAT,SKU_ID,NUMBER,No,No
SF_FINANCIAL_REPORTING_UBEREAT,TOTAL_SALES,NUMBER,No,No
SF_FINANCIAL_REPORTING_UBEREAT,UNITS,NUMBER,No,No
SF_FINANCIAL_REPORTING_UBEREAT,COST,NUMBER,No,No
SF_FRANCHISE_SALES_TAX,TRANSACTION_DATE,DATE,No,No
SF_FRANCHISE_SALES_TAX,STATE,TEXT,No,No
SF_FRANCHISE_SALES_TAX,STORE,NUMBER,No,No
SF_FRANCHISE_SALES_TAX,NON_TAXABLE_SALES,NUMBER,No,No
SF_FRANCHISE_SALES_TAX,TIER_1_TAXABLE_SALES,NUMBER,No,No
SF_FRANCHISE_SALES_TAX,TIER_2_TAXABLE_SALES,NUMBER,No,No
SF_FRANCHISE_SALES_TAX,TOTAL_SALES,NUMBER,No,No
SF_FRANCHISE_SALES_TAX,TIER_1_TAX_COLLECTED,NUMBER,No,No
SF_FRANCHISE_SALES_TAX,TIER_2_TAX_COLLECTED,NUMBER,No,No
SF_FRANCHISE_SALES_TAX,SHIPPING_TAX,NUMBER,No,No
SF_FRANCHISE_SALES_TAX,CALCULATED_TIER1_TAXABLE_RATE,NUMBER,No,No
SF_FRANCHISE_SALES_TAX,CALCULATED_TIER2_TAXABLE_RATE,NUMBER,No,No
SF_FRANCHISE_SALES_TAX,TOTAL_TAX_COLLECTED,NUMBER,No,No
SF_GA_DEMAND_FORECAST,DATE,DATE,No,No
SF_GA_DEMAND_FORECAST,PERIOD,TEXT,No,No
SF_GA_DEMAND_FORECAST,SESSIONS_FORECAST,NUMBER,No,No
SF_GA_DEMAND_FORECAST,TRANSACTIONS_FORECAST,NUMBER,No,No
SF_GA_DEMAND_FORECAST,DEMAND_FORECAST,NUMBER,No,No
SF_GA_DEMAND_PLAN,DATE,DATE,No,No
SF_GA_DEMAND_PLAN,PERIOD,TEXT,No,No
SF_GA_DEMAND_PLAN,SESSIONS_PLAN,NUMBER,No,No
SF_GA_DEMAND_PLAN,TRANSACTIONS_PLAN,NUMBER,No,No
SF_GA_DEMAND_PLAN,DEMAND_PLAN,NUMBER,No,No
SF_IMPULSE_UPSELL_DEMAND,TRANSACTION_DATE,TIMESTAMP_NTZ,No,No
SF_IMPULSE_UPSELL_DEMAND,NUMBER_OF_ITEMS,FLOAT,No,No
SF_IMPULSE_UPSELL_DEMAND,TOTAL_REVENUE_ITEM,NUMBER,No,No
SF_IMPULSE_UPSELL_DEMAND,ONE_TIME_REVENUE_ITEM,NUMBER,No,No
SF_IMPULSE_UPSELL_DEMAND,SUBSCRIPTION_REVENUE_ITEM,NUMBER,No,No
SF_IMPULSE_UPSELL_DEMAND,IU_AIV,FLOAT,No,No
SF_IMPULSE_UPSELL_DEMAND,NONIU_AIV,FLOAT,No,No
SF_IMPULSE_UPSELL_DEMAND,PERCENT_INCREASE_AIV,FLOAT,No,No
SF_IMPULSE_UPSELL_DEMAND,NO_OF_ITEMS_SUBSCRIPTION,FLOAT,No,No
SF_IMPULSE_UPSELL_DEMAND,NO_OF_ITEMS_ONE_TIME,FLOAT,No,No
SF_IMPULSE_UPSELL_DEMAND,PERCENT_ITEMS_ONE_TIME,FLOAT,No,No
SF_IMPULSE_UPSELL_DEMAND,PERCENT_ITEMS_SUBSCRIPTION,FLOAT,No,No
SF_IMPULSE_UPSELL_REVENUE,TRANSACTION_DATE,TIMESTAMP_NTZ,No,No
SF_IMPULSE_UPSELL_REVENUE,IU_NETAMOUNT,NUMBER,No,No
SF_IMPULSE_UPSELL_REVENUE,TOTAL_NUMBER_OF_ORDERS,NUMBER,No,No
SF_IMPULSE_UPSELL_REVENUE,IU_NUMBER_OF_ORDERS,NUMBER,No,No
SF_IMPULSE_UPSELL_REVENUE,IU_NUMBER_OF_TRANSACTIONS,NUMBER,No,No
SF_IMPULSE_UPSELL_REVENUE,IU_AOV,FLOAT,No,No
SF_IMPULSE_UPSELL_REVENUE,PERCENT_OF_ORDERS,FLOAT,No,No
SF_IM_BACKORDER,CALENDAR_DATE,DATE,No,No
SF_IM_BACKORDER,SERVICING_DC,NUMBER,No,No
SF_IM_BACKORDER,STORE_NO,NUMBER,No,No
SF_IM_BACKORDER,SKU_ID,TEXT,No,No
SF_IM_BACKORDER,SALES_EIGHT_WEEKS,NUMBER,No,No
SF_IM_BACKORDER,DIRECT_RESERVE_QUANTITY,NUMBER,No,No
SF_IM_BACKORDER,DIRECT_RESERVE_COST,NUMBER,No,No
SF_IM_BACKORDER,DC_AVAILABLE_UNITS,NUMBER,No,No
SF_IM_BACKORDER,DC_AVAILABLE_DOLLARS,NUMBER,No,No
SF_IM_BACKORDER,LAST_PURCHASE_DATE,DATE,No,No
SF_IM_BACKORDER,ALLOCATED_QUANTITY,NUMBER,No,No
SF_IM_BACKORDER,OH_COST,NUMBER,No,No
SF_IM_BACKORDER,OH_UNITS,NUMBER,No,No
SF_IM_BACKORDER,ON_ORDER_UNITS,NUMBER,No,No
SF_IM_BACKORDER,ON_ORDER_DOLLARS,NUMBER,No,No
SF_IM_BACKORDER,IN_TRANSIT,NUMBER,No,No
SF_IM_BACKORDER,STORE_INVENTORY,NUMBER,No,No
SF_IM_BACKORDER,LAST_RECEIPT_DATE,DATE,No,No
SF_IM_BACKORDER,BACK_ORDER_UNITS,NUMBER,No,No
SF_IM_BACKORDER,BACK_ORDER_RETAIL_DOLLARS,NUMBER,No,No
SF_IM_BACKORDER,PO_OVERRIDE_DATE,DATE,No,No
SF_IM_BACKORDER,NEXT_PO_DATE,NUMBER,No,No
SF_IM_BACKORDER,NEXT_PO_NUMBER,NUMBER,No,No
SF_IM_BACKORDER,NEXT_PO_DUE_QUANTITY,NUMBER,No,No
SF_IM_BACKORDER_METRICS,CALENDAR_DATE,DATE,No,No
SF_IM_BACKORDER_METRICS,SERVICING_DC,NUMBER,No,No
SF_IM_BACKORDER_METRICS,STORE_NO,NUMBER,No,No
SF_IM_BACKORDER_METRICS,SKU_ID,NUMBER,No,No
SF_IM_BACKORDER_METRICS,UNITS,NUMBER,No,No
SF_IM_BACKORDER_METRICS,DOLLARS,NUMBER,No,No
SF_IM_BACKORDER_METRICS,STATUS_CODE,TEXT,No,No
SF_IM_BACKORDER_METRICS,HAZARD_CODE,TEXT,No,No
SF_IM_BACKORDER_METRICS,PROMOTION_TYPE,TEXT,No,No
SF_IM_PLAN_FORECAST,CALENDAR_DATE,DATE,No,No
SF_IM_PLAN_FORECAST,SERVICING_DC,NUMBER,No,No
SF_IM_PLAN_FORECAST,STORE_NO,NUMBER,No,No
SF_IM_PLAN_FORECAST,SKU_ID,NUMBER,No,No
SF_IM_PLAN_FORECAST,COST_PLAN,NUMBER,No,No
SF_IM_PLAN_FORECAST,FUTURE_ORDER_UNITS,NUMBER,No,No
SF_IM_PLAN_FORECAST,FUTURE_ORDER_COST,NUMBER,No,No
SF_IM_PLAN_FORECAST,EXPECTED_ETA,DATE,No,No
SF_IM_PLAN_FORECAST,STATUS_CODE,TEXT,No,No
SF_IM_PLAN_FORECAST,HAZARD_CODE,TEXT,No,No
SF_IM_PLAN_FORECAST,PROMOTION_TYPE,TEXT,No,No
SF_IM_PURCHASE_ORDER,DATELOADED,DATE,No,No
SF_IM_PURCHASE_ORDER,SERVICING_DC,NUMBER,No,No
SF_IM_PURCHASE_ORDER,STORE_NO,NUMBER,No,No
SF_IM_PURCHASE_ORDER,SKU_ID,NUMBER,No,No
SF_IM_PURCHASE_ORDER,OPEN_PO_NUMBER,NUMBER,No,No
SF_IM_PURCHASE_ORDER,OPEN_PO_DUE_DATE,NUMBER,No,No
SF_IM_PURCHASE_ORDER,OPEN_PO_QUANTITY,NUMBER,No,No
SF_IM_PURCHASE_ORDER,OPEN_PO_RETAIL,NUMBER,No,No
SF_IM_PURCHASE_ORDER,OPEN_PO_COST,NUMBER,No,No
SF_IM_PURCHASE_ORDER,STATUS_CODE,TEXT,No,No
SF_IM_PURCHASE_ORDER,HAZARD_CODE,TEXT,No,No
SF_IM_PURCHASE_ORDER,PROMOTION_TYPE,TEXT,No,No
SF_IM_RESERVE_AVAILABLE,CALENDAR_DATE,DATE,No,No
SF_IM_RESERVE_AVAILABLE,SERVICING_DC,NUMBER,No,No
SF_IM_RESERVE_AVAILABLE,STORE_NO,NUMBER,No,No
SF_IM_RESERVE_AVAILABLE,SKU_ID,NUMBER,No,No
SF_IM_RESERVE_AVAILABLE,ADP_RESERVE_QUANTITY,NUMBER,No,No
SF_IM_RESERVE_AVAILABLE,AVERAGE_COST,NUMBER,No,No
SF_IM_RESERVE_AVAILABLE,ADP_RESERVE_COST,NUMBER,No,No
SF_IM_RESERVE_AVAILABLE,WHOLESALE_RESERVE_QUANTITY,NUMBER,No,No
SF_IM_RESERVE_AVAILABLE,DTC_RESERVE_QUANTITY,NUMBER,No,No
SF_IM_RESERVE_AVAILABLE,TOTAL_RESERVE_QUANTITY,NUMBER,No,No
SF_IM_RESERVE_AVAILABLE,DTC_RESERVE_COST,NUMBER,No,No
SF_IM_RESERVE_AVAILABLE,ADP_AVAILABLE_QUANTITY,NUMBER,No,No
SF_IM_RESERVE_AVAILABLE,DTC_AVAILABLE_QUANTITY,NUMBER,No,No
SF_IM_RESERVE_AVAILABLE,RETAIL_AVAILABLE_QUANTITY,NUMBER,No,No
SF_IM_RESERVE_AVAILABLE,DTC_AVAILABLE_COST,NUMBER,No,No
SF_IM_RESERVE_AVAILABLE,WHOLESALES_AVAILABLE_QUANTITY,NUMBER,No,No
SF_IM_RESERVE_AVAILABLE,STATUS_CODE,TEXT,No,No
SF_IM_RESERVE_AVAILABLE,HAZARD_CODE,TEXT,No,No
SF_IM_RESERVE_AVAILABLE,PROMOTION_TYPE,TEXT,No,No
SF_IM_SKU_DAY_DC_FACT,CALENDAR_DATE,DATE,No,No
SF_IM_SKU_DAY_DC_FACT,STORE_NO,NUMBER,No,No
SF_IM_SKU_DAY_DC_FACT,SKU_ID,TEXT,No,No
SF_IM_SKU_DAY_DC_FACT,INVENTORY_DOLLARS,NUMBER,No,No
SF_IM_SKU_DAY_DC_FACT,INVENTORY_UNITS,NUMBER,No,No
SF_IM_SKU_DAY_DC_FACT,COGS,NUMBER,No,No
SF_IM_SKU_DAY_DC_FACT,INSTOCK_COUNT,NUMBER,No,No
SF_IM_SKU_DAY_DC_FACT,INSTOCK_COUNT_ON_ORDER,NUMBER,No,No
SF_IM_SKU_DAY_DC_FACT,IN_TRANSIT_DOLLARS,NUMBER,No,No
SF_IM_SKU_DAY_DC_FACT,IN_TRANSIT_UNITS,NUMBER,No,No
SF_IM_SKU_DAY_DC_FACT,TOTAL_RESERVE_QUANTITY,NUMBER,No,No
SF_IM_SKU_DAY_DC_FACT,ADP_RESERVE_QUANTITY,NUMBER,No,No
SF_IM_SKU_DAY_DC_FACT,WHOLESALE_RESERVE_QUANTITY,NUMBER,No,No
SF_IM_SKU_DAY_DC_FACT,DTC_RESERVE_QUANTITY,NUMBER,No,No
SF_IM_SKU_DAY_DC_FACT,ADP_AVAILABLE,NUMBER,No,No
SF_IM_SKU_DAY_DC_FACT,DTC_AVAILABLE,NUMBER,No,No
SF_IM_SKU_DAY_DC_FACT,RETAIL_AVAILABLE,NUMBER,No,No
SF_IM_SKU_DAY_DC_FACT,WHOLESALES_AVAILABLE,NUMBER,No,No
SF_IM_SKU_DAY_DC_FACT,BO_UNITS,NUMBER,No,No
SF_IM_SKU_DAY_DC_FACT,BO_DOLLARS,NUMBER,No,No
SF_IM_SKU_DAY_DC_FACT,NEXT_PO_QUANTITY,NUMBER,No,No
SF_IM_SKU_DAY_DC_FACT,NEXT_PO_DOLLARS,NUMBER,No,No
SF_IM_SKU_DAY_DC_FACT,NEXT_PO_RETAIL,NUMBER,No,No
SF_IM_SKU_DAY_DC_FACT,PO_NUMBER,NUMBER,No,No
SF_IM_SKU_DAY_DC_FACT,NEXT_PO_DATE,NUMBER,No,No
SF_IM_SKU_DAY_DC_VENDONTIME,CALENDAR_DATE,DATE,No,No
SF_IM_SKU_DAY_DC_VENDONTIME,STORE_NO,NUMBER,No,No
SF_IM_SKU_DAY_DC_VENDONTIME,SKU_ID,NUMBER,No,No
SF_IM_SKU_DAY_DC_VENDONTIME,SHIP_DATE,DATE,No,No
SF_IM_SKU_DAY_DC_VENDONTIME,CANCEL_DATE,DATE,No,No
SF_IM_SKU_DAY_DC_VENDONTIME,RECEIPT_DATE,DATE,No,No
SF_IM_SKU_DAY_DC_VENDONTIME,VENDOR_CODE,TEXT,No,No
SF_IM_SKU_DAY_DC_VENDONTIME,PO_ENTRY_DATE,DATE,No,No
SF_IM_SKU_DAY_DC_VENDONTIME,PO_NUMBER,FLOAT,No,No
SF_IM_SKU_DAY_DC_VENDONTIME,ON_TIME,NUMBER,No,No
SF_IM_SKU_DAY_DC_VENDONTIME,LEAD_TIME,NUMBER,No,No
SF_IM_SKU_DAY_DC_VENDONTIME,ORIGINAL_FILL_RATE_PERCENT,NUMBER,No,No
SF_IM_SKU_DAY_DC_VENDONTIME,REVISED_FILL_RATE_PERCENT,NUMBER,No,No
SF_IM_SKU_DAY_DC_VENDONTIME,ORIGINAL_QUANTITY_ORDERED,NUMBER,No,No
SF_IM_SKU_DAY_DC_VENDONTIME,RECEIVEDQTY,NUMBER,No,No
SF_IM_SKU_DAY_DC_VENDONTIME,LATEST_ORIGINAL_QUANTITY_ORDERED,NUMBER,No,No
SF_IM_SKU_DAY_DC_VENDONTIME,PO_UNIT_COST,NUMBER,No,No
SF_IM_SKU_DAY_DC_VENDONTIME,NEW_COST,NUMBER,No,No
SF_IM_SKU_DAY_DC_VENDONTIME,ASFPCD,TEXT,No,No
SF_IM_SKU_DAY_DC_VENDONTIME,STATUS_CODE,TEXT,No,No
SF_IM_SKU_DAY_DC_VENDONTIME,ASSORTMENT_CODE,TEXT,No,No
SF_IM_SKU_DAY_DC_VENDONTIME,PROMOTION_TYPE,TEXT,No,No
SF_IM_SKU_DAY_DC_VENDONTIME_BACKUP1,CALENDAR_DATE,DATE,No,No
SF_IM_SKU_DAY_DC_VENDONTIME_BACKUP1,STORE_NO,NUMBER,No,No
SF_IM_SKU_DAY_DC_VENDONTIME_BACKUP1,SKU_ID,TEXT,No,No
SF_IM_SKU_DAY_DC_VENDONTIME_BACKUP1,SHIP_DATE,DATE,No,No
SF_IM_SKU_DAY_DC_VENDONTIME_BACKUP1,CANCEL_DATE,DATE,No,No
SF_IM_SKU_DAY_DC_VENDONTIME_BACKUP1,RECEIPT_DATE,DATE,No,No
SF_IM_SKU_DAY_DC_VENDONTIME_BACKUP1,VENDOR_CODE,TEXT,No,No
SF_IM_SKU_DAY_DC_VENDONTIME_BACKUP1,PO_ENTRY_DATE,DATE,No,No
SF_IM_SKU_DAY_DC_VENDONTIME_BACKUP1,PO_NUMBER,FLOAT,No,No
SF_IM_SKU_DAY_DC_VENDONTIME_BACKUP1,ON_TIME,NUMBER,No,No
SF_IM_SKU_DAY_DC_VENDONTIME_BACKUP1,LEAD_TIME,NUMBER,No,No
SF_IM_SKU_DAY_DC_VENDONTIME_BACKUP1,ORIGINAL_FILL_RATE_PERCENT,NUMBER,No,No
SF_IM_SKU_DAY_DC_VENDONTIME_BACKUP1,REVISED_FILL_RATE_PERCENT,NUMBER,No,No
SF_IM_SKU_DAY_DC_VENDONTIME_BACKUP1,ORIGINAL_QUANTITY_ORDERED,NUMBER,No,No
SF_IM_SKU_DAY_DC_VENDONTIME_BACKUP1,RECEIVEDQTY,NUMBER,No,No
SF_IM_SKU_DAY_DC_VENDONTIME_BACKUP1,LATEST_ORIGINAL_QUANTITY_ORDERED,NUMBER,No,No
SF_IM_SKU_DAY_DC_VENDONTIME_BACKUP1,PO_UNIT_COST,NUMBER,No,No
SF_IM_SKU_DAY_DC_VENDONTIME_BACKUP1,NEW_COST,NUMBER,No,No
SF_IM_SKU_DAY_DC_VENDONTIME_BACKUP1,ASFPCD,TEXT,No,No
SF_IM_SKU_DAY_DC_VENDONTIME_BACKUP1,STATUS_CODE,TEXT,No,No
SF_IM_SKU_DAY_DC_VENDONTIME_BACKUP1,ASSORTMENT_CODE,TEXT,No,No
SF_IM_SKU_DAY_DC_VENDONTIME_BACKUP1,PROMOTION_TYPE,TEXT,No,No
SF_IM_SKU_DAY_DC_VENDONTIME_NEW,CALENDAR_DATE,DATE,No,No
SF_IM_SKU_DAY_DC_VENDONTIME_NEW,STORE_NO,NUMBER,No,No
SF_IM_SKU_DAY_DC_VENDONTIME_NEW,SKU_ID,NUMBER,No,No
SF_IM_SKU_DAY_DC_VENDONTIME_NEW,SHIP_DATE,TEXT,No,No
SF_IM_SKU_DAY_DC_VENDONTIME_NEW,CANCEL_DATE,TEXT,No,No
SF_IM_SKU_DAY_DC_VENDONTIME_NEW,RECEIPT_DATE,TEXT,No,No
SF_IM_SKU_DAY_DC_VENDONTIME_NEW,VENDOR_CODE,FLOAT,No,No
SF_IM_SKU_DAY_DC_VENDONTIME_NEW,PO_ENTRY_DATE,TEXT,No,No
SF_IM_SKU_DAY_DC_VENDONTIME_NEW,PO_NUMBER,FLOAT,No,No
SF_IM_SKU_DAY_DC_VENDONTIME_NEW,ON_TIME,NUMBER,No,No
SF_IM_SKU_DAY_DC_VENDONTIME_NEW,LEAD_TIME,NUMBER,No,No
SF_IM_SKU_DAY_DC_VENDONTIME_NEW,ORIGINAL_FILL_RATE_PERCENT,NUMBER,No,No
SF_IM_SKU_DAY_DC_VENDONTIME_NEW,REVISED_FILL_RATE_PERCENT,NUMBER,No,No
SF_IM_SKU_DAY_DC_VENDONTIME_NEW,ORIGINAL_QUANTITY_ORDERED,NUMBER,No,No
SF_IM_SKU_DAY_DC_VENDONTIME_NEW,RECEIVEDQTY,NUMBER,No,No
SF_IM_SKU_DAY_DC_VENDONTIME_NEW,LATEST_ORIGINAL_QUANTITY_ORDERED,NUMBER,No,No
SF_IM_SKU_DAY_DC_VENDONTIME_NEW,PO_UNIT_COST,NUMBER,No,No
SF_IM_SKU_DAY_DC_VENDONTIME_NEW,NEW_COST,NUMBER,No,No
SF_IM_SKU_DAY_DC_VENDONTIME_NEW,ASFPCD,TEXT,No,No
SF_IM_SKU_DAY_DC_VENDONTIME_NEW,STATUS_CODE,TEXT,No,No
SF_IM_SKU_DAY_DC_VENDONTIME_NEW,ASSORTMENT_CODE,TEXT,No,No
SF_IM_SKU_DAY_DC_VENDONTIME_NEW,PROMOTION_TYPE,TEXT,No,No
SF_IM_SKU_DAY_DC_VERDONTIME,CALENDAR_DATE,DATE,No,No
SF_IM_SKU_DAY_DC_VERDONTIME,STORE_NO,NUMBER,No,No
SF_IM_SKU_DAY_DC_VERDONTIME,SKU_ID,TEXT,No,No
SF_IM_SKU_DAY_DC_VERDONTIME,SHIP_DATE,DATE,No,No
SF_IM_SKU_DAY_DC_VERDONTIME,CANCEL_DATE,DATE,No,No
SF_IM_SKU_DAY_DC_VERDONTIME,RECEIPT_DATE,DATE,No,No
SF_IM_SKU_DAY_DC_VERDONTIME,VENDOR_CODE,TEXT,No,No
SF_IM_SKU_DAY_DC_VERDONTIME,PO_ENTRY_DATE,DATE,No,No
SF_IM_SKU_DAY_DC_VERDONTIME,PO_NUMBER,FLOAT,No,No
SF_IM_SKU_DAY_DC_VERDONTIME,ON_TIME,NUMBER,No,No
SF_IM_SKU_DAY_DC_VERDONTIME,LEAD_TIME,NUMBER,No,No
SF_IM_SKU_DAY_DC_VERDONTIME,ORIGINAL_FILL_RATE_PERCENT,NUMBER,No,No
SF_IM_SKU_DAY_DC_VERDONTIME,REVISED_FILL_RATE_PERCENT,NUMBER,No,No
SF_IM_SKU_DAY_DC_VERDONTIME,ORIGINAL_QUANTITY_ORDERED,NUMBER,No,No
SF_IM_SKU_DAY_DC_VERDONTIME,RECEIVEDQTY,NUMBER,No,No
SF_IM_SKU_DAY_DC_VERDONTIME,LATEST_ORIGINAL_QUANTITY_ORDERED,NUMBER,No,No
SF_IM_SKU_DAY_DC_VERDONTIME,PO_UNIT_COST,NUMBER,No,No
SF_IM_SKU_DAY_DC_VERDONTIME,NEW_COST,NUMBER,No,No
SF_IM_SKU_DAY_DC_VERDONTIME,ASFPCD,TEXT,No,No
SF_IM_SKU_DAY_DC_VERDONTIME,STATUS_CODE,TEXT,No,No
SF_IM_SKU_DAY_DC_VERDONTIME,ASSORTMENT_CODE,TEXT,No,No
SF_IM_SKU_DAY_DC_VERDONTIME,PROMOTION_TYPE,TEXT,No,No
SF_IM_SKU_DAY_STORE_DC_FACT,CALENDAR_DATE,DATE,No,No
SF_IM_SKU_DAY_STORE_DC_FACT,SERVICING_DC,NUMBER,No,No
SF_IM_SKU_DAY_STORE_DC_FACT,STORE_NO,NUMBER,No,No
SF_IM_SKU_DAY_STORE_DC_FACT,SKU_ID,TEXT,No,No
SF_IM_SKU_DAY_STORE_DC_FACT,SALES,NUMBER,No,No
SF_IM_SKU_DAY_STORE_DC_FACT,UNITS,NUMBER,No,No
SF_IM_SKU_DAY_STORE_DC_FACT,COGS,NUMBER,No,No
SF_IM_SKU_DAY_STORE_DC_FACT,OH_COST,NUMBER,No,No
SF_IM_SKU_DAY_STORE_DC_FACT,OH_UNITS,NUMBER,No,No
SF_IM_SKU_DAY_STORE_DC_FACT,LAST_EIGHTWEEKS_UNITS_SOLD,NUMBER,No,No
SF_IM_SKU_DAY_STORE_DC_FACT,BO_DOLLARS,NUMBER,No,No
SF_IM_SKU_DAY_STORE_DC_FACT,BO_UNITS,NUMBER,No,No
SF_IM_SKU_DAY_STORE_DC_FACT,INVENTORY_DOLLARS,NUMBER,No,No
SF_IM_SKU_DAY_STORE_DC_FACT,INVENTORY_UNITS,NUMBER,No,No
SF_IM_SKU_DAY_STORE_DC_FACT,INSTOCK_COUNT,NUMBER,No,No
SF_IM_SKU_DAY_STORE_DC_FACT,INSTOCK_COUNT_ON_ORDER,NUMBER,No,No
SF_IM_SKU_DAY_STORE_DC_FACT,IN_TRANSIT_DOLLARS,NUMBER,No,No
SF_IM_SKU_DAY_STORE_DC_FACT,IN_TRANSIT_UNITS,NUMBER,No,No
SF_IM_SKU_DAY_STORE_DC_FACT,TOTAL_RESERVE_QUANTITY,NUMBER,No,No
SF_IM_SKU_DAY_STORE_DC_FACT,ADP_RESERVE_QUANTITY,NUMBER,No,No
SF_IM_SKU_DAY_STORE_DC_FACT,WHOLESALE_RESERVE_QUANTITY,NUMBER,No,No
SF_IM_SKU_DAY_STORE_DC_FACT,DTC_RESERVE_QUANTITY,NUMBER,No,No
SF_IM_SKU_DAY_STORE_DC_FACT,ADP_AVAILABLE,NUMBER,No,No
SF_IM_SKU_DAY_STORE_DC_FACT,DTC_AVAILABLE,NUMBER,No,No
SF_IM_SKU_DAY_STORE_DC_FACT,RETAIL_AVAILABLE,NUMBER,No,No
SF_IM_SKU_DAY_STORE_DC_FACT,WHOLESALES_AVAILABLE,NUMBER,No,No
SF_IM_SKU_DAY_STORE_DC_FACT,FACING,NUMBER,No,No
SF_IM_SKU_DAY_STORE_DC_FACT,INSTOCK_COUNT_FACING,NUMBER,No,No
SF_IM_SKU_DAY_STORE_DC_FACT,NEXT_PO_NUMBER,NUMBER,No,No
SF_IM_SKU_DAY_STORE_DC_FACT,NEXT_PO_QUANTITY,NUMBER,No,No
SF_IM_SKU_DAY_STORE_DC_FACT,NEXT_PO_DOLLARS,NUMBER,No,No
SF_IM_SKU_DAY_STORE_DC_FACT,NEXT_PO_RETAIL,NUMBER,No,No
SF_IM_SKU_DAY_STORE_DC_FACT,NEXT_PO_DATE,NUMBER,No,No
SF_IM_SKU_DAY_STORE_DC_FACT,EXPECTED_ETA,DATE,No,No
SF_IM_SKU_DAY_STORE_FACT,CALENDAR_DATE,DATE,No,No
SF_IM_SKU_DAY_STORE_FACT,STORE_NO,NUMBER,No,No
SF_IM_SKU_DAY_STORE_FACT,SKU_ID,TEXT,No,No
SF_IM_SKU_DAY_STORE_FACT,SALES,NUMBER,No,No
SF_IM_SKU_DAY_STORE_FACT,UNITS,NUMBER,No,No
SF_IM_SKU_DAY_STORE_FACT,INVENTORY_DOLLARS,NUMBER,No,No
SF_IM_SKU_DAY_STORE_FACT,INVENTORY_UNITS,NUMBER,No,No
SF_IM_SKU_DAY_STORE_FACT,COGS,NUMBER,No,No
SF_IM_SKU_DAY_STORE_FACT,INSTOCK_COUNT,NUMBER,No,No
SF_IM_SKU_DAY_STORE_FACT,INSTOCK_COUNT_ON_ORDER,NUMBER,No,No
SF_IM_SKU_DAY_STORE_FACT,FACING,NUMBER,No,No
SF_IM_SKU_DAY_STORE_FACT,INSTOCK_COUNT_FACING,NUMBER,No,No
SF_IM_SKU_DAY_STORE_FACT,BO_UNITS,NUMBER,No,No
SF_IM_SKU_DAY_STORE_FACT,BO_DOLLARS,NUMBER,No,No
SF_IM_SKU_DAY_STORE_FACT,IN_TRANSIT_DOLLARS,NUMBER,No,No
SF_IM_SKU_DAY_STORE_FACT,IN_TRANSIT_UNITS,NUMBER,No,No
SF_IM_SKU_DC_DAY_PO,CALENDAR_DATE,DATE,No,No
SF_IM_SKU_DC_DAY_PO,SKU_ID,TEXT,No,No
SF_IM_SKU_DC_DAY_PO,PO_NUMBER,NUMBER,No,No
SF_IM_SKU_DC_DAY_PO,TOTAL_PO_QUANTITY,NUMBER,No,No
SF_IM_SKU_DC_DAY_PO,TOTAL_PO_DOLLARS,NUMBER,No,No
SF_IM_SKU_DC_DAY_PO,TOTAL_PO_DOLLARS_RETAIL,NUMBER,No,No
SF_INSTACART_ADDITOANL_COST_V,TRANSACTION_ID,NUMBER,No,No
SF_INSTACART_ADDITOANL_COST_V,STORE_NO,NUMBER,No,No
SF_INSTACART_ADDITOANL_COST_V,TRANSACTION_DATE,DATE,No,No
SF_INSTACART_ADDITOANL_COST_V,TOTAL_AMOUNT,NUMBER,No,No
SF_INSTACART_CUSTOMER_NO,TRANSACTION_ID,NUMBER,No,No
SF_INSTACART_CUSTOMER_NO,STORE_NO,NUMBER,No,No
SF_INSTACART_CUSTOMER_NO,LINE_OBJECT_DESCRIPTION,TEXT,No,No
SF_INSTACART_CUSTOMER_NO,TRANSACTION_DATE,DATE,No,No
SF_INSTACART_CUSTOMER_NO,LINE_ACTION_DISPLAY_DESCR,TEXT,No,No
SF_INSTACART_CUSTOMER_NO,REFERENCE_NO,TEXT,No,No
SF_INSTACART_CUSTOMER_NO,GROSS_LINE_AMOUNT,NUMBER,No,No
SF_INSTACART_CUSTOMER_NO_V,TRANSACTION_ID,NUMBER,No,No
SF_INSTACART_CUSTOMER_NO_V,STORE_NO,NUMBER,No,No
SF_INSTACART_CUSTOMER_NO_V,LINE_OBJECT_DESCRIPTION,TEXT,No,No
SF_INSTACART_CUSTOMER_NO_V,TRANSACTION_DATE,DATE,No,No
SF_INSTACART_CUSTOMER_NO_V,LINE_ACTION_DISPLAY_DESCR,TEXT,No,No
SF_INSTACART_CUSTOMER_NO_V,REFERENCE_NO,NUMBER,No,No
SF_INSTACART_CUSTOMER_NO_V,NO_AMOUNT,NUMBER,No,No
SF_INSTACART_CUSTOMER_NO_V,TOTAL_AMOUNT,NUMBER,No,No
SF_INSTACART_CUSTOMER_NO_V,GROSS_LINE_AMOUNT,NUMBER,No,No
SF_INSTACART_REVENUE_PLAN_FORECAST,DATE,DATE,No,No
SF_INSTACART_REVENUE_PLAN_FORECAST,INSTACART_FORECAST,NUMBER,No,No
SF_INSTACART_REVENUE_PLAN_FORECAST,INSTACART_PLAN,NUMBER,No,No
SF_INSTA_DATE,DATE,DATE,No,No
SF_INSTA_DATE,WEEK_NO,NUMBER,No,No
SF_INTRADAY_SALES_REPORTING,ENTRYDATETIME,TIMESTAMP_NTZ,No,No
SF_INTRADAY_SALES_REPORTING,STORE_NO,NUMBER,No,No
SF_INTRADAY_SALES_REPORTING,SALES,NUMBER,No,No
SF_INTRADAY_SALES_REPORTING,TRANSACTIONS,NUMBER,No,No
SF_INTRADAY_SALES_REPORTING,UNITS,NUMBER,No,No
SF_INTRADAY_SALES_REPORTING,TRAFFIC,FLOAT,No,No
SF_INTRADAY_SALES_REPORTING,FLAG,TEXT,No,No
SF_INTRADAY_SALES_REPORTING,LOAD_DATE,TEXT,No,No
SF_INTRADAY_SALES_REPORTING,CHANNEL,TEXT,No,No
SF_INTRADAY_SALES_REPORTING,BOSS_SALES,NUMBER,No,No
SF_INTRADAY_SALES_REPORTING,REGISTER_NO,NUMBER,No,No
SF_INTRADAY_SALES_REPORTING,TRAFFIC_TRANS,NUMBER,No,No
SF_INTRADAY_SALES_REPORTING_4PM_09182024,ENTRYDATETIME,TIMESTAMP_NTZ,No,No
SF_INTRADAY_SALES_REPORTING_4PM_09182024,STORE_NO,NUMBER,No,No
SF_INTRADAY_SALES_REPORTING_4PM_09182024,SALES,NUMBER,No,No
SF_INTRADAY_SALES_REPORTING_4PM_09182024,TRANSACTIONS,NUMBER,No,No
SF_INTRADAY_SALES_REPORTING_4PM_09182024,UNITS,NUMBER,No,No
SF_INTRADAY_SALES_REPORTING_4PM_09182024,TRAFFIC,FLOAT,No,No
SF_INTRADAY_SALES_REPORTING_4PM_09182024,FLAG,TEXT,No,No
SF_INTRADAY_SALES_REPORTING_4PM_09182024,LOAD_DATE,TEXT,No,No
SF_INTRADAY_SALES_REPORTING_4PM_09182024,CHANNEL,TEXT,No,No
SF_INTRADAY_SALES_REPORTING_4PM_09182024,BOSS_SALES,NUMBER,No,No
SF_INTRADAY_SALES_REPORTING_4PM_09182024,REGISTER_NO,NUMBER,No,No
SF_INTRADAY_SALES_REPORTING_4PM_09182024,TRAFFIC_TRANS,NUMBER,No,No
SF_INTRADAY_SALES_REPORTING_V,STORE_NO,NUMBER,No,No
SF_INTRADAY_SALES_REPORTING_V,ORIGINALTIME,TIMESTAMP_NTZ,No,No
SF_INTRADAY_SALES_REPORTING_V,STORELOC_ENTRYDATETIME,TIMESTAMP_NTZ,No,No
SF_INTRADAY_SALES_REPORTING_V,LOAD_DATE,TEXT,No,No
SF_INTRADAY_SALES_REPORTING_V,CHANNEL,TEXT,No,No
SF_INTRADAY_SALES_REPORTING_V,REGISTER_NO,NUMBER,No,No
SF_INTRADAY_SALES_REPORTING_V,FLAG,TEXT,No,No
SF_INTRADAY_SALES_REPORTING_V,SALES,NUMBER,No,No
SF_INTRADAY_SALES_REPORTING_V,TRANSACTIONS,NUMBER,No,No
SF_INTRADAY_SALES_REPORTING_V,UNITS,NUMBER,No,No
SF_INTRADAY_SALES_REPORTING_V,BOSS_SALES,NUMBER,No,No
SF_INTRADAY_SALES_REPORTING_V,TRAFFIC_TRANS,NUMBER,No,No
SF_INTRADAY_SALES_REPORTING_V_4PM_09182024,STORE_NO,NUMBER,No,No
SF_INTRADAY_SALES_REPORTING_V_4PM_09182024,ORIGINALTIME,TIMESTAMP_NTZ,No,No
SF_INTRADAY_SALES_REPORTING_V_4PM_09182024,STORELOC_ENTRYDATETIME,TIMESTAMP_NTZ,No,No
SF_INTRADAY_SALES_REPORTING_V_4PM_09182024,LOAD_DATE,TEXT,No,No
SF_INTRADAY_SALES_REPORTING_V_4PM_09182024,CHANNEL,TEXT,No,No
SF_INTRADAY_SALES_REPORTING_V_4PM_09182024,REGISTER_NO,NUMBER,No,No
SF_INTRADAY_SALES_REPORTING_V_4PM_09182024,FLAG,TEXT,No,No
SF_INTRADAY_SALES_REPORTING_V_4PM_09182024,SALES,NUMBER,No,No
SF_INTRADAY_SALES_REPORTING_V_4PM_09182024,TRANSACTIONS,NUMBER,No,No
SF_INTRADAY_SALES_REPORTING_V_4PM_09182024,UNITS,NUMBER,No,No
SF_INTRADAY_SALES_REPORTING_V_4PM_09182024,BOSS_SALES,NUMBER,No,No
SF_INTRADAY_SALES_REPORTING_V_4PM_09182024,TRAFFIC_TRANS,NUMBER,No,No
SF_INTRADAY_TIME_INTERVAL,DAY_TIME_ORDER,NUMBER,No,No
SF_INTRADAY_TIME_INTERVAL,DAY_TIME_INTERVAL,TEXT,No,No
SF_INTRADAY_TODAY_YESTERDAY_V,DATE_VALUE,DATE,No,No
SF_INVENTORY_DASHBOARD_DETAIL,CALENDAR_DATE,DATE,No,No
SF_INVENTORY_DASHBOARD_DETAIL,STORE,NUMBER,No,No
SF_INVENTORY_DASHBOARD_DETAIL,SKU,NUMBER,No,No
SF_INVENTORY_DASHBOARD_DETAIL,INVENTORY,NUMBER,No,No
SF_INVENTORY_DASHBOARD_DETAIL,OH_UNITS,NUMBER,No,No
SF_INVENTORY_DASHBOARD_DETAIL,INSTOCK_COUNT,NUMBER,No,No
SF_INVENTORY_DASHBOARD_DETAIL,INSTOCK_COUNT_ON_ORDER,NUMBER,No,No
SF_INVENTORY_DASHBOARD_DETAIL,FACING,NUMBER,No,No
SF_INVENTORY_DASHBOARD_DETAIL,INSTOCK_COUNT_FACING,NUMBER,No,No
SF_INVENTORY_DASHBOARD_DETAIL,TOTAL_RESERVE_QUANTITY,NUMBER,No,No
SF_INVENTORY_DASHBOARD_DETAIL,ADP_RESERVE_QUANTITY,NUMBER,No,No
SF_INVENTORY_DASHBOARD_DETAIL,WHOLE_RESERVE_QUANTITY,NUMBER,No,No
SF_INVENTORY_DASHBOARD_DETAIL,DTC_RESERVE_QUANTITY,NUMBER,No,No
SF_INVENTORY_DASHBOARD_DETAIL,ADP_AVAILABLE,NUMBER,No,No
SF_INVENTORY_DASHBOARD_DETAIL,DTC_AVAILABLE,NUMBER,No,No
SF_INVENTORY_DASHBOARD_DETAIL,WHOLE_AVAILABLE,NUMBER,No,No
SF_INVENTORY_DASHBOARD_DETAIL,BO_UNITS,NUMBER,No,No
SF_INVENTORY_DASHBOARD_DETAIL,BO_DOLLARS,NUMBER,No,No
SF_INVENTORY_MANAGEMENT_DASHBOARD_ITEM,CALENDAR_DATE,DATE,No,No
SF_INVENTORY_MANAGEMENT_DASHBOARD_ITEM,STORE_NO,NUMBER,No,No
SF_INVENTORY_MANAGEMENT_DASHBOARD_ITEM,SKU_NO,NUMBER,No,No
SF_INVENTORY_MANAGEMENT_DASHBOARD_ITEM,ADP_AVAILABLE_UNITS,NUMBER,No,No
SF_INVENTORY_MANAGEMENT_DASHBOARD_ITEM,TOTAL_RESERVE_UNITS,NUMBER,No,No
SF_INVENTORY_MANAGEMENT_DASHBOARD_ITEM,DTC_RESERVE_UNITS,NUMBER,No,No
SF_INVENTORY_MANAGEMENT_DASHBOARD_ITEM,ADP_RESERVE_UNITS,NUMBER,No,No
SF_INVENTORY_MANAGEMENT_DASHBOARD_ITEM,WHOLESALE_RESERVE_UNITS,NUMBER,No,No
SF_INVENTORY_MANAGEMENT_DASHBOARD_ITEM_SERVICE_LEVEL,CALENDAR_DATE,DATE,No,No
SF_INVENTORY_MANAGEMENT_DASHBOARD_ITEM_SERVICE_LEVEL,SERVICING_DC,NUMBER,No,No
SF_INVENTORY_MANAGEMENT_DASHBOARD_ITEM_SERVICE_LEVEL,STORE_NO,NUMBER,No,No
SF_INVENTORY_MANAGEMENT_DASHBOARD_ITEM_SERVICE_LEVEL,SALES_EIGHT_WEEKS,NUMBER,No,No
SF_INVENTORY_MANAGEMENT_DASHBOARD_ITEM_SERVICE_LEVEL,ALLOCATED_QUANTITY,NUMBER,No,No
SF_INVENTORY_MANAGEMENT_DASHBOARD_ITEM_SERVICE_LEVEL,OH_COST,NUMBER,No,No
SF_INVENTORY_MANAGEMENT_DASHBOARD_ITEM_SERVICE_LEVEL,OH_UNITS,NUMBER,No,No
SF_INVENTORY_MANAGEMENT_DASHBOARD_ITEM_SERVICE_LEVEL,ON_ORDER_DOLLARS,NUMBER,No,No
SF_INVENTORY_MANAGEMENT_DASHBOARD_ITEM_SERVICE_LEVEL,ON_ORDER_UNITS,NUMBER,No,No
SF_INVENTORY_MANAGEMENT_DASHBOARD_ITEM_SERVICE_LEVEL,TOTAL_SALES,NUMBER,No,No
SF_INVENTORY_MANAGEMENT_DASHBOARD_ITEM_SERVICE_LEVEL,TOTAL_UNITS,NUMBER,No,No
SF_INVENTORY_MANAGEMENT_DASHBOARD_ITEM_SERVICE_LEVEL,COGS,NUMBER,No,No
SF_INVENTORY_MANAGEMENT_DASHBOARD_ITEM_SERVICE_LEVEL,IN_STOCK,NUMBER,No,No
SF_INVENTORY_MANAGEMENT_DASHBOARD_ITEM_SERVICE_LEVEL,SKU_COUNT,NUMBER,No,No
SF_INVENTORY_MANAGEMENT_DASHBOARD_ITEM_SERVICE_LEVEL,IN_STOCK_COUNT_ON_ORDER,NUMBER,No,No
SF_INVENTORY_MANAGEMENT_DASHBOARD_ITEM_SERVICE_LEVEL,FACING,NUMBER,No,No
SF_INVENTORY_MANAGEMENT_DASHBOARD_ITEM_SERVICE_LEVEL,IN_STOCK_COUNT_FACING,NUMBER,No,No
SF_INVENTORY_MANAGEMENT_DASHBOARD_ITEM_SERVICE_LEVEL,IN_TRANSIT,NUMBER,No,No
SF_INVENTORY_MANAGEMENT_DASHBOARD_ITEM_SERVICE_LEVEL,IN_TRANSIT_DOLLARS,NUMBER,No,No
SF_INVENTORY_MANAGEMENT_DASHBOARD_ITEM_SERVICE_LEVEL,DATE_LAST_ORDERED,DATE,No,No
SF_INVENTORY_MANAGEMENT_DASHBOARD_ITEM_SERVICE_LEVEL,PO_OVERRIDE_DATE,DATE,No,No
SF_INVENTORY_MANAGEMENT_DASHBOARD_ITEM_SERVICE_LEVEL,DATE_LAST_RECEIVED,DATE,No,No
SF_INVENTORY_MANAGEMENT_DASHBOARD_ITEM_SERVICE_LEVEL,STATUS_CODE,TEXT,No,No
SF_INVENTORY_MANAGEMENT_DASHBOARD_ITEM_SERVICE_LEVEL,HAZARD_CODE,TEXT,No,No
SF_INVENTORY_MANAGEMENT_DASHBOARD_ITEM_SERVICE_LEVEL,PROMOTION_TYPE,TEXT,No,No
SF_INVENTORY_MANAGEMENT_DASHBOARD_ITEM_SERVICE_LEVEL,SKU_ID,NUMBER,No,No
SF_INVENTORY_MANAGEMENT_DASHBOARD_ITEM_SERVICE_LEVEL,ON_HOLD_QUANTITY,NUMBER,No,No
SF_INVENTORY_MANAGEMENT_DASHBOARD_ITEM_WOS,WEEK_END,DATE,No,No
SF_INVENTORY_MANAGEMENT_DASHBOARD_ITEM_WOS,SKU,NUMBER,No,No
SF_INVENTORY_MANAGEMENT_DASHBOARD_ITEM_WOS,VLT_9004,NUMBER,No,No
SF_INVENTORY_MANAGEMENT_DASHBOARD_ITEM_WOS,VLT_9005,NUMBER,No,No
SF_INVENTORY_MANAGEMENT_DASHBOARD_ITEM_WOS,PO_ON_ORDER_QTY,NUMBER,No,No
SF_INVENTORY_MANAGEMENT_DASHBOARD_ITEM_WOS,DC_REPLEN,NUMBER,No,No
SF_INVENTORY_MANAGEMENT_DASHBOARD_ITEM_WOS,STORE_REPLEN,NUMBER,No,No
SF_INVENTORY_MANAGEMENT_DASHBOARD_ITEM_WOS,CHAIN_RETAIL_AVAIL,NUMBER,No,No
SF_INVENTORY_MANAGEMENT_DASHBOARD_ITEM_WOS,STORE_RETAIL_AVAIL,NUMBER,No,No
SF_INVENTORY_MANAGEMENT_DASHBOARD_ITEM_WOS,RETAIL_AVAIL_9004,NUMBER,No,No
SF_INVENTORY_MANAGEMENT_DASHBOARD_ITEM_WOS,RETAIL_AVAIL_9005,NUMBER,No,No
SF_INVENTORY_MANAGEMENT_DASHBOARD_ITEM_WOS,DC_RETAIL_AVAIL,NUMBER,No,No
SF_INVENTORY_MANAGEMENT_DASHBOARD_ITEM_WOS,CHAIN_IT,NUMBER,No,No
SF_INVENTORY_MANAGEMENT_DASHBOARD_ITEM_WOS,CHAIN_PO,NUMBER,No,No
SF_INVENTORY_MANAGEMENT_DASHBOARD_ITEM_WOS,DC_COST,NUMBER,No,No
SF_INVENTORY_MANAGEMENT_DASHBOARD_ITEM_WOS,COST_9004,NUMBER,No,No
SF_INVENTORY_MANAGEMENT_DASHBOARD_ITEM_WOS,COST_9005,NUMBER,No,No
SF_INVENTORY_MANAGEMENT_DASHBOARD_ITEM_WOS,STORE_COST,NUMBER,No,No
SF_INVENTORY_MANAGEMENT_DASHBOARD_ITEM_WOS,CHAIN_OH_COST,NUMBER,No,No
SF_INVENTORY_MANAGEMENT_DASHBOARD_ITEM_WOS,CHAIN_IT_COST,NUMBER,No,No
SF_INVENTORY_MANAGEMENT_DASHBOARD_ITEM_WOS,CHAIN_PO_COST,NUMBER,No,No
SF_INVENTORY_MANAGEMENT_DASHBOARD_ITEM_WOS,STATUS_CODE,TEXT,No,No
SF_INVENTORY_MANAGEMENT_DASHBOARD_ITEM_WOS,HAZARD_CODE,TEXT,No,No
SF_INVENTORY_MANAGEMENT_DASHBOARD_ITEM_WOS,PROMOTION_TYPE,TEXT,No,No
SF_INV_COST_DATELEVEL_V,SKU_ID,NUMBER,No,No
SF_INV_COST_DATELEVEL_V,UPLOAD_DATE,DATE,No,No
SF_INV_COST_DATELEVEL_V,COST,NUMBER,No,No
SF_Insta_DATE,DATE,DATE,No,No
SF_Insta_DATE,WEEK_NO,NUMBER,No,No
SF_MARGIN,STORE_NO,NUMBER,No,No
SF_MARGIN,TRANSACTION_DATE,TIMESTAMP_NTZ,No,No
SF_MARGIN,CATEGORY,TEXT,No,No
SF_MARGIN,BASKET_SPEND,NUMBER,No,No
SF_MARGIN,ITEMS,NUMBER,No,No
SF_MARGIN,COST,FLOAT,No,No
SF_MARGIN,REGION_NAME,TEXT,No,No
SF_MARGIN,CHANNEL,TEXT,No,No
SF_MARGIN,BRAND_CATEGORY,TEXT,No,No
SF_MARGIN,DIVISION_NAME,TEXT,No,No
SF_MARGIN,STORE_NAME,TEXT,No,No
SF_MARGIN,COMPSTATUS,NUMBER,No,No
SF_MARGIN,SCANS,NUMBER,No,No
SF_MARGIN,SKU_ID,NUMBER,No,No
SF_MARGIN,PROMOTION_TYPE,TEXT,No,No
SF_MARGIN_PLAN_AND_FORECAST,WEEKEND,DATE,No,No
SF_MARGIN_PLAN_AND_FORECAST,PLAN_AMOUNT,FLOAT,No,No
SF_MARGIN_PLAN_AND_FORECAST,FORECAST,FLOAT,No,No
SF_MARGIN_PLAN_AND_FORECAST,CHANNEL,TEXT,No,No
SF_MSTR_BS_REPORTING_DATE,DATE,DATE,No,No
SF_MSTR_BS_REPORTING_DATE,FLAG,NUMBER,No,No
SF_MSTR_CALENDAR,CALENDAR_DATE,DATE,No,No
SF_MSTR_CALENDAR,DAYOFWEEK,TEXT,No,No
SF_MSTR_CALENDAR,LY_CALENDAR_DATE,DATE,No,No
SF_MSTR_CALENDAR,MERCHANDISE_WEEK_SEQUENCE,NUMBER,No,No
SF_MSTR_CALENDAR,MERCHANDISE_WEEK_ENDING,DATE,No,No
SF_MSTR_CALENDAR,MERCHANDISE_MONTH_SEQUENCE,NUMBER,No,No
SF_MSTR_CALENDAR,FISCAL_MONTH_DISPLAY,TEXT,No,No
SF_MSTR_CALENDAR,MERCHANDISE_SEASON_SEQUENCE,NUMBER,No,No
SF_MSTR_CALENDAR,MERCHANDISE_YEAR_SEQUENCE,NUMBER,No,No
SF_MSTR_CALENDAR,MERCHANDISE_WEEK_NO,NUMBER,No,No
SF_MSTR_CALENDAR,MERCHANDISE_MONTH_NO,NUMBER,No,No
SF_MSTR_CALENDAR,MERCHANDISE_YEAR_NO,NUMBER,No,No
SF_MSTR_CALENDAR,MERCHANDISE_SEASON_NO,NUMBER,No,No
SF_MSTR_CALENDAR,WEEK_END_FLAG,TEXT,No,No
SF_MSTR_CALENDAR,MONTH_END_FLAG,TEXT,No,No
SF_MSTR_CALENDAR,YEAR_END_FLAG,TEXT,No,No
SF_MSTR_CALENDAR,MERCHANDISE_WEEK_CUSTOM,NUMBER,No,No
SF_MSTR_CALENDAR,MERCHANDISE_MONTH_CUSTOM,NUMBER,No,No
SF_MSTR_CALENDAR,MERCHANDISE_YEAR_CUSTOM,NUMBER,No,No
SF_MSTR_CALENDAR,MERCHANDISE_SEASON_CUSTOM,NUMBER,No,No
SF_MSTR_CALENDAR,DAYOFDATE,TEXT,No,No
SF_MSTR_CALENDAR,LY_LY_CALENDAR_DATE,DATE,No,No
SF_MSTR_CALENDAR,HOLIDAYS,TEXT,No,No
SF_MSTR_CALENDAR_2022,CALENDAR_DATE,DATE,No,No
SF_MSTR_CALENDAR_2022,DAYOFWEEK,TEXT,No,No
SF_MSTR_CALENDAR_2022,LY_CALENDAR_DATE,DATE,No,No
SF_MSTR_CALENDAR_2022,MERCHANDISE_WEEK_SEQUENCE,NUMBER,No,No
SF_MSTR_CALENDAR_2022,MERCHANDISE_WEEK_ENDING,DATE,No,No
SF_MSTR_CALENDAR_2022,MERCHANDISE_MONTH_SEQUENCE,NUMBER,No,No
SF_MSTR_CALENDAR_2022,FISCAL_MONTH_DISPLAY,TEXT,No,No
SF_MSTR_CALENDAR_2022,MERCHANDISE_SEASON_SEQUENCE,NUMBER,No,No
SF_MSTR_CALENDAR_2022,MERCHANDISE_YEAR_SEQUENCE,NUMBER,No,No
SF_MSTR_CALENDAR_2022,MERCHANDISE_WEEK_NO,NUMBER,No,No
SF_MSTR_CALENDAR_2022,MERCHANDISE_MONTH_NO,NUMBER,No,No
SF_MSTR_CALENDAR_2022,MERCHANDISE_YEAR_NO,NUMBER,No,No
SF_MSTR_CALENDAR_2022,MERCHANDISE_SEASON_NO,NUMBER,No,No
SF_MSTR_CALENDAR_2022,WEEK_END_FLAG,TEXT,No,No
SF_MSTR_CALENDAR_2022,MONTH_END_FLAG,TEXT,No,No
SF_MSTR_CALENDAR_2022,YEAR_END_FLAG,TEXT,No,No
SF_MSTR_CALENDAR_2022,MERCHANDISE_WEEK_CUSTOM,NUMBER,No,No
SF_MSTR_CALENDAR_2022,MERCHANDISE_MONTH_CUSTOM,NUMBER,No,No
SF_MSTR_CALENDAR_2022,MERCHANDISE_YEAR_CUSTOM,NUMBER,No,No
SF_MSTR_CALENDAR_2022,MERCHANDISE_SEASON_CUSTOM,NUMBER,No,No
SF_MSTR_CALENDAR_2022,DAYOFDATE,TEXT,No,No
SF_MSTR_CALENDAR_2022,LY_LY_CALENDAR_DATE,DATE,No,No
SF_MSTR_CALENDAR_2022,HOLIDAYS,TEXT,No,No
SF_MSTR_CALENDAR_2024_01_31,CALENDAR_DATE,DATE,No,No
SF_MSTR_CALENDAR_2024_01_31,DAYOFWEEK,TEXT,No,No
SF_MSTR_CALENDAR_2024_01_31,LY_CALENDAR_DATE,DATE,No,No
SF_MSTR_CALENDAR_2024_01_31,MERCHANDISE_WEEK_SEQUENCE,NUMBER,No,No
SF_MSTR_CALENDAR_2024_01_31,MERCHANDISE_WEEK_ENDING,DATE,No,No
SF_MSTR_CALENDAR_2024_01_31,MERCHANDISE_MONTH_SEQUENCE,NUMBER,No,No
SF_MSTR_CALENDAR_2024_01_31,FISCAL_MONTH_DISPLAY,TEXT,No,No
SF_MSTR_CALENDAR_2024_01_31,MERCHANDISE_SEASON_SEQUENCE,NUMBER,No,No
SF_MSTR_CALENDAR_2024_01_31,MERCHANDISE_YEAR_SEQUENCE,NUMBER,No,No
SF_MSTR_CALENDAR_2024_01_31,MERCHANDISE_WEEK_NO,NUMBER,No,No
SF_MSTR_CALENDAR_2024_01_31,MERCHANDISE_MONTH_NO,NUMBER,No,No
SF_MSTR_CALENDAR_2024_01_31,MERCHANDISE_YEAR_NO,NUMBER,No,No
SF_MSTR_CALENDAR_2024_01_31,MERCHANDISE_SEASON_NO,NUMBER,No,No
SF_MSTR_CALENDAR_2024_01_31,WEEK_END_FLAG,TEXT,No,No
SF_MSTR_CALENDAR_2024_01_31,MONTH_END_FLAG,TEXT,No,No
SF_MSTR_CALENDAR_2024_01_31,YEAR_END_FLAG,TEXT,No,No
SF_MSTR_CALENDAR_2024_01_31,MERCHANDISE_WEEK_CUSTOM,NUMBER,No,No
SF_MSTR_CALENDAR_2024_01_31,MERCHANDISE_MONTH_CUSTOM,NUMBER,No,No
SF_MSTR_CALENDAR_2024_01_31,MERCHANDISE_YEAR_CUSTOM,NUMBER,No,No
SF_MSTR_CALENDAR_2024_01_31,MERCHANDISE_SEASON_CUSTOM,NUMBER,No,No
SF_MSTR_CALENDAR_2024_01_31,DAYOFDATE,TEXT,No,No
SF_MSTR_CALENDAR_2024_01_31,LY_LY_CALENDAR_DATE,DATE,No,No
SF_MSTR_CALENDAR_2024_01_31,HOLIDAYS,TEXT,No,No
SF_MSTR_CALENDAR_BACKUP,CALENDAR_DATE,DATE,No,No
SF_MSTR_CALENDAR_BACKUP,DAYOFWEEK,TEXT,No,No
SF_MSTR_CALENDAR_BACKUP,LY_CALENDAR_DATE,DATE,No,No
SF_MSTR_CALENDAR_BACKUP,MERCHANDISE_WEEK_SEQUENCE,NUMBER,No,No
SF_MSTR_CALENDAR_BACKUP,MERCHANDISE_WEEK_ENDING,DATE,No,No
SF_MSTR_CALENDAR_BACKUP,MERCHANDISE_MONTH_SEQUENCE,NUMBER,No,No
SF_MSTR_CALENDAR_BACKUP,FISCAL_MONTH_DISPLAY,TEXT,No,No
SF_MSTR_CALENDAR_BACKUP,MERCHANDISE_SEASON_SEQUENCE,NUMBER,No,No
SF_MSTR_CALENDAR_BACKUP,MERCHANDISE_YEAR_SEQUENCE,NUMBER,No,No
SF_MSTR_CALENDAR_BACKUP,MERCHANDISE_WEEK_NO,NUMBER,No,No
SF_MSTR_CALENDAR_BACKUP,MERCHANDISE_MONTH_NO,NUMBER,No,No
SF_MSTR_CALENDAR_BACKUP,MERCHANDISE_YEAR_NO,NUMBER,No,No
SF_MSTR_CALENDAR_BACKUP,MERCHANDISE_SEASON_NO,NUMBER,No,No
SF_MSTR_CALENDAR_BACKUP,WEEK_END_FLAG,TEXT,No,No
SF_MSTR_CALENDAR_BACKUP,MONTH_END_FLAG,TEXT,No,No
SF_MSTR_CALENDAR_BACKUP,YEAR_END_FLAG,TEXT,No,No
SF_MSTR_CALENDAR_BACKUP,MERCHANDISE_WEEK_CUSTOM,NUMBER,No,No
SF_MSTR_CALENDAR_BACKUP,MERCHANDISE_MONTH_CUSTOM,NUMBER,No,No
SF_MSTR_CALENDAR_BACKUP,MERCHANDISE_YEAR_CUSTOM,NUMBER,No,No
SF_MSTR_CALENDAR_BACKUP,MERCHANDISE_SEASON_CUSTOM,NUMBER,No,No
SF_MSTR_CALENDAR_BACKUP,DAYOFDATE,TEXT,No,No
SF_MSTR_CALENDAR_BACKUP,LY_LY_CALENDAR_DATE,DATE,No,No
SF_MSTR_CALENDAR_BACKUP_20220107,CALENDAR_DATE,DATE,No,No
SF_MSTR_CALENDAR_BACKUP_20220107,DAYOFWEEK,TEXT,No,No
SF_MSTR_CALENDAR_BACKUP_20220107,LY_CALENDAR_DATE,DATE,No,No
SF_MSTR_CALENDAR_BACKUP_20220107,MERCHANDISE_WEEK_SEQUENCE,NUMBER,No,No
SF_MSTR_CALENDAR_BACKUP_20220107,MERCHANDISE_WEEK_ENDING,DATE,No,No
SF_MSTR_CALENDAR_BACKUP_20220107,MERCHANDISE_MONTH_SEQUENCE,NUMBER,No,No
SF_MSTR_CALENDAR_BACKUP_20220107,FISCAL_MONTH_DISPLAY,TEXT,No,No
SF_MSTR_CALENDAR_BACKUP_20220107,MERCHANDISE_SEASON_SEQUENCE,NUMBER,No,No
SF_MSTR_CALENDAR_BACKUP_20220107,MERCHANDISE_YEAR_SEQUENCE,NUMBER,No,No
SF_MSTR_CALENDAR_BACKUP_20220107,MERCHANDISE_WEEK_NO,NUMBER,No,No
SF_MSTR_CALENDAR_BACKUP_20220107,MERCHANDISE_MONTH_NO,NUMBER,No,No
SF_MSTR_CALENDAR_BACKUP_20220107,MERCHANDISE_YEAR_NO,NUMBER,No,No
SF_MSTR_CALENDAR_BACKUP_20220107,MERCHANDISE_SEASON_NO,NUMBER,No,No
SF_MSTR_CALENDAR_BACKUP_20220107,WEEK_END_FLAG,TEXT,No,No
SF_MSTR_CALENDAR_BACKUP_20220107,MONTH_END_FLAG,TEXT,No,No
SF_MSTR_CALENDAR_BACKUP_20220107,YEAR_END_FLAG,TEXT,No,No
SF_MSTR_CALENDAR_BACKUP_20220107,MERCHANDISE_WEEK_CUSTOM,NUMBER,No,No
SF_MSTR_CALENDAR_BACKUP_20220107,MERCHANDISE_MONTH_CUSTOM,NUMBER,No,No
SF_MSTR_CALENDAR_BACKUP_20220107,MERCHANDISE_YEAR_CUSTOM,NUMBER,No,No
SF_MSTR_CALENDAR_BACKUP_20220107,MERCHANDISE_SEASON_CUSTOM,NUMBER,No,No
SF_MSTR_CALENDAR_BACKUP_20220107,DAYOFDATE,TEXT,No,No
SF_MSTR_CALENDAR_BACKUP_20220107,LY_LY_CALENDAR_DATE,DATE,No,No
SF_MSTR_CALENDAR_BACKUP_230130,CALENDAR_DATE,DATE,No,No
SF_MSTR_CALENDAR_BACKUP_230130,DAYOFWEEK,TEXT,No,No
SF_MSTR_CALENDAR_BACKUP_230130,LY_CALENDAR_DATE,DATE,No,No
SF_MSTR_CALENDAR_BACKUP_230130,MERCHANDISE_WEEK_SEQUENCE,NUMBER,No,No
SF_MSTR_CALENDAR_BACKUP_230130,MERCHANDISE_WEEK_ENDING,DATE,No,No
SF_MSTR_CALENDAR_BACKUP_230130,MERCHANDISE_MONTH_SEQUENCE,NUMBER,No,No
SF_MSTR_CALENDAR_BACKUP_230130,FISCAL_MONTH_DISPLAY,TEXT,No,No
SF_MSTR_CALENDAR_BACKUP_230130,MERCHANDISE_SEASON_SEQUENCE,NUMBER,No,No
SF_MSTR_CALENDAR_BACKUP_230130,MERCHANDISE_YEAR_SEQUENCE,NUMBER,No,No
SF_MSTR_CALENDAR_BACKUP_230130,MERCHANDISE_WEEK_NO,NUMBER,No,No
SF_MSTR_CALENDAR_BACKUP_230130,MERCHANDISE_MONTH_NO,NUMBER,No,No
SF_MSTR_CALENDAR_BACKUP_230130,MERCHANDISE_YEAR_NO,NUMBER,No,No
SF_MSTR_CALENDAR_BACKUP_230130,MERCHANDISE_SEASON_NO,NUMBER,No,No
SF_MSTR_CALENDAR_BACKUP_230130,WEEK_END_FLAG,TEXT,No,No
SF_MSTR_CALENDAR_BACKUP_230130,MONTH_END_FLAG,TEXT,No,No
SF_MSTR_CALENDAR_BACKUP_230130,YEAR_END_FLAG,TEXT,No,No
SF_MSTR_CALENDAR_BACKUP_230130,MERCHANDISE_WEEK_CUSTOM,NUMBER,No,No
SF_MSTR_CALENDAR_BACKUP_230130,MERCHANDISE_MONTH_CUSTOM,NUMBER,No,No
SF_MSTR_CALENDAR_BACKUP_230130,MERCHANDISE_YEAR_CUSTOM,NUMBER,No,No
SF_MSTR_CALENDAR_BACKUP_230130,MERCHANDISE_SEASON_CUSTOM,NUMBER,No,No
SF_MSTR_CALENDAR_BACKUP_230130,DAYOFDATE,TEXT,No,No
SF_MSTR_CALENDAR_BACKUP_230130,LY_LY_CALENDAR_DATE,DATE,No,No
SF_MSTR_CALENDAR_BACKUP_230130,HOLIDAYS,TEXT,No,No
SF_MSTR_CALENDAR_BACKUP_240104,CALENDAR_DATE,DATE,No,No
SF_MSTR_CALENDAR_BACKUP_240104,DAYOFWEEK,TEXT,No,No
SF_MSTR_CALENDAR_BACKUP_240104,LY_CALENDAR_DATE,DATE,No,No
SF_MSTR_CALENDAR_BACKUP_240104,MERCHANDISE_WEEK_SEQUENCE,NUMBER,No,No
SF_MSTR_CALENDAR_BACKUP_240104,MERCHANDISE_WEEK_ENDING,DATE,No,No
SF_MSTR_CALENDAR_BACKUP_240104,MERCHANDISE_MONTH_SEQUENCE,NUMBER,No,No
SF_MSTR_CALENDAR_BACKUP_240104,FISCAL_MONTH_DISPLAY,TEXT,No,No
SF_MSTR_CALENDAR_BACKUP_240104,MERCHANDISE_SEASON_SEQUENCE,NUMBER,No,No
SF_MSTR_CALENDAR_BACKUP_240104,MERCHANDISE_YEAR_SEQUENCE,NUMBER,No,No
SF_MSTR_CALENDAR_BACKUP_240104,MERCHANDISE_WEEK_NO,NUMBER,No,No
SF_MSTR_CALENDAR_BACKUP_240104,MERCHANDISE_MONTH_NO,NUMBER,No,No
SF_MSTR_CALENDAR_BACKUP_240104,MERCHANDISE_YEAR_NO,NUMBER,No,No
SF_MSTR_CALENDAR_BACKUP_240104,MERCHANDISE_SEASON_NO,NUMBER,No,No
SF_MSTR_CALENDAR_BACKUP_240104,WEEK_END_FLAG,TEXT,No,No
SF_MSTR_CALENDAR_BACKUP_240104,MONTH_END_FLAG,TEXT,No,No
SF_MSTR_CALENDAR_BACKUP_240104,YEAR_END_FLAG,TEXT,No,No
SF_MSTR_CALENDAR_BACKUP_240104,MERCHANDISE_WEEK_CUSTOM,NUMBER,No,No
SF_MSTR_CALENDAR_BACKUP_240104,MERCHANDISE_MONTH_CUSTOM,NUMBER,No,No
SF_MSTR_CALENDAR_BACKUP_240104,MERCHANDISE_YEAR_CUSTOM,NUMBER,No,No
SF_MSTR_CALENDAR_BACKUP_240104,MERCHANDISE_SEASON_CUSTOM,NUMBER,No,No
SF_MSTR_CALENDAR_BACKUP_240104,DAYOFDATE,TEXT,No,No
SF_MSTR_CALENDAR_BACKUP_240104,LY_LY_CALENDAR_DATE,DATE,No,No
SF_MSTR_CALENDAR_BACKUP_240104,HOLIDAYS,TEXT,No,No
SF_MSTR_DIM_CANCEL_REASON,CANCEL_REASON_ID,TEXT,No,No
SF_MSTR_DIM_CANCEL_REASON,CANCEL_REASON_DESC,TEXT,No,No
SF_MSTR_DPF_DATE,DATE,DATE,No,No
SF_MSTR_DPF_DATE,WEEK_NO,NUMBER,No,No
SF_MSTR_GEO_SA,STORE_NO,NUMBER,No,No
SF_MSTR_GEO_SA,STORE_NAME,TEXT,No,No
SF_MSTR_GEO_SA,STORE_SHORT_NAME,TEXT,No,No
SF_MSTR_GEO_SA,CITY,TEXT,No,No
SF_MSTR_GEO_SA,REGION_CODE,TEXT,No,No
SF_MSTR_GEO_SA,STORE_STATUS_CODE,TEXT,No,No
SF_MSTR_GEO_SA,ZIP_CODE,TEXT,No,No
SF_MSTR_GEO_SA,STATE_CODE,TEXT,No,No
SF_MSTR_GEO_SA,REGION_NAME,TEXT,No,No
SF_MSTR_GEO_SA,DISTRICT_NAME,TEXT,No,No
SF_MSTR_GEO_SA,LATITUDE,TEXT,No,No
SF_MSTR_GEO_SA,LONGITUDE,TEXT,No,No
SF_MSTR_HOUR_V,HR_ID,NUMBER,No,No
SF_MSTR_HOUR_V,HR_NAME,TEXT,No,No
SF_MSTR_INSTACART_DAILY_RETURNS_V,TRANSACTION_ID,NUMBER,No,No
SF_MSTR_INSTACART_DAILY_RETURNS_V,STORE_NO,NUMBER,No,No
SF_MSTR_INSTACART_DAILY_RETURNS_V,REGISTER_NO,NUMBER,No,No
SF_MSTR_INSTACART_DAILY_RETURNS_V,TRANSACTION_NO,NUMBER,No,No
SF_MSTR_INSTACART_DAILY_RETURNS_V,TRANSACTION_DATE,TIMESTAMP_NTZ,No,No
SF_MSTR_INSTACART_DAILY_RETURNS_V,ENTRY_DATE_TIME,TIMESTAMP_NTZ,No,No
SF_MSTR_INSTACART_DAILY_RETURNS_V,LINE_ID,NUMBER,No,No
SF_MSTR_INSTACART_DAILY_RETURNS_V,LINE_SEQUENCE,NUMBER,No,No
SF_MSTR_INSTACART_DAILY_RETURNS_V,LINE_OBJECT_DESCRIPTION,TEXT,No,No
SF_MSTR_INSTACART_DAILY_RETURNS_V,LINE_ACTION_DISPLAY_DESCR,TEXT,No,No
SF_MSTR_INSTACART_DAILY_RETURNS_V,UNITS,NUMBER,No,No
SF_MSTR_INSTACART_DAILY_RETURNS_V,GROSS_LINE_AMOUNT,NUMBER,No,No
SF_MSTR_INSTACART_DAILY_RETURNS_V,POS_DISCOUNT_AMOUNT,NUMBER,No,No
SF_MSTR_INSTACART_DAILY_RETURNS_V,EMPLOYEE_NO,NUMBER,No,No
SF_MSTR_INSTACART_DAILY_RETURNS_V,UPC_NO,NUMBER,No,No
SF_MSTR_INSTACART_DAILY_RETURNS_V,SKU_ID,NUMBER,No,No
SF_MSTR_INSTACART_DAILY_RETURNS_V,STYLE_LONG_DESCRIPTION,TEXT,No,No
SF_MSTR_INSTACART_DAILY_RETURNS_V,REFERENCE_NO,TEXT,No,No
SF_MSTR_INSTACART_DAILY_RETURNS_V,POS_DISCOUNT_TYPE,NUMBER,No,No
SF_MSTR_INSTACART_DAILY_RETURNS_V,LINE_NOTE,TEXT,No,No
SF_MSTR_INSTACART_DAILY_RETURNS_V,NOTE_TYPE,NUMBER,No,No
SF_MSTR_INSTACART_DAILY_RETURNS_V,SALESPERSON,NUMBER,No,No
SF_MSTR_INSTACART_DAILY_RETURNS_V,CARD_TYPE,TEXT,No,No
SF_MSTR_INSTACART_DAILY_RETURNS_V,APPROVAL_CODE,TEXT,No,No
SF_MSTR_INSTACART_DAILY_TRANSACTIONS_V,TRANSACTION_ID,NUMBER,No,No
SF_MSTR_INSTACART_DAILY_TRANSACTIONS_V,STORE_NO,NUMBER,No,No
SF_MSTR_INSTACART_DAILY_TRANSACTIONS_V,REGISTER_NO,NUMBER,No,No
SF_MSTR_INSTACART_DAILY_TRANSACTIONS_V,TRANSACTION_NO,NUMBER,No,No
SF_MSTR_INSTACART_DAILY_TRANSACTIONS_V,TRANSACTION_DATE,TIMESTAMP_NTZ,No,No
SF_MSTR_INSTACART_DAILY_TRANSACTIONS_V,ENTRY_DATE_TIME,TIMESTAMP_NTZ,No,No
SF_MSTR_INSTACART_DAILY_TRANSACTIONS_V,LINE_ID,NUMBER,No,No
SF_MSTR_INSTACART_DAILY_TRANSACTIONS_V,LINE_SEQUENCE,NUMBER,No,No
SF_MSTR_INSTACART_DAILY_TRANSACTIONS_V,LINE_OBJECT_DESCRIPTION,TEXT,No,No
SF_MSTR_INSTACART_DAILY_TRANSACTIONS_V,LINE_ACTION_DISPLAY_DESCR,TEXT,No,No
SF_MSTR_INSTACART_DAILY_TRANSACTIONS_V,UNITS,NUMBER,No,No
SF_MSTR_INSTACART_DAILY_TRANSACTIONS_V,GROSS_LINE_AMOUNT,NUMBER,No,No
SF_MSTR_INSTACART_DAILY_TRANSACTIONS_V,POS_DISCOUNT_AMOUNT,NUMBER,No,No
SF_MSTR_INSTACART_DAILY_TRANSACTIONS_V,EMPLOYEE_NO,NUMBER,No,No
SF_MSTR_INSTACART_DAILY_TRANSACTIONS_V,UPC_NO,NUMBER,No,No
SF_MSTR_INSTACART_DAILY_TRANSACTIONS_V,SKU_ID,NUMBER,No,No
SF_MSTR_INSTACART_DAILY_TRANSACTIONS_V,STYLE_LONG_DESCRIPTION,TEXT,No,No
SF_MSTR_INSTACART_DAILY_TRANSACTIONS_V,REFERENCE_NO,TEXT,No,No
SF_MSTR_INSTACART_DAILY_TRANSACTIONS_V,POS_DISCOUNT_TYPE,NUMBER,No,No
SF_MSTR_INSTACART_DAILY_TRANSACTIONS_V,LINE_NOTE,TEXT,No,No
SF_MSTR_INSTACART_DAILY_TRANSACTIONS_V,NOTE_TYPE,NUMBER,No,No
SF_MSTR_INSTACART_DAILY_TRANSACTIONS_V,SALESPERSON,NUMBER,No,No
SF_MSTR_INSTACART_DAILY_TRANSACTIONS_V,CARD_TYPE,TEXT,No,No
SF_MSTR_INSTACART_DAILY_TRANSACTIONS_V,APPROVAL_CODE,TEXT,No,No
SF_MSTR_INSTACART_DAILY_TRANSACTIONS_V,BRAND,TEXT,No,No
SF_MSTR_INVENTORY_DATE,DATE,DATE,No,No
SF_MSTR_KPI_DASHBOARD,TRANSACTION_DATE,DATE,No,No
SF_MSTR_KPI_DASHBOARD,STORE_NO,NUMBER,No,No
SF_MSTR_KPI_DASHBOARD,COMPSTATUS,NUMBER,No,No
SF_MSTR_KPI_DASHBOARD,NETAMOUNT,NUMBER,No,No
SF_MSTR_KPI_DASHBOARD,PLAN_NETAMOUNT,NUMBER,No,No
SF_MSTR_KPI_DASHBOARD,VS_NETAMOUNT,NUMBER,No,No
SF_MSTR_KPI_DASHBOARD,VS_PLANNETAMOUNT,NUMBER,No,No
SF_MSTR_KPI_DASHBOARD,UNITS,NUMBER,No,No
SF_MSTR_KPI_DASHBOARD,PLAN_UNITS,NUMBER,No,No
SF_MSTR_KPI_DASHBOARD,TRANSACTIONS,NUMBER,No,No
SF_MSTR_KPI_DASHBOARD,PLAN_TRANSACTIONS,NUMBER,No,No
SF_MSTR_KPI_DASHBOARD,BOPUS_NETAMOUNT,NUMBER,No,No
SF_MSTR_KPI_DASHBOARD,BOPUS_PLANNETAMOUNT,NUMBER,No,No
SF_MSTR_KPI_DASHBOARD,BOSS_NETAMOUNT,NUMBER,No,No
SF_MSTR_KPI_DASHBOARD,BOSS_PLANNETAMOUNT,NUMBER,No,No
SF_MSTR_KPI_DASHBOARD,VS_BOSS_NETAMOUNT,NUMBER,No,No
SF_MSTR_KPI_DASHBOARD,VS_BOSS_PLANNETAMOUNT,NUMBER,No,No
SF_MSTR_KPI_DASHBOARD,ADP_BOSS_NETAMOUNT,NUMBER,No,No
SF_MSTR_KPI_DASHBOARD,ADP_BOSS_PLANNETAMOUNT,NUMBER,No,No
SF_MSTR_KPI_DASHBOARD,ADP_NETAMOUNT,NUMBER,No,No
SF_MSTR_KPI_DASHBOARD,ADP_PLANNETAMOUNT,NUMBER,No,No
SF_MSTR_KPI_DASHBOARD,ADP_VSNETAMOUNT,NUMBER,No,No
SF_MSTR_KPI_DASHBOARD,VS_ADPPLANNETAMOUNT,NUMBER,No,No
SF_MSTR_KPI_DASHBOARD,EXISTING_CUSTOMERS_SALES,NUMBER,No,No
SF_MSTR_KPI_DASHBOARD,EXISTING_CUSTOMERS_PLAN_SALES,NUMBER,No,No
SF_MSTR_KPI_DASHBOARD,NEW_CUSTOMERS_SALES,NUMBER,No,No
SF_MSTR_KPI_DASHBOARD,NEW_CUSTOMERS__PLAN_SALES,NUMBER,No,No
SF_MSTR_KPI_DASHBOARD,CUSTOMER_TRAFFIC,NUMBER,No,No
SF_MSTR_KPI_DASHBOARD,CUSTOMER_TRAFFIC_COMP,NUMBER,No,No
SF_MSTR_KPI_DASHBOARD,CUSTOMER_TRAFFIC_PLAN,NUMBER,No,No
SF_MSTR_KPI_DASHBOARD,TRAFFIC_NETAMOUNT,NUMBER,No,No
SF_MSTR_KPI_DASHBOARD,TRAFFIC_PLAN_NETAMOUNT,NUMBER,No,No
SF_MSTR_KPI_DASHBOARD,TRAFFIC_TRANSACTIONS,NUMBER,No,No
SF_MSTR_KPI_DASHBOARD,TRAFFIC_TRANSACTIONS_PLAN,NUMBER,No,No
SF_MSTR_KPI_DASHBOARD,NEW_SUBSCRIPTION_UNITS,NUMBER,No,No
SF_MSTR_KPI_DASHBOARD,ES_NETAMOUNT,NUMBER,No,No
SF_MSTR_KPI_DASHBOARD,ES_PLANNETAMOUNT,NUMBER,No,No
SF_MSTR_KPI_DASHBOARD,HA_SIGNUPS,NUMBER,No,No
SF_MSTR_KPI_DASHBOARD,AD_SIGNUPS,NUMBER,No,No
SF_MSTR_KPI_DASHBOARD,PLAN_HA_SIGNUPS,NUMBER,No,No
SF_MSTR_KPI_DASHBOARD,TOT_HRS,NUMBER,No,No
SF_MSTR_KPI_DASHBOARD,PLAN_TOT_HRS,NUMBER,No,No
SF_MSTR_KPI_DASHBOARD,TOTAL_CUSTOMERS,NUMBER,No,No
SF_MSTR_KPI_DASHBOARD,EMAILABLE_CUSTOMERS,NUMBER,No,No
SF_MSTR_KPI_DASHBOARD,EMAIL_CAPTURE_RATE,NUMBER,No,No
SF_MSTR_KPI_DASHBOARD,PLAN_EMAIL_CAPTURE_RATE,NUMBER,No,No
SF_MSTR_KPI_DASHBOARD,PLAN_AD_SIGNUPS,NUMBER,No,No
SF_MSTR_KPI_DASHBOARD,CONV_PLAN,NUMBER,No,No
SF_MSTR_KPI_DASHBOARD_240826,TRANSACTION_DATE,DATE,No,No
SF_MSTR_KPI_DASHBOARD_240826,STORE_NO,NUMBER,No,No
SF_MSTR_KPI_DASHBOARD_240826,COMPSTATUS,NUMBER,No,No
SF_MSTR_KPI_DASHBOARD_240826,NETAMOUNT,NUMBER,No,No
SF_MSTR_KPI_DASHBOARD_240826,PLAN_NETAMOUNT,NUMBER,No,No
SF_MSTR_KPI_DASHBOARD_240826,VS_NETAMOUNT,NUMBER,No,No
SF_MSTR_KPI_DASHBOARD_240826,VS_PLANNETAMOUNT,NUMBER,No,No
SF_MSTR_KPI_DASHBOARD_240826,UNITS,NUMBER,No,No
SF_MSTR_KPI_DASHBOARD_240826,PLAN_UNITS,NUMBER,No,No
SF_MSTR_KPI_DASHBOARD_240826,TRANSACTIONS,NUMBER,No,No
SF_MSTR_KPI_DASHBOARD_240826,PLAN_TRANSACTIONS,NUMBER,No,No
SF_MSTR_KPI_DASHBOARD_240826,BOPUS_NETAMOUNT,NUMBER,No,No
SF_MSTR_KPI_DASHBOARD_240826,BOPUS_PLANNETAMOUNT,NUMBER,No,No
SF_MSTR_KPI_DASHBOARD_240826,BOSS_NETAMOUNT,NUMBER,No,No
SF_MSTR_KPI_DASHBOARD_240826,BOSS_PLANNETAMOUNT,NUMBER,No,No
SF_MSTR_KPI_DASHBOARD_240826,VS_BOSS_NETAMOUNT,NUMBER,No,No
SF_MSTR_KPI_DASHBOARD_240826,VS_BOSS_PLANNETAMOUNT,NUMBER,No,No
SF_MSTR_KPI_DASHBOARD_240826,ADP_BOSS_NETAMOUNT,NUMBER,No,No
SF_MSTR_KPI_DASHBOARD_240826,ADP_BOSS_PLANNETAMOUNT,NUMBER,No,No
SF_MSTR_KPI_DASHBOARD_240826,ADP_NETAMOUNT,NUMBER,No,No
SF_MSTR_KPI_DASHBOARD_240826,ADP_PLANNETAMOUNT,NUMBER,No,No
SF_MSTR_KPI_DASHBOARD_240826,ADP_VSNETAMOUNT,NUMBER,No,No
SF_MSTR_KPI_DASHBOARD_240826,VS_ADPPLANNETAMOUNT,NUMBER,No,No
SF_MSTR_KPI_DASHBOARD_240826,EXISTING_CUSTOMERS_SALES,NUMBER,No,No
SF_MSTR_KPI_DASHBOARD_240826,EXISTING_CUSTOMERS_PLAN_SALES,NUMBER,No,No
SF_MSTR_KPI_DASHBOARD_240826,NEW_CUSTOMERS_SALES,NUMBER,No,No
SF_MSTR_KPI_DASHBOARD_240826,NEW_CUSTOMERS__PLAN_SALES,NUMBER,No,No
SF_MSTR_KPI_DASHBOARD_240826,CUSTOMER_TRAFFIC,NUMBER,No,No
SF_MSTR_KPI_DASHBOARD_240826,CUSTOMER_TRAFFIC_COMP,NUMBER,No,No
SF_MSTR_KPI_DASHBOARD_240826,CUSTOMER_TRAFFIC_PLAN,NUMBER,No,No
SF_MSTR_KPI_DASHBOARD_240826,TRAFFIC_NETAMOUNT,NUMBER,No,No
SF_MSTR_KPI_DASHBOARD_240826,TRAFFIC_PLAN_NETAMOUNT,NUMBER,No,No
SF_MSTR_KPI_DASHBOARD_240826,TRAFFIC_TRANSACTIONS,NUMBER,No,No
SF_MSTR_KPI_DASHBOARD_240826,TRAFFIC_TRANSACTIONS_PLAN,NUMBER,No,No
SF_MSTR_KPI_DASHBOARD_240826,NEW_SUBSCRIPTION_UNITS,NUMBER,No,No
SF_MSTR_KPI_DASHBOARD_240826,ES_NETAMOUNT,NUMBER,No,No
SF_MSTR_KPI_DASHBOARD_240826,ES_PLANNETAMOUNT,NUMBER,No,No
SF_MSTR_KPI_DASHBOARD_240826,HA_SIGNUPS,NUMBER,No,No
SF_MSTR_KPI_DASHBOARD_240826,AD_SIGNUPS,NUMBER,No,No
SF_MSTR_KPI_DASHBOARD_240826,PLAN_HA_SIGNUPS,NUMBER,No,No
SF_MSTR_KPI_DASHBOARD_240826,TOT_HRS,NUMBER,No,No
SF_MSTR_KPI_DASHBOARD_240826,PLAN_TOT_HRS,NUMBER,No,No
SF_MSTR_KPI_DASHBOARD_240826,TOTAL_CUSTOMERS,NUMBER,No,No
SF_MSTR_KPI_DASHBOARD_240826,EMAILABLE_CUSTOMERS,NUMBER,No,No
SF_MSTR_KPI_DASHBOARD_240826,EMAIL_CAPTURE_RATE,NUMBER,No,No
SF_MSTR_KPI_DASHBOARD_240826,PLAN_EMAIL_CAPTURE_RATE,NUMBER,No,No
SF_MSTR_KPI_DASHBOARD_240826,PLAN_AD_SIGNUPS,NUMBER,No,No
SF_MSTR_KPI_DASHBOARD_240826,CONV_PLAN,NUMBER,No,No
SF_MSTR_KPI_DASHBOARD_BACKUP_0624_JENN_APPROVED_FINAL,TRANSACTION_DATE,DATE,No,No
SF_MSTR_KPI_DASHBOARD_BACKUP_0624_JENN_APPROVED_FINAL,STORE_NO,NUMBER,No,No
SF_MSTR_KPI_DASHBOARD_BACKUP_0624_JENN_APPROVED_FINAL,COMPSTATUS,NUMBER,No,No
SF_MSTR_KPI_DASHBOARD_BACKUP_0624_JENN_APPROVED_FINAL,NETAMOUNT,NUMBER,No,No
SF_MSTR_KPI_DASHBOARD_BACKUP_0624_JENN_APPROVED_FINAL,PLAN_NETAMOUNT,NUMBER,No,No
SF_MSTR_KPI_DASHBOARD_BACKUP_0624_JENN_APPROVED_FINAL,VS_NETAMOUNT,NUMBER,No,No
SF_MSTR_KPI_DASHBOARD_BACKUP_0624_JENN_APPROVED_FINAL,VS_PLANNETAMOUNT,NUMBER,No,No
SF_MSTR_KPI_DASHBOARD_BACKUP_0624_JENN_APPROVED_FINAL,UNITS,NUMBER,No,No
SF_MSTR_KPI_DASHBOARD_BACKUP_0624_JENN_APPROVED_FINAL,PLAN_UNITS,NUMBER,No,No
SF_MSTR_KPI_DASHBOARD_BACKUP_0624_JENN_APPROVED_FINAL,TRANSACTIONS,NUMBER,No,No
SF_MSTR_KPI_DASHBOARD_BACKUP_0624_JENN_APPROVED_FINAL,PLAN_TRANSACTIONS,NUMBER,No,No
SF_MSTR_KPI_DASHBOARD_BACKUP_0624_JENN_APPROVED_FINAL,BOPUS_NETAMOUNT,NUMBER,No,No
SF_MSTR_KPI_DASHBOARD_BACKUP_0624_JENN_APPROVED_FINAL,BOPUS_PLANNETAMOUNT,NUMBER,No,No
SF_MSTR_KPI_DASHBOARD_BACKUP_0624_JENN_APPROVED_FINAL,BOSS_NETAMOUNT,NUMBER,No,No
SF_MSTR_KPI_DASHBOARD_BACKUP_0624_JENN_APPROVED_FINAL,BOSS_PLANNETAMOUNT,NUMBER,No,No
SF_MSTR_KPI_DASHBOARD_BACKUP_0624_JENN_APPROVED_FINAL,VS_BOSS_NETAMOUNT,NUMBER,No,No
SF_MSTR_KPI_DASHBOARD_BACKUP_0624_JENN_APPROVED_FINAL,VS_BOSS_PLANNETAMOUNT,NUMBER,No,No
SF_MSTR_KPI_DASHBOARD_BACKUP_0624_JENN_APPROVED_FINAL,ADP_BOSS_NETAMOUNT,NUMBER,No,No
SF_MSTR_KPI_DASHBOARD_BACKUP_0624_JENN_APPROVED_FINAL,ADP_BOSS_PLANNETAMOUNT,NUMBER,No,No
SF_MSTR_KPI_DASHBOARD_BACKUP_0624_JENN_APPROVED_FINAL,ADP_NETAMOUNT,NUMBER,No,No
SF_MSTR_KPI_DASHBOARD_BACKUP_0624_JENN_APPROVED_FINAL,ADP_PLANNETAMOUNT,NUMBER,No,No
SF_MSTR_KPI_DASHBOARD_BACKUP_0624_JENN_APPROVED_FINAL,ADP_VSNETAMOUNT,NUMBER,No,No
SF_MSTR_KPI_DASHBOARD_BACKUP_0624_JENN_APPROVED_FINAL,VS_ADPPLANNETAMOUNT,NUMBER,No,No
SF_MSTR_KPI_DASHBOARD_BACKUP_0624_JENN_APPROVED_FINAL,EXISTING_CUSTOMERS_SALES,NUMBER,No,No
SF_MSTR_KPI_DASHBOARD_BACKUP_0624_JENN_APPROVED_FINAL,EXISTING_CUSTOMERS_PLAN_SALES,NUMBER,No,No
SF_MSTR_KPI_DASHBOARD_BACKUP_0624_JENN_APPROVED_FINAL,NEW_CUSTOMERS_SALES,NUMBER,No,No
SF_MSTR_KPI_DASHBOARD_BACKUP_0624_JENN_APPROVED_FINAL,NEW_CUSTOMERS__PLAN_SALES,NUMBER,No,No
SF_MSTR_KPI_DASHBOARD_BACKUP_0624_JENN_APPROVED_FINAL,CUSTOMER_TRAFFIC,NUMBER,No,No
SF_MSTR_KPI_DASHBOARD_BACKUP_0624_JENN_APPROVED_FINAL,CUSTOMER_TRAFFIC_COMP,NUMBER,No,No
SF_MSTR_KPI_DASHBOARD_BACKUP_0624_JENN_APPROVED_FINAL,CUSTOMER_TRAFFIC_PLAN,NUMBER,No,No
SF_MSTR_KPI_DASHBOARD_BACKUP_0624_JENN_APPROVED_FINAL,TRAFFIC_NETAMOUNT,NUMBER,No,No
SF_MSTR_KPI_DASHBOARD_BACKUP_0624_JENN_APPROVED_FINAL,TRAFFIC_PLAN_NETAMOUNT,NUMBER,No,No
SF_MSTR_KPI_DASHBOARD_BACKUP_0624_JENN_APPROVED_FINAL,TRAFFIC_TRANSACTIONS,NUMBER,No,No
SF_MSTR_KPI_DASHBOARD_BACKUP_0624_JENN_APPROVED_FINAL,TRAFFIC_TRANSACTIONS_PLAN,NUMBER,No,No
SF_MSTR_KPI_DASHBOARD_BACKUP_0624_JENN_APPROVED_FINAL,NEW_SUBSCRIPTION_UNITS,NUMBER,No,No
SF_MSTR_KPI_DASHBOARD_BACKUP_0624_JENN_APPROVED_FINAL,ES_NETAMOUNT,NUMBER,No,No
SF_MSTR_KPI_DASHBOARD_BACKUP_0624_JENN_APPROVED_FINAL,ES_PLANNETAMOUNT,NUMBER,No,No
SF_MSTR_KPI_DASHBOARD_BACKUP_0624_JENN_APPROVED_FINAL,HA_SIGNUPS,NUMBER,No,No
SF_MSTR_KPI_DASHBOARD_BACKUP_0624_JENN_APPROVED_FINAL,AD_SIGNUPS,NUMBER,No,No
SF_MSTR_KPI_DASHBOARD_BACKUP_0624_JENN_APPROVED_FINAL,PLAN_HA_SIGNUPS,NUMBER,No,No
SF_MSTR_KPI_DASHBOARD_BACKUP_0624_JENN_APPROVED_FINAL,TOT_HRS,NUMBER,No,No
SF_MSTR_KPI_DASHBOARD_BACKUP_0624_JENN_APPROVED_FINAL,PLAN_TOT_HRS,NUMBER,No,No
SF_MSTR_KPI_DASHBOARD_BACKUP_0624_JENN_APPROVED_FINAL,TOTAL_CUSTOMERS,NUMBER,No,No
SF_MSTR_KPI_DASHBOARD_BACKUP_0624_JENN_APPROVED_FINAL,EMAILABLE_CUSTOMERS,NUMBER,No,No
SF_MSTR_KPI_DASHBOARD_BACKUP_0624_JENN_APPROVED_FINAL,EMAIL_CAPTURE_RATE,NUMBER,No,No
SF_MSTR_KPI_DASHBOARD_BACKUP_0624_JENN_APPROVED_FINAL,PLAN_EMAIL_CAPTURE_RATE,NUMBER,No,No
SF_MSTR_KPI_DASHBOARD_BACKUP_0624_JENN_APPROVED_FINAL,PLAN_AD_SIGNUPS,NUMBER,No,No
SF_MSTR_KPI_DASHBOARD_BACKUP_0624_JENN_APPROVED_FINAL,CONV_PLAN,NUMBER,No,No
SF_MSTR_KPI_DASHBOARD_BOSS_REMOVED,TRANSACTION_DATE,DATE,No,No
SF_MSTR_KPI_DASHBOARD_BOSS_REMOVED,STORE_NO,NUMBER,No,No
SF_MSTR_KPI_DASHBOARD_BOSS_REMOVED,COMPSTATUS,NUMBER,No,No
SF_MSTR_KPI_DASHBOARD_BOSS_REMOVED,NETAMOUNT,NUMBER,No,No
SF_MSTR_KPI_DASHBOARD_BOSS_REMOVED,PLAN_NETAMOUNT,NUMBER,No,No
SF_MSTR_KPI_DASHBOARD_BOSS_REMOVED,VS_NETAMOUNT,NUMBER,No,No
SF_MSTR_KPI_DASHBOARD_BOSS_REMOVED,VS_PLANNETAMOUNT,NUMBER,No,No
SF_MSTR_KPI_DASHBOARD_BOSS_REMOVED,UNITS,NUMBER,No,No
SF_MSTR_KPI_DASHBOARD_BOSS_REMOVED,PLAN_UNITS,NUMBER,No,No
SF_MSTR_KPI_DASHBOARD_BOSS_REMOVED,TRANSACTIONS,NUMBER,No,No
SF_MSTR_KPI_DASHBOARD_BOSS_REMOVED,PLAN_TRANSACTIONS,NUMBER,No,No
SF_MSTR_KPI_DASHBOARD_BOSS_REMOVED,BOPUS_NETAMOUNT,NUMBER,No,No
SF_MSTR_KPI_DASHBOARD_BOSS_REMOVED,BOPUS_PLANNETAMOUNT,NUMBER,No,No
SF_MSTR_KPI_DASHBOARD_BOSS_REMOVED,BOSS_NETAMOUNT,NUMBER,No,No
SF_MSTR_KPI_DASHBOARD_BOSS_REMOVED,BOSS_PLANNETAMOUNT,NUMBER,No,No
SF_MSTR_KPI_DASHBOARD_BOSS_REMOVED,VS_BOSS_NETAMOUNT,NUMBER,No,No
SF_MSTR_KPI_DASHBOARD_BOSS_REMOVED,VS_BOSS_PLANNETAMOUNT,NUMBER,No,No
SF_MSTR_KPI_DASHBOARD_BOSS_REMOVED,ADP_BOSS_NETAMOUNT,NUMBER,No,No
SF_MSTR_KPI_DASHBOARD_BOSS_REMOVED,ADP_BOSS_PLANNETAMOUNT,NUMBER,No,No
SF_MSTR_KPI_DASHBOARD_BOSS_REMOVED,ADP_NETAMOUNT,NUMBER,No,No
SF_MSTR_KPI_DASHBOARD_BOSS_REMOVED,ADP_PLANNETAMOUNT,NUMBER,No,No
SF_MSTR_KPI_DASHBOARD_BOSS_REMOVED,ADP_VSNETAMOUNT,NUMBER,No,No
SF_MSTR_KPI_DASHBOARD_BOSS_REMOVED,VS_ADPPLANNETAMOUNT,NUMBER,No,No
SF_MSTR_KPI_DASHBOARD_BOSS_REMOVED,EXISTING_CUSTOMERS_SALES,NUMBER,No,No
SF_MSTR_KPI_DASHBOARD_BOSS_REMOVED,EXISTING_CUSTOMERS_PLAN_SALES,NUMBER,No,No
SF_MSTR_KPI_DASHBOARD_BOSS_REMOVED,NEW_CUSTOMERS_SALES,NUMBER,No,No
SF_MSTR_KPI_DASHBOARD_BOSS_REMOVED,NEW_CUSTOMERS__PLAN_SALES,NUMBER,No,No
SF_MSTR_KPI_DASHBOARD_BOSS_REMOVED,CUSTOMER_TRAFFIC,NUMBER,No,No
SF_MSTR_KPI_DASHBOARD_BOSS_REMOVED,CUSTOMER_TRAFFIC_COMP,NUMBER,No,No
SF_MSTR_KPI_DASHBOARD_BOSS_REMOVED,CUSTOMER_TRAFFIC_PLAN,NUMBER,No,No
SF_MSTR_KPI_DASHBOARD_BOSS_REMOVED,TRAFFIC_NETAMOUNT,NUMBER,No,No
SF_MSTR_KPI_DASHBOARD_BOSS_REMOVED,TRAFFIC_PLAN_NETAMOUNT,NUMBER,No,No
SF_MSTR_KPI_DASHBOARD_BOSS_REMOVED,TRAFFIC_TRANSACTIONS,NUMBER,No,No
SF_MSTR_KPI_DASHBOARD_BOSS_REMOVED,TRAFFIC_TRANSACTIONS_PLAN,NUMBER,No,No
SF_MSTR_KPI_DASHBOARD_BOSS_REMOVED,NEW_SUBSCRIPTION_UNITS,NUMBER,No,No
SF_MSTR_KPI_DASHBOARD_BOSS_REMOVED,ES_NETAMOUNT,NUMBER,No,No
SF_MSTR_KPI_DASHBOARD_BOSS_REMOVED,ES_PLANNETAMOUNT,NUMBER,No,No
SF_MSTR_KPI_DASHBOARD_BOSS_REMOVED,HA_SIGNUPS,NUMBER,No,No
SF_MSTR_KPI_DASHBOARD_BOSS_REMOVED,AD_SIGNUPS,NUMBER,No,No
SF_MSTR_KPI_DASHBOARD_BOSS_REMOVED,PLAN_HA_SIGNUPS,NUMBER,No,No
SF_MSTR_KPI_DASHBOARD_BOSS_REMOVED,TOT_HRS,NUMBER,No,No
SF_MSTR_KPI_DASHBOARD_BOSS_REMOVED,PLAN_TOT_HRS,NUMBER,No,No
SF_MSTR_KPI_DASHBOARD_BOSS_REMOVED,TOTAL_CUSTOMERS,NUMBER,No,No
SF_MSTR_KPI_DASHBOARD_BOSS_REMOVED,EMAILABLE_CUSTOMERS,NUMBER,No,No
SF_MSTR_KPI_DASHBOARD_BOSS_REMOVED,EMAIL_CAPTURE_RATE,NUMBER,No,No
SF_MSTR_KPI_DASHBOARD_BOSS_REMOVED,PLAN_EMAIL_CAPTURE_RATE,NUMBER,No,No
SF_MSTR_KPI_DASHBOARD_BOSS_REMOVED,PLAN_AD_SIGNUPS,NUMBER,No,No
SF_MSTR_KPI_DASHBOARD_BOSS_REMOVED,CONV_PLAN,NUMBER,No,No
SF_MSTR_KPI_DASHBOARD_EX_BOSS,TRANSACTION_DATE,DATE,No,No
SF_MSTR_KPI_DASHBOARD_EX_BOSS,STORE_NO,NUMBER,No,No
SF_MSTR_KPI_DASHBOARD_EX_BOSS,COMPSTATUS,NUMBER,No,No
SF_MSTR_KPI_DASHBOARD_EX_BOSS,NETAMOUNT,NUMBER,No,No
SF_MSTR_KPI_DASHBOARD_EX_BOSS,PLAN_NETAMOUNT,NUMBER,No,No
SF_MSTR_KPI_DASHBOARD_EX_BOSS,VS_NETAMOUNT,NUMBER,No,No
SF_MSTR_KPI_DASHBOARD_EX_BOSS,VS_PLANNETAMOUNT,NUMBER,No,No
SF_MSTR_KPI_DASHBOARD_EX_BOSS,UNITS,NUMBER,No,No
SF_MSTR_KPI_DASHBOARD_EX_BOSS,PLAN_UNITS,NUMBER,No,No
SF_MSTR_KPI_DASHBOARD_EX_BOSS,TRANSACTIONS,NUMBER,No,No
SF_MSTR_KPI_DASHBOARD_EX_BOSS,PLAN_TRANSACTIONS,NUMBER,No,No
SF_MSTR_KPI_DASHBOARD_EX_BOSS,BOPUS_NETAMOUNT,NUMBER,No,No
SF_MSTR_KPI_DASHBOARD_EX_BOSS,BOPUS_PLANNETAMOUNT,NUMBER,No,No
SF_MSTR_KPI_DASHBOARD_EX_BOSS,BOSS_NETAMOUNT,NUMBER,No,No
SF_MSTR_KPI_DASHBOARD_EX_BOSS,BOSS_PLANNETAMOUNT,NUMBER,No,No
SF_MSTR_KPI_DASHBOARD_EX_BOSS,VS_BOSS_NETAMOUNT,NUMBER,No,No
SF_MSTR_KPI_DASHBOARD_EX_BOSS,VS_BOSS_PLANNETAMOUNT,NUMBER,No,No
SF_MSTR_KPI_DASHBOARD_EX_BOSS,ADP_BOSS_NETAMOUNT,NUMBER,No,No
SF_MSTR_KPI_DASHBOARD_EX_BOSS,ADP_BOSS_PLANNETAMOUNT,NUMBER,No,No
SF_MSTR_KPI_DASHBOARD_EX_BOSS,ADP_NETAMOUNT,NUMBER,No,No
SF_MSTR_KPI_DASHBOARD_EX_BOSS,ADP_PLANNETAMOUNT,NUMBER,No,No
SF_MSTR_KPI_DASHBOARD_EX_BOSS,ADP_VSNETAMOUNT,NUMBER,No,No
SF_MSTR_KPI_DASHBOARD_EX_BOSS,VS_ADPPLANNETAMOUNT,NUMBER,No,No
SF_MSTR_KPI_DASHBOARD_EX_BOSS,EXISTING_CUSTOMERS_SALES,NUMBER,No,No
SF_MSTR_KPI_DASHBOARD_EX_BOSS,EXISTING_CUSTOMERS_PLAN_SALES,NUMBER,No,No
SF_MSTR_KPI_DASHBOARD_EX_BOSS,NEW_CUSTOMERS_SALES,NUMBER,No,No
SF_MSTR_KPI_DASHBOARD_EX_BOSS,NEW_CUSTOMERS__PLAN_SALES,NUMBER,No,No
SF_MSTR_KPI_DASHBOARD_EX_BOSS,CUSTOMER_TRAFFIC,NUMBER,No,No
SF_MSTR_KPI_DASHBOARD_EX_BOSS,CUSTOMER_TRAFFIC_COMP,NUMBER,No,No
SF_MSTR_KPI_DASHBOARD_EX_BOSS,CUSTOMER_TRAFFIC_PLAN,NUMBER,No,No
SF_MSTR_KPI_DASHBOARD_EX_BOSS,TRAFFIC_NETAMOUNT,NUMBER,No,No
SF_MSTR_KPI_DASHBOARD_EX_BOSS,TRAFFIC_PLAN_NETAMOUNT,NUMBER,No,No
SF_MSTR_KPI_DASHBOARD_EX_BOSS,TRAFFIC_TRANSACTIONS,NUMBER,No,No
SF_MSTR_KPI_DASHBOARD_EX_BOSS,TRAFFIC_TRANSACTIONS_PLAN,NUMBER,No,No
SF_MSTR_KPI_DASHBOARD_EX_BOSS,NEW_SUBSCRIPTION_UNITS,NUMBER,No,No
SF_MSTR_KPI_DASHBOARD_EX_BOSS,ES_NETAMOUNT,NUMBER,No,No
SF_MSTR_KPI_DASHBOARD_EX_BOSS,ES_PLANNETAMOUNT,NUMBER,No,No
SF_MSTR_KPI_DASHBOARD_EX_BOSS,HA_SIGNUPS,NUMBER,No,No
SF_MSTR_KPI_DASHBOARD_EX_BOSS,AD_SIGNUPS,NUMBER,No,No
SF_MSTR_KPI_DASHBOARD_EX_BOSS,PLAN_HA_SIGNUPS,NUMBER,No,No
SF_MSTR_KPI_DASHBOARD_EX_BOSS,TOT_HRS,NUMBER,No,No
SF_MSTR_KPI_DASHBOARD_EX_BOSS,PLAN_TOT_HRS,NUMBER,No,No
SF_MSTR_KPI_DASHBOARD_EX_BOSS,TOTAL_CUSTOMERS,NUMBER,No,No
SF_MSTR_KPI_DASHBOARD_EX_BOSS,EMAILABLE_CUSTOMERS,NUMBER,No,No
SF_MSTR_KPI_DASHBOARD_EX_BOSS,EMAIL_CAPTURE_RATE,NUMBER,No,No
SF_MSTR_KPI_DASHBOARD_EX_BOSS,PLAN_EMAIL_CAPTURE_RATE,NUMBER,No,No
SF_MSTR_KPI_DASHBOARD_EX_BOSS,PLAN_AD_SIGNUPS,NUMBER,No,No
SF_MSTR_KPI_DASHBOARD_EX_BOSS,CONV_PLAN,NUMBER,No,No
SF_MSTR_KPI_DASHBOARD_FRAN,TRANSACTION_DATE,TIMESTAMP_NTZ,No,No
SF_MSTR_KPI_DASHBOARD_FRAN,STORE_NO,NUMBER,No,No
SF_MSTR_KPI_DASHBOARD_FRAN,COMPSTATUS,NUMBER,No,No
SF_MSTR_KPI_DASHBOARD_FRAN,NETAMOUNT,NUMBER,No,No
SF_MSTR_KPI_DASHBOARD_FRAN,PLAN_NETAMOUNT,NUMBER,No,No
SF_MSTR_KPI_DASHBOARD_FRAN,VS_NETAMOUNT,NUMBER,No,No
SF_MSTR_KPI_DASHBOARD_FRAN,VS_PLANNETAMOUNT,NUMBER,No,No
SF_MSTR_KPI_DASHBOARD_FRAN,UNITS,NUMBER,No,No
SF_MSTR_KPI_DASHBOARD_FRAN,PLAN_UNITS,NUMBER,No,No
SF_MSTR_KPI_DASHBOARD_FRAN,TRANSACTIONS,NUMBER,No,No
SF_MSTR_KPI_DASHBOARD_FRAN,PLAN_TRANSACTIONS,NUMBER,No,No
SF_MSTR_KPI_DASHBOARD_FRAN,BOPUS_NETAMOUNT,NUMBER,No,No
SF_MSTR_KPI_DASHBOARD_FRAN,BOPUS_PLANNETAMOUNT,NUMBER,No,No
SF_MSTR_KPI_DASHBOARD_FRAN,BOSS_NETAMOUNT,NUMBER,No,No
SF_MSTR_KPI_DASHBOARD_FRAN,BOSS_PLANNETAMOUNT,NUMBER,No,No
SF_MSTR_KPI_DASHBOARD_FRAN,VS_BOSS_NETAMOUNT,NUMBER,No,No
SF_MSTR_KPI_DASHBOARD_FRAN,VS_BOSS_PLANNETAMOUNT,NUMBER,No,No
SF_MSTR_KPI_DASHBOARD_FRAN,ADP_BOSS_NETAMOUNT,NUMBER,No,No
SF_MSTR_KPI_DASHBOARD_FRAN,ADP_BOSS_PLANNETAMOUNT,NUMBER,No,No
SF_MSTR_KPI_DASHBOARD_FRAN,ADP_NETAMOUNT,NUMBER,No,No
SF_MSTR_KPI_DASHBOARD_FRAN,ADP_PLANNETAMOUNT,NUMBER,No,No
SF_MSTR_KPI_DASHBOARD_FRAN,ADP_VSNETAMOUNT,NUMBER,No,No
SF_MSTR_KPI_DASHBOARD_FRAN,VS_ADPPLANNETAMOUNT,NUMBER,No,No
SF_MSTR_KPI_DASHBOARD_FRAN,EXISTING_CUSTOMERS_SALES,NUMBER,No,No
SF_MSTR_KPI_DASHBOARD_FRAN,EXISTING_CUSTOMERS_PLAN_SALES,NUMBER,No,No
SF_MSTR_KPI_DASHBOARD_FRAN,NEW_CUSTOMERS_SALES,NUMBER,No,No
SF_MSTR_KPI_DASHBOARD_FRAN,NEW_CUSTOMERS__PLAN_SALES,NUMBER,No,No
SF_MSTR_KPI_DASHBOARD_FRAN,CUSTOMER_TRAFFIC,NUMBER,No,No
SF_MSTR_KPI_DASHBOARD_FRAN,CUSTOMER_TRAFFIC_COMP,NUMBER,No,No
SF_MSTR_KPI_DASHBOARD_FRAN,CUSTOMER_TRAFFIC_PLAN,NUMBER,No,No
SF_MSTR_KPI_DASHBOARD_FRAN,TRAFFIC_NETAMOUNT,NUMBER,No,No
SF_MSTR_KPI_DASHBOARD_FRAN,TRAFFIC_PLAN_NETAMOUNT,NUMBER,No,No
SF_MSTR_KPI_DASHBOARD_FRAN,TRAFFIC_TRANSACTIONS,NUMBER,No,No
SF_MSTR_KPI_DASHBOARD_FRAN,TRAFFIC_TRANSACTIONS_PLAN,NUMBER,No,No
SF_MSTR_KPI_DASHBOARD_FRAN,NEW_SUBSCRIPTION_UNITS,NUMBER,No,No
SF_MSTR_KPI_DASHBOARD_FRAN,ES_NETAMOUNT,NUMBER,No,No
SF_MSTR_KPI_DASHBOARD_FRAN,ES_PLANNETAMOUNT,NUMBER,No,No
SF_MSTR_KPI_DASHBOARD_FRAN,HA_SIGNUPS,NUMBER,No,No
SF_MSTR_KPI_DASHBOARD_FRAN,AD_SIGNUPS,NUMBER,No,No
SF_MSTR_KPI_DASHBOARD_FRAN,PLAN_HA_SIGNUPS,NUMBER,No,No
SF_MSTR_KPI_DASHBOARD_FRAN,TOT_HRS,FLOAT,No,No
SF_MSTR_KPI_DASHBOARD_FRAN,PLAN_TOT_HRS,FLOAT,No,No
SF_MSTR_KPI_DASHBOARD_FRAN,TOTAL_CUSTOMERS,NUMBER,No,No
SF_MSTR_KPI_DASHBOARD_FRAN,EMAILABLE_CUSTOMERS,NUMBER,No,No
SF_MSTR_KPI_DASHBOARD_FRAN,EMAIL_CAPTURE_RATE,FLOAT,No,No
SF_MSTR_KPI_DASHBOARD_FRAN,PLAN_EMAIL_CAPTURE_RATE,FLOAT,No,No
SF_MSTR_KPI_DASHBOARD_FRAN,PLAN_AD_SIGNUPS,NUMBER,No,No
SF_MSTR_KPI_DASHBOARD_FRAN,CONV_PLAN,NUMBER,No,No
SF_MSTR_KPI_DASHBOARD_MONTHLY,FISCAL_YEAR,NUMBER,No,No
SF_MSTR_KPI_DASHBOARD_MONTHLY,FISCAL_MONTH,NUMBER,No,No
SF_MSTR_KPI_DASHBOARD_MONTHLY,TRANSACTION_DATE,DATE,No,No
SF_MSTR_KPI_DASHBOARD_MONTHLY,STORE_NO,NUMBER,No,No
SF_MSTR_KPI_DASHBOARD_MONTHLY,COMPSTATUS,NUMBER,No,No
SF_MSTR_KPI_DASHBOARD_MONTHLY,NETAMOUNT,NUMBER,No,No
SF_MSTR_KPI_DASHBOARD_MONTHLY,PLAN_NETAMOUNT,NUMBER,No,No
SF_MSTR_KPI_DASHBOARD_MONTHLY,VS_NETAMOUNT,NUMBER,No,No
SF_MSTR_KPI_DASHBOARD_MONTHLY,VS_PLANNETAMOUNT,NUMBER,No,No
SF_MSTR_KPI_DASHBOARD_MONTHLY,UNITS,NUMBER,No,No
SF_MSTR_KPI_DASHBOARD_MONTHLY,PLAN_UNITS,NUMBER,No,No
SF_MSTR_KPI_DASHBOARD_MONTHLY,TRANSACTIONS,NUMBER,No,No
SF_MSTR_KPI_DASHBOARD_MONTHLY,PLAN_TRANSACTIONS,NUMBER,No,No
SF_MSTR_KPI_DASHBOARD_MONTHLY,BOPUS_NETAMOUNT,NUMBER,No,No
SF_MSTR_KPI_DASHBOARD_MONTHLY,BOPUS_PLANNETAMOUNT,NUMBER,No,No
SF_MSTR_KPI_DASHBOARD_MONTHLY,BOSS_NETAMOUNT,NUMBER,No,No
SF_MSTR_KPI_DASHBOARD_MONTHLY,BOSS_PLANNETAMOUNT,NUMBER,No,No
SF_MSTR_KPI_DASHBOARD_MONTHLY,VS_BOSS_NETAMOUNT,NUMBER,No,No
SF_MSTR_KPI_DASHBOARD_MONTHLY,VS_BOSS_PLANNETAMOUNT,NUMBER,No,No
SF_MSTR_KPI_DASHBOARD_MONTHLY,ADP_NETAMOUNT,NUMBER,No,No
SF_MSTR_KPI_DASHBOARD_MONTHLY,ADP_PLANNETAMOUNT,NUMBER,No,No
SF_MSTR_KPI_DASHBOARD_MONTHLY,ADP_VSNETAMOUNT,NUMBER,No,No
SF_MSTR_KPI_DASHBOARD_MONTHLY,VS_ADPPLANNETAMOUNT,NUMBER,No,No
SF_MSTR_KPI_DASHBOARD_MONTHLY,EXISTING_CUSTOMERS_SALES,NUMBER,No,No
SF_MSTR_KPI_DASHBOARD_MONTHLY,EXISTING_CUSTOMERS_PLAN_SALES,NUMBER,No,No
SF_MSTR_KPI_DASHBOARD_MONTHLY,NEW_CUSTOMERS_SALES,NUMBER,No,No
SF_MSTR_KPI_DASHBOARD_MONTHLY,NEW_CUSTOMERS__PLAN_SALES,NUMBER,No,No
SF_MSTR_KPI_DASHBOARD_MONTHLY,CUSTOMER_TRAFFIC,NUMBER,No,No
SF_MSTR_KPI_DASHBOARD_MONTHLY,CUSTOMER_TRAFFIC_COMP,NUMBER,No,No
SF_MSTR_KPI_DASHBOARD_MONTHLY,CUSTOMER_TRAFFIC_PLAN,NUMBER,No,No
SF_MSTR_KPI_DASHBOARD_MONTHLY,TRAFFIC_NETAMOUNT,NUMBER,No,No
SF_MSTR_KPI_DASHBOARD_MONTHLY,TRAFFIC_PLAN_NETAMOUNT,NUMBER,No,No
SF_MSTR_KPI_DASHBOARD_MONTHLY,TRAFFIC_TRANSACTIONS,NUMBER,No,No
SF_MSTR_KPI_DASHBOARD_MONTHLY,TRAFFIC_TRANSACTIONS_PLAN,NUMBER,No,No
SF_MSTR_KPI_DASHBOARD_MONTHLY,NEW_SUBSCRIPTION_UNITS,NUMBER,No,No
SF_MSTR_KPI_DASHBOARD_MONTHLY,ES_NETAMOUNT,NUMBER,No,No
SF_MSTR_KPI_DASHBOARD_MONTHLY,ES_PLANNETAMOUNT,NUMBER,No,No
SF_MSTR_KPI_DASHBOARD_MONTHLY,HA_SIGNUPS,NUMBER,No,No
SF_MSTR_KPI_DASHBOARD_MONTHLY,AD_SIGNUPS,NUMBER,No,No
SF_MSTR_KPI_DASHBOARD_MONTHLY,PLAN_HA_SIGNUPS,NUMBER,No,No
SF_MSTR_KPI_DASHBOARD_MONTHLY,TOT_HRS,FLOAT,No,No
SF_MSTR_KPI_DASHBOARD_MONTHLY,PLAN_TOT_HRS,FLOAT,No,No
SF_MSTR_KPI_DASHBOARD_MONTHLY,TOTAL_CUSTOMERS,NUMBER,No,No
SF_MSTR_KPI_DASHBOARD_MONTHLY,EMAILABLE_CUSTOMERS,NUMBER,No,No
SF_MSTR_KPI_DASHBOARD_MONTHLY,EMAIL_CAPTURE_RATE,FLOAT,No,No
SF_MSTR_KPI_DASHBOARD_MONTHLY,PLAN_EMAIL_CAPTURE_RATE,FLOAT,No,No
SF_MSTR_KPI_DASHBOARD_MONTHLY,PLAN_AD_SIGNUPS,NUMBER,No,No
SF_MSTR_KPI_DASHBOARD_MONTHLY,CONV_PLAN,NUMBER,No,No
SF_MSTR_KPI_DASHBOARD_MONTHLY,ADP_BOSS_NETAMOUNT,NUMBER,No,No
SF_MSTR_KPI_DASHBOARD_MONTHLY,ADP_BOSS_PLANNETAMOUNT,NUMBER,No,No
SF_MSTR_KPI_DASHBOARD_MONTHLY_2020,FISCAL_YEAR,NUMBER,No,No
SF_MSTR_KPI_DASHBOARD_MONTHLY_2020,FISCAL_MONTH,TEXT,No,No
SF_MSTR_KPI_DASHBOARD_MONTHLY_2020,TRANSACTION_DATE,TIMESTAMP_NTZ,No,No
SF_MSTR_KPI_DASHBOARD_MONTHLY_2020,STORE_NO,NUMBER,No,No
SF_MSTR_KPI_DASHBOARD_MONTHLY_2020,COMPSTATUS,NUMBER,No,No
SF_MSTR_KPI_DASHBOARD_MONTHLY_2020,NETAMOUNT,NUMBER,No,No
SF_MSTR_KPI_DASHBOARD_MONTHLY_2020,PLAN_NETAMOUNT,NUMBER,No,No
SF_MSTR_KPI_DASHBOARD_MONTHLY_2020,VS_NETAMOUNT,NUMBER,No,No
SF_MSTR_KPI_DASHBOARD_MONTHLY_2020,VS_PLANNETAMOUNT,NUMBER,No,No
SF_MSTR_KPI_DASHBOARD_MONTHLY_2020,UNITS,NUMBER,No,No
SF_MSTR_KPI_DASHBOARD_MONTHLY_2020,PLAN_UNITS,NUMBER,No,No
SF_MSTR_KPI_DASHBOARD_MONTHLY_2020,TRANSACTIONS,NUMBER,No,No
SF_MSTR_KPI_DASHBOARD_MONTHLY_2020,PLAN_TRANSACTIONS,NUMBER,No,No
SF_MSTR_KPI_DASHBOARD_MONTHLY_2020,BOPUS_NETAMOUNT,NUMBER,No,No
SF_MSTR_KPI_DASHBOARD_MONTHLY_2020,BOPUS_PLANNETAMOUNT,NUMBER,No,No
SF_MSTR_KPI_DASHBOARD_MONTHLY_2020,BOSS_NETAMOUNT,NUMBER,No,No
SF_MSTR_KPI_DASHBOARD_MONTHLY_2020,BOSS_PLANNETAMOUNT,NUMBER,No,No
SF_MSTR_KPI_DASHBOARD_MONTHLY_2020,VS_BOSS_NETAMOUNT,NUMBER,No,No
SF_MSTR_KPI_DASHBOARD_MONTHLY_2020,VS_BOSS_PLANNETAMOUNT,NUMBER,No,No
SF_MSTR_KPI_DASHBOARD_MONTHLY_2020,ADP_NETAMOUNT,NUMBER,No,No
SF_MSTR_KPI_DASHBOARD_MONTHLY_2020,ADP_PLANNETAMOUNT,NUMBER,No,No
SF_MSTR_KPI_DASHBOARD_MONTHLY_2020,ADP_VSNETAMOUNT,NUMBER,No,No
SF_MSTR_KPI_DASHBOARD_MONTHLY_2020,VS_ADPPLANNETAMOUNT,NUMBER,No,No
SF_MSTR_KPI_DASHBOARD_MONTHLY_2020,EXISTING_CUSTOMERS_SALES,NUMBER,No,No
SF_MSTR_KPI_DASHBOARD_MONTHLY_2020,EXISTING_CUSTOMERS_PLAN_SALES,NUMBER,No,No
SF_MSTR_KPI_DASHBOARD_MONTHLY_2020,NEW_CUSTOMERS_SALES,NUMBER,No,No
SF_MSTR_KPI_DASHBOARD_MONTHLY_2020,NEW_CUSTOMERS__PLAN_SALES,NUMBER,No,No
SF_MSTR_KPI_DASHBOARD_MONTHLY_2020,CUSTOMER_TRAFFIC,NUMBER,No,No
SF_MSTR_KPI_DASHBOARD_MONTHLY_2020,CUSTOMER_TRAFFIC_COMP,NUMBER,No,No
SF_MSTR_KPI_DASHBOARD_MONTHLY_2020,CUSTOMER_TRAFFIC_PLAN,NUMBER,No,No
SF_MSTR_KPI_DASHBOARD_MONTHLY_2020,TRAFFIC_NETAMOUNT,NUMBER,No,No
SF_MSTR_KPI_DASHBOARD_MONTHLY_2020,TRAFFIC_PLAN_NETAMOUNT,NUMBER,No,No
SF_MSTR_KPI_DASHBOARD_MONTHLY_2020,TRAFFIC_TRANSACTIONS,NUMBER,No,No
SF_MSTR_KPI_DASHBOARD_MONTHLY_2020,TRAFFIC_TRANSACTIONS_PLAN,NUMBER,No,No
SF_MSTR_KPI_DASHBOARD_MONTHLY_2020,NEW_SUBSCRIPTION_UNITS,NUMBER,No,No
SF_MSTR_KPI_DASHBOARD_MONTHLY_2020,ES_NETAMOUNT,NUMBER,No,No
SF_MSTR_KPI_DASHBOARD_MONTHLY_2020,ES_PLANNETAMOUNT,NUMBER,No,No
SF_MSTR_KPI_DASHBOARD_MONTHLY_2020,HA_SIGNUPS,NUMBER,No,No
SF_MSTR_KPI_DASHBOARD_MONTHLY_2020,AD_SIGNUPS,NUMBER,No,No
SF_MSTR_KPI_DASHBOARD_MONTHLY_2020,PLAN_HA_SIGNUPS,NUMBER,No,No
SF_MSTR_KPI_DASHBOARD_MONTHLY_2020,TOT_HRS,FLOAT,No,No
SF_MSTR_KPI_DASHBOARD_MONTHLY_2020,PLAN_TOT_HRS,FLOAT,No,No
SF_MSTR_KPI_DASHBOARD_MONTHLY_2020,TOTAL_CUSTOMERS,NUMBER,No,No
SF_MSTR_KPI_DASHBOARD_MONTHLY_2020,EMAILABLE_CUSTOMERS,NUMBER,No,No
SF_MSTR_KPI_DASHBOARD_MONTHLY_2020,EMAIL_CAPTURE_RATE,FLOAT,No,No
SF_MSTR_KPI_DASHBOARD_MONTHLY_2020,PLAN_EMAIL_CAPTURE_RATE,FLOAT,No,No
SF_MSTR_KPI_DASHBOARD_MONTHLY_2020,PLAN_AD_SIGNUPS,NUMBER,No,No
SF_MSTR_KPI_DASHBOARD_MONTHLY_2020,CONV_PLAN,NUMBER,No,No
SF_MSTR_KPI_DASHBOARD_MONTHLY_2021,FISCAL_YEAR,NUMBER,No,No
SF_MSTR_KPI_DASHBOARD_MONTHLY_2021,FISCAL_MONTH,TEXT,No,No
SF_MSTR_KPI_DASHBOARD_MONTHLY_2021,TRANSACTION_DATE,TIMESTAMP_NTZ,No,No
SF_MSTR_KPI_DASHBOARD_MONTHLY_2021,STORE_NO,NUMBER,No,No
SF_MSTR_KPI_DASHBOARD_MONTHLY_2021,COMPSTATUS,NUMBER,No,No
SF_MSTR_KPI_DASHBOARD_MONTHLY_2021,NETAMOUNT,NUMBER,No,No
SF_MSTR_KPI_DASHBOARD_MONTHLY_2021,PLAN_NETAMOUNT,NUMBER,No,No
SF_MSTR_KPI_DASHBOARD_MONTHLY_2021,VS_NETAMOUNT,NUMBER,No,No
SF_MSTR_KPI_DASHBOARD_MONTHLY_2021,VS_PLANNETAMOUNT,NUMBER,No,No
SF_MSTR_KPI_DASHBOARD_MONTHLY_2021,UNITS,NUMBER,No,No
SF_MSTR_KPI_DASHBOARD_MONTHLY_2021,PLAN_UNITS,NUMBER,No,No
SF_MSTR_KPI_DASHBOARD_MONTHLY_2021,TRANSACTIONS,NUMBER,No,No
SF_MSTR_KPI_DASHBOARD_MONTHLY_2021,PLAN_TRANSACTIONS,NUMBER,No,No
SF_MSTR_KPI_DASHBOARD_MONTHLY_2021,BOPUS_NETAMOUNT,NUMBER,No,No
SF_MSTR_KPI_DASHBOARD_MONTHLY_2021,BOPUS_PLANNETAMOUNT,NUMBER,No,No
SF_MSTR_KPI_DASHBOARD_MONTHLY_2021,BOSS_NETAMOUNT,NUMBER,No,No
SF_MSTR_KPI_DASHBOARD_MONTHLY_2021,BOSS_PLANNETAMOUNT,NUMBER,No,No
SF_MSTR_KPI_DASHBOARD_MONTHLY_2021,VS_BOSS_NETAMOUNT,NUMBER,No,No
SF_MSTR_KPI_DASHBOARD_MONTHLY_2021,VS_BOSS_PLANNETAMOUNT,NUMBER,No,No
SF_MSTR_KPI_DASHBOARD_MONTHLY_2021,ADP_NETAMOUNT,NUMBER,No,No
SF_MSTR_KPI_DASHBOARD_MONTHLY_2021,ADP_PLANNETAMOUNT,NUMBER,No,No
SF_MSTR_KPI_DASHBOARD_MONTHLY_2021,ADP_VSNETAMOUNT,NUMBER,No,No
SF_MSTR_KPI_DASHBOARD_MONTHLY_2021,VS_ADPPLANNETAMOUNT,NUMBER,No,No
SF_MSTR_KPI_DASHBOARD_MONTHLY_2021,EXISTING_CUSTOMERS_SALES,NUMBER,No,No
SF_MSTR_KPI_DASHBOARD_MONTHLY_2021,EXISTING_CUSTOMERS_PLAN_SALES,NUMBER,No,No
SF_MSTR_KPI_DASHBOARD_MONTHLY_2021,NEW_CUSTOMERS_SALES,NUMBER,No,No
SF_MSTR_KPI_DASHBOARD_MONTHLY_2021,NEW_CUSTOMERS__PLAN_SALES,NUMBER,No,No
SF_MSTR_KPI_DASHBOARD_MONTHLY_2021,CUSTOMER_TRAFFIC,NUMBER,No,No
SF_MSTR_KPI_DASHBOARD_MONTHLY_2021,CUSTOMER_TRAFFIC_COMP,NUMBER,No,No
SF_MSTR_KPI_DASHBOARD_MONTHLY_2021,CUSTOMER_TRAFFIC_PLAN,NUMBER,No,No
SF_MSTR_KPI_DASHBOARD_MONTHLY_2021,TRAFFIC_NETAMOUNT,NUMBER,No,No
SF_MSTR_KPI_DASHBOARD_MONTHLY_2021,TRAFFIC_PLAN_NETAMOUNT,NUMBER,No,No
SF_MSTR_KPI_DASHBOARD_MONTHLY_2021,TRAFFIC_TRANSACTIONS,NUMBER,No,No
SF_MSTR_KPI_DASHBOARD_MONTHLY_2021,TRAFFIC_TRANSACTIONS_PLAN,NUMBER,No,No
SF_MSTR_KPI_DASHBOARD_MONTHLY_2021,NEW_SUBSCRIPTION_UNITS,NUMBER,No,No
SF_MSTR_KPI_DASHBOARD_MONTHLY_2021,ES_NETAMOUNT,NUMBER,No,No
SF_MSTR_KPI_DASHBOARD_MONTHLY_2021,ES_PLANNETAMOUNT,NUMBER,No,No
SF_MSTR_KPI_DASHBOARD_MONTHLY_2021,HA_SIGNUPS,NUMBER,No,No
SF_MSTR_KPI_DASHBOARD_MONTHLY_2021,AD_SIGNUPS,NUMBER,No,No
SF_MSTR_KPI_DASHBOARD_MONTHLY_2021,PLAN_HA_SIGNUPS,NUMBER,No,No
SF_MSTR_KPI_DASHBOARD_MONTHLY_2021,TOT_HRS,FLOAT,No,No
SF_MSTR_KPI_DASHBOARD_MONTHLY_2021,PLAN_TOT_HRS,FLOAT,No,No
SF_MSTR_KPI_DASHBOARD_MONTHLY_2021,TOTAL_CUSTOMERS,NUMBER,No,No
SF_MSTR_KPI_DASHBOARD_MONTHLY_2021,EMAILABLE_CUSTOMERS,NUMBER,No,No
SF_MSTR_KPI_DASHBOARD_MONTHLY_2021,EMAIL_CAPTURE_RATE,FLOAT,No,No
SF_MSTR_KPI_DASHBOARD_MONTHLY_2021,PLAN_EMAIL_CAPTURE_RATE,FLOAT,No,No
SF_MSTR_KPI_DASHBOARD_MONTHLY_2021,PLAN_AD_SIGNUPS,NUMBER,No,No
SF_MSTR_KPI_DASHBOARD_MONTHLY_2021,CONV_PLAN,NUMBER,No,No
SF_MSTR_KPI_DASHBOARD_MONTHLY_2022,FISCAL_YEAR,NUMBER,No,No
SF_MSTR_KPI_DASHBOARD_MONTHLY_2022,FISCAL_MONTH,TEXT,No,No
SF_MSTR_KPI_DASHBOARD_MONTHLY_2022,TRANSACTION_DATE,DATE,No,No
SF_MSTR_KPI_DASHBOARD_MONTHLY_2022,STORE_NO,NUMBER,No,No
SF_MSTR_KPI_DASHBOARD_MONTHLY_2022,COMPSTATUS,NUMBER,No,No
SF_MSTR_KPI_DASHBOARD_MONTHLY_2022,NETAMOUNT,NUMBER,No,No
SF_MSTR_KPI_DASHBOARD_MONTHLY_2022,PLAN_NETAMOUNT,NUMBER,No,No
SF_MSTR_KPI_DASHBOARD_MONTHLY_2022,VS_NETAMOUNT,NUMBER,No,No
SF_MSTR_KPI_DASHBOARD_MONTHLY_2022,VS_PLANNETAMOUNT,NUMBER,No,No
SF_MSTR_KPI_DASHBOARD_MONTHLY_2022,UNITS,NUMBER,No,No
SF_MSTR_KPI_DASHBOARD_MONTHLY_2022,PLAN_UNITS,NUMBER,No,No
SF_MSTR_KPI_DASHBOARD_MONTHLY_2022,TRANSACTIONS,NUMBER,No,No
SF_MSTR_KPI_DASHBOARD_MONTHLY_2022,PLAN_TRANSACTIONS,NUMBER,No,No
SF_MSTR_KPI_DASHBOARD_MONTHLY_2022,BOPUS_NETAMOUNT,NUMBER,No,No
SF_MSTR_KPI_DASHBOARD_MONTHLY_2022,BOPUS_PLANNETAMOUNT,NUMBER,No,No
SF_MSTR_KPI_DASHBOARD_MONTHLY_2022,BOSS_NETAMOUNT,NUMBER,No,No
SF_MSTR_KPI_DASHBOARD_MONTHLY_2022,BOSS_PLANNETAMOUNT,NUMBER,No,No
SF_MSTR_KPI_DASHBOARD_MONTHLY_2022,VS_BOSS_NETAMOUNT,NUMBER,No,No
SF_MSTR_KPI_DASHBOARD_MONTHLY_2022,VS_BOSS_PLANNETAMOUNT,NUMBER,No,No
SF_MSTR_KPI_DASHBOARD_MONTHLY_2022,ADP_NETAMOUNT,NUMBER,No,No
SF_MSTR_KPI_DASHBOARD_MONTHLY_2022,ADP_PLANNETAMOUNT,NUMBER,No,No
SF_MSTR_KPI_DASHBOARD_MONTHLY_2022,ADP_VSNETAMOUNT,NUMBER,No,No
SF_MSTR_KPI_DASHBOARD_MONTHLY_2022,VS_ADPPLANNETAMOUNT,NUMBER,No,No
SF_MSTR_KPI_DASHBOARD_MONTHLY_2022,EXISTING_CUSTOMERS_SALES,NUMBER,No,No
SF_MSTR_KPI_DASHBOARD_MONTHLY_2022,EXISTING_CUSTOMERS_PLAN_SALES,NUMBER,No,No
SF_MSTR_KPI_DASHBOARD_MONTHLY_2022,NEW_CUSTOMERS_SALES,NUMBER,No,No
SF_MSTR_KPI_DASHBOARD_MONTHLY_2022,NEW_CUSTOMERS__PLAN_SALES,NUMBER,No,No
SF_MSTR_KPI_DASHBOARD_MONTHLY_2022,CUSTOMER_TRAFFIC,NUMBER,No,No
SF_MSTR_KPI_DASHBOARD_MONTHLY_2022,CUSTOMER_TRAFFIC_COMP,NUMBER,No,No
SF_MSTR_KPI_DASHBOARD_MONTHLY_2022,CUSTOMER_TRAFFIC_PLAN,NUMBER,No,No
SF_MSTR_KPI_DASHBOARD_MONTHLY_2022,TRAFFIC_NETAMOUNT,NUMBER,No,No
SF_MSTR_KPI_DASHBOARD_MONTHLY_2022,TRAFFIC_PLAN_NETAMOUNT,NUMBER,No,No
SF_MSTR_KPI_DASHBOARD_MONTHLY_2022,TRAFFIC_TRANSACTIONS,NUMBER,No,No
SF_MSTR_KPI_DASHBOARD_MONTHLY_2022,TRAFFIC_TRANSACTIONS_PLAN,NUMBER,No,No
SF_MSTR_KPI_DASHBOARD_MONTHLY_2022,NEW_SUBSCRIPTION_UNITS,NUMBER,No,No
SF_MSTR_KPI_DASHBOARD_MONTHLY_2022,ES_NETAMOUNT,NUMBER,No,No
SF_MSTR_KPI_DASHBOARD_MONTHLY_2022,ES_PLANNETAMOUNT,NUMBER,No,No
SF_MSTR_KPI_DASHBOARD_MONTHLY_2022,HA_SIGNUPS,NUMBER,No,No
SF_MSTR_KPI_DASHBOARD_MONTHLY_2022,AD_SIGNUPS,NUMBER,No,No
SF_MSTR_KPI_DASHBOARD_MONTHLY_2022,PLAN_HA_SIGNUPS,NUMBER,No,No
SF_MSTR_KPI_DASHBOARD_MONTHLY_2022,TOT_HRS,FLOAT,No,No
SF_MSTR_KPI_DASHBOARD_MONTHLY_2022,PLAN_TOT_HRS,FLOAT,No,No
SF_MSTR_KPI_DASHBOARD_MONTHLY_2022,TOTAL_CUSTOMERS,NUMBER,No,No
SF_MSTR_KPI_DASHBOARD_MONTHLY_2022,EMAILABLE_CUSTOMERS,NUMBER,No,No
SF_MSTR_KPI_DASHBOARD_MONTHLY_2022,EMAIL_CAPTURE_RATE,FLOAT,No,No
SF_MSTR_KPI_DASHBOARD_MONTHLY_2022,PLAN_EMAIL_CAPTURE_RATE,FLOAT,No,No
SF_MSTR_KPI_DASHBOARD_MONTHLY_2022,PLAN_AD_SIGNUPS,NUMBER,No,No
SF_MSTR_KPI_DASHBOARD_MONTHLY_2022,CONV_PLAN,NUMBER,No,No
SF_MSTR_KPI_DASHBOARD_MONTHLY_2022,ADP_BOSS_NETAMOUNT,NUMBER,No,No
SF_MSTR_KPI_DASHBOARD_MONTHLY_2022,ADP_BOSS_PLANNETAMOUNT,NUMBER,No,No
SF_MSTR_KPI_DASHBOARD_WEEKLY,FISCAL_YEAR,NUMBER,No,No
SF_MSTR_KPI_DASHBOARD_WEEKLY,FISCAL_WEEK,NUMBER,No,No
SF_MSTR_KPI_DASHBOARD_WEEKLY,TRANSACTION_DATE,DATE,No,No
SF_MSTR_KPI_DASHBOARD_WEEKLY,STORE_NO,NUMBER,No,No
SF_MSTR_KPI_DASHBOARD_WEEKLY,COMPSTATUS,NUMBER,No,No
SF_MSTR_KPI_DASHBOARD_WEEKLY,NETAMOUNT,NUMBER,No,No
SF_MSTR_KPI_DASHBOARD_WEEKLY,PLAN_NETAMOUNT,NUMBER,No,No
SF_MSTR_KPI_DASHBOARD_WEEKLY,VS_NETAMOUNT,NUMBER,No,No
SF_MSTR_KPI_DASHBOARD_WEEKLY,VS_PLANNETAMOUNT,NUMBER,No,No
SF_MSTR_KPI_DASHBOARD_WEEKLY,UNITS,NUMBER,No,No
SF_MSTR_KPI_DASHBOARD_WEEKLY,PLAN_UNITS,NUMBER,No,No
SF_MSTR_KPI_DASHBOARD_WEEKLY,TRANSACTIONS,NUMBER,No,No
SF_MSTR_KPI_DASHBOARD_WEEKLY,PLAN_TRANSACTIONS,NUMBER,No,No
SF_MSTR_KPI_DASHBOARD_WEEKLY,BOPUS_NETAMOUNT,NUMBER,No,No
SF_MSTR_KPI_DASHBOARD_WEEKLY,BOPUS_PLANNETAMOUNT,NUMBER,No,No
SF_MSTR_KPI_DASHBOARD_WEEKLY,BOSS_NETAMOUNT,NUMBER,No,No
SF_MSTR_KPI_DASHBOARD_WEEKLY,BOSS_PLANNETAMOUNT,NUMBER,No,No
SF_MSTR_KPI_DASHBOARD_WEEKLY,VS_BOSS_NETAMOUNT,NUMBER,No,No
SF_MSTR_KPI_DASHBOARD_WEEKLY,VS_BOSS_PLANNETAMOUNT,NUMBER,No,No
SF_MSTR_KPI_DASHBOARD_WEEKLY,ADP_BOSS_NETAMOUNT,NUMBER,No,No
SF_MSTR_KPI_DASHBOARD_WEEKLY,ADP_BOSS_PLANNETAMOUNT,NUMBER,No,No
SF_MSTR_KPI_DASHBOARD_WEEKLY,ADP_NETAMOUNT,NUMBER,No,No
SF_MSTR_KPI_DASHBOARD_WEEKLY,ADP_PLANNETAMOUNT,NUMBER,No,No
SF_MSTR_KPI_DASHBOARD_WEEKLY,ADP_VSNETAMOUNT,NUMBER,No,No
SF_MSTR_KPI_DASHBOARD_WEEKLY,VS_ADPPLANNETAMOUNT,NUMBER,No,No
SF_MSTR_KPI_DASHBOARD_WEEKLY,EXISTING_CUSTOMERS_SALES,NUMBER,No,No
SF_MSTR_KPI_DASHBOARD_WEEKLY,EXISTING_CUSTOMERS_PLAN_SALES,NUMBER,No,No
SF_MSTR_KPI_DASHBOARD_WEEKLY,NEW_CUSTOMERS_SALES,NUMBER,No,No
SF_MSTR_KPI_DASHBOARD_WEEKLY,NEW_CUSTOMERS__PLAN_SALES,NUMBER,No,No
SF_MSTR_KPI_DASHBOARD_WEEKLY,CUSTOMER_TRAFFIC,NUMBER,No,No
SF_MSTR_KPI_DASHBOARD_WEEKLY,CUSTOMER_TRAFFIC_COMP,NUMBER,No,No
SF_MSTR_KPI_DASHBOARD_WEEKLY,CUSTOMER_TRAFFIC_PLAN,NUMBER,No,No
SF_MSTR_KPI_DASHBOARD_WEEKLY,TRAFFIC_NETAMOUNT,NUMBER,No,No
SF_MSTR_KPI_DASHBOARD_WEEKLY,TRAFFIC_PLAN_NETAMOUNT,NUMBER,No,No
SF_MSTR_KPI_DASHBOARD_WEEKLY,TRAFFIC_TRANSACTIONS,NUMBER,No,No
SF_MSTR_KPI_DASHBOARD_WEEKLY,TRAFFIC_TRANSACTIONS_PLAN,NUMBER,No,No
SF_MSTR_KPI_DASHBOARD_WEEKLY,NEW_SUBSCRIPTION_UNITS,NUMBER,No,No
SF_MSTR_KPI_DASHBOARD_WEEKLY,ES_NETAMOUNT,NUMBER,No,No
SF_MSTR_KPI_DASHBOARD_WEEKLY,ES_PLANNETAMOUNT,NUMBER,No,No
SF_MSTR_KPI_DASHBOARD_WEEKLY,HA_SIGNUPS,NUMBER,No,No
SF_MSTR_KPI_DASHBOARD_WEEKLY,AD_SIGNUPS,NUMBER,No,No
SF_MSTR_KPI_DASHBOARD_WEEKLY,PLAN_HA_SIGNUPS,NUMBER,No,No
SF_MSTR_KPI_DASHBOARD_WEEKLY,TOT_HRS,FLOAT,No,No
SF_MSTR_KPI_DASHBOARD_WEEKLY,PLAN_TOT_HRS,FLOAT,No,No
SF_MSTR_KPI_DASHBOARD_WEEKLY,TOTAL_CUSTOMERS,NUMBER,No,No
SF_MSTR_KPI_DASHBOARD_WEEKLY,EMAILABLE_CUSTOMERS,NUMBER,No,No
SF_MSTR_KPI_DASHBOARD_WEEKLY,EMAIL_CAPTURE_RATE,FLOAT,No,No
SF_MSTR_KPI_DASHBOARD_WEEKLY,PLAN_EMAIL_CAPTURE_RATE,FLOAT,No,No
SF_MSTR_KPI_DASHBOARD_WEEKLY,PLAN_AD_SIGNUPS,NUMBER,No,No
SF_MSTR_KPI_DASHBOARD_WEEKLY,CONV_PLAN,NUMBER,No,No
SF_MSTR_LW_LU,CALENDAR_DATE,DATE,No,No
SF_MSTR_LW_LU,LW_DAY_ID,DATE,No,No
SF_MSTR_LW_LU_2023,CALENDAR_DATE,DATE,No,No
SF_MSTR_LW_LU_2023,LW_DAY_ID,DATE,No,No
SF_MSTR_MERCHANDISING_DASHBOARD,WEEKEND,DATE,No,No
SF_MSTR_MERCHANDISING_DASHBOARD,CHANNEL,TEXT,No,No
SF_MSTR_MERCHANDISING_DASHBOARD,STORE_NO,NUMBER,No,No
SF_MSTR_MERCHANDISING_DASHBOARD,CATEGORY,TEXT,No,No
SF_MSTR_MERCHANDISING_DASHBOARD,BRAND,TEXT,No,No
SF_MSTR_MERCHANDISING_DASHBOARD,DIVISION_NO,NUMBER,No,No
SF_MSTR_MERCHANDISING_DASHBOARD,DIVISION_NAME,TEXT,No,No
SF_MSTR_MERCHANDISING_DASHBOARD,TOTAL_SALES,NUMBER,No,No
SF_MSTR_MERCHANDISING_DASHBOARD,TOTAL_UNITS,NUMBER,No,No
SF_MSTR_MERCHANDISING_DASHBOARD,TY_SALES_COMP,NUMBER,No,No
SF_MSTR_MERCHANDISING_DASHBOARD,LY_SALES_COMP,NUMBER,No,No
SF_MSTR_MERCHANDISING_DASHBOARD,TY_UNITS_COMP,NUMBER,No,No
SF_MSTR_MERCHANDISING_DASHBOARD,LY_UNITS_COMP,NUMBER,No,No
SF_MSTR_MERCHANDISING_DASHBOARD,COGS,NUMBER,No,No
SF_MSTR_MERCHANDISING_DASHBOARD,SCAN_DOLLARS,NUMBER,No,No
SF_MSTR_MERCHANDISING_DASHBOARD,REG_SALES,NUMBER,No,No
SF_MSTR_MERCHANDISING_DASHBOARD,NET_AMOUNT,NUMBER,No,No
SF_MSTR_MERCHANDISING_DASHBOARD,REGULAR_AMOUNT,NUMBER,No,No
SF_MSTR_MERCHANDISING_DASHBOARD,DISCOUNT_AMOUNT,NUMBER,No,No
SF_MSTR_MERCHANDISING_DASHBOARD,PROMO_AMOUNT,NUMBER,No,No
SF_MSTR_MERCHANDISING_DASHBOARD,CLEARANCE_AMOUNT,NUMBER,No,No
SF_MSTR_MERCHANDISING_DASHBOARD,AVG_EIGHT_WEEK_SALES,NUMBER,No,No
SF_MSTR_MERCHANDISING_DASHBOARD,AVG_EIGHT_WEEK_UNITS,NUMBER,No,No
SF_MSTR_MERCHANDISING_DASHBOARD_DETAIL,WEEKEND,DATE,No,No
SF_MSTR_MERCHANDISING_DASHBOARD_DETAIL,CHANNEL,TEXT,No,No
SF_MSTR_MERCHANDISING_DASHBOARD_DETAIL,STORE_NO,NUMBER,No,No
SF_MSTR_MERCHANDISING_DASHBOARD_DETAIL,CATEGORY,TEXT,No,No
SF_MSTR_MERCHANDISING_DASHBOARD_DETAIL,BRAND,TEXT,No,No
SF_MSTR_MERCHANDISING_DASHBOARD_DETAIL,DIVISION_NAME,TEXT,No,No
SF_MSTR_MERCHANDISING_DASHBOARD_DETAIL,DIVISION_NO,NUMBER,No,No
SF_MSTR_MERCHANDISING_DASHBOARD_DETAIL,SKU_NO,NUMBER,No,No
SF_MSTR_MERCHANDISING_DASHBOARD_DETAIL,TOTAL_SALES,NUMBER,No,No
SF_MSTR_MERCHANDISING_DASHBOARD_DETAIL,TOTAL_UNITS,NUMBER,No,No
SF_MSTR_MERCHANDISING_DASHBOARD_DETAIL,TY_SALES_COMP,NUMBER,No,No
SF_MSTR_MERCHANDISING_DASHBOARD_DETAIL,LY_SALES_COMP,NUMBER,No,No
SF_MSTR_MERCHANDISING_DASHBOARD_DETAIL,TY_UNITS_COMP,NUMBER,No,No
SF_MSTR_MERCHANDISING_DASHBOARD_DETAIL,LY_UNITS_COMP,NUMBER,No,No
SF_MSTR_MERCHANDISING_DASHBOARD_DETAIL,COGS,NUMBER,No,No
SF_MSTR_MERCHANDISING_DASHBOARD_DETAIL,SCAN_DOLLARS,NUMBER,No,No
SF_MSTR_MERCHANDISING_DASHBOARD_DETAIL,REG_SALES,NUMBER,No,No
SF_MSTR_MERCHANDISING_DASHBOARD_DETAIL,CURRENT_ITEM_COST,NUMBER,No,No
SF_MSTR_MERCHANDISING_DASHBOARD_DETAIL,NET_AMOUNT,NUMBER,No,No
SF_MSTR_MERCHANDISING_DASHBOARD_DETAIL,REGULAR_AMOUNT,NUMBER,No,No
SF_MSTR_MERCHANDISING_DASHBOARD_DETAIL,DISCOUNT_AMOUNT,NUMBER,No,No
SF_MSTR_MERCHANDISING_DASHBOARD_DETAIL,PROMO_AMOUNT,NUMBER,No,No
SF_MSTR_MERCHANDISING_DASHBOARD_DETAIL,CLEARANCE_AMOUNT,NUMBER,No,No
SF_MSTR_MERCHANDISING_DASHBOARD_DETAIL,AVG_EIGHT_WEEK_SALES,NUMBER,No,No
SF_MSTR_MERCHANDISING_DASHBOARD_DETAIL,AVG_EIGHT_WEEK_UNITS,NUMBER,No,No
SF_MSTR_MERCHANDISING_DASHBOARD_DETAIL,ITEM_STATUS_CODE,TEXT,No,No
SF_MSTR_MERCHANDISING_DASHBOARD_DETAIL,ITEM_ASSORTMENT_CODE,TEXT,No,No
SF_MSTR_MERCHANDISING_DASHBOARD_DETAIL_BACKUP,WEEKEND,DATE,No,No
SF_MSTR_MERCHANDISING_DASHBOARD_DETAIL_BACKUP,CHANNEL,TEXT,No,No
SF_MSTR_MERCHANDISING_DASHBOARD_DETAIL_BACKUP,STORE_NO,NUMBER,No,No
SF_MSTR_MERCHANDISING_DASHBOARD_DETAIL_BACKUP,CATEGORY,TEXT,No,No
SF_MSTR_MERCHANDISING_DASHBOARD_DETAIL_BACKUP,BRAND,TEXT,No,No
SF_MSTR_MERCHANDISING_DASHBOARD_DETAIL_BACKUP,DIVISION_NAME,TEXT,No,No
SF_MSTR_MERCHANDISING_DASHBOARD_DETAIL_BACKUP,DIVISION_NO,NUMBER,No,No
SF_MSTR_MERCHANDISING_DASHBOARD_DETAIL_BACKUP,SKU_NO,NUMBER,No,No
SF_MSTR_MERCHANDISING_DASHBOARD_DETAIL_BACKUP,TOTAL_SALES,NUMBER,No,No
SF_MSTR_MERCHANDISING_DASHBOARD_DETAIL_BACKUP,TOTAL_UNITS,NUMBER,No,No
SF_MSTR_MERCHANDISING_DASHBOARD_DETAIL_BACKUP,TY_SALES_COMP,NUMBER,No,No
SF_MSTR_MERCHANDISING_DASHBOARD_DETAIL_BACKUP,LY_SALES_COMP,NUMBER,No,No
SF_MSTR_MERCHANDISING_DASHBOARD_DETAIL_BACKUP,TY_UNITS_COMP,NUMBER,No,No
SF_MSTR_MERCHANDISING_DASHBOARD_DETAIL_BACKUP,LY_UNITS_COMP,NUMBER,No,No
SF_MSTR_MERCHANDISING_DASHBOARD_DETAIL_BACKUP,COGS,NUMBER,No,No
SF_MSTR_MERCHANDISING_DASHBOARD_DETAIL_BACKUP,SCAN_DOLLARS,NUMBER,No,No
SF_MSTR_MERCHANDISING_DASHBOARD_DETAIL_BACKUP,REG_SALES,NUMBER,No,No
SF_MSTR_MERCHANDISING_DASHBOARD_DETAIL_BACKUP,CURRENT_ITEM_COST,NUMBER,No,No
SF_MSTR_MERCHANDISING_DASHBOARD_DETAIL_BACKUP,NET_AMOUNT,NUMBER,No,No
SF_MSTR_MERCHANDISING_DASHBOARD_DETAIL_BACKUP,REGULAR_AMOUNT,NUMBER,No,No
SF_MSTR_MERCHANDISING_DASHBOARD_DETAIL_BACKUP,DISCOUNT_AMOUNT,NUMBER,No,No
SF_MSTR_MERCHANDISING_DASHBOARD_DETAIL_BACKUP,PROMO_AMOUNT,NUMBER,No,No
SF_MSTR_MERCHANDISING_DASHBOARD_DETAIL_BACKUP,CLEARANCE_AMOUNT,NUMBER,No,No
SF_MSTR_MERCHANDISING_DASHBOARD_DETAIL_BACKUP,AVG_EIGHT_WEEK_SALES,NUMBER,No,No
SF_MSTR_MERCHANDISING_DASHBOARD_DETAIL_BACKUP,AVG_EIGHT_WEEK_UNITS,NUMBER,No,No
SF_MSTR_MERCHANDISING_DASHBOARD_DETAIL_BACKUP,ITEM_STATUS_CODE,TEXT,No,No
SF_MSTR_MERCHANDISING_DASHBOARD_DETAIL_BACKUP,ITEM_ASSORTMENT_CODE,TEXT,No,No
SF_MSTR_MERCHANDISING_DASHBOARD_ITEMS,WEEK_ENDING,DATE,No,No
SF_MSTR_MERCHANDISING_DASHBOARD_ITEMS,SKU,NUMBER,No,No
SF_MSTR_MERCHANDISING_DASHBOARD_ITEMS,FIFTY_TWO_WEEKS_COGS,NUMBER,No,No
SF_MSTR_MERCHANDISING_DASHBOARD_ITEMS,FIFTY_TWO_WEEKS_AVG_INVENTORY,NUMBER,No,No
SF_MSTR_MERCHANDISING_DASHBOARD_ITEMS,NW_LW_SALES_UNITS,NUMBER,No,No
SF_MSTR_MERCHANDISING_DASHBOARD_ITEMS,NW_EOP_LWSALES_UNITS,NUMBER,No,No
SF_MSTR_MERCHANDISING_DASHBOARD_ITEMS,CURRENT_INV_UNITS,NUMBER,No,No
SF_MSTR_MERCHANDISING_DASHBOARD_ITEMS,AVG_LAST_EIGHT_WEEKS_UNITS_SOLD,NUMBER,No,No
SF_MSTR_MERCHANDISING_DASHBOARD_ITEMS,YTD_RECEIPT_DOLLARS,NUMBER,No,No
SF_MSTR_MERCHANDISING_DASHBOARD_ITEMS,YTD_RECEIPT_UNITS,NUMBER,No,No
SF_MSTR_MERCHANDISING_DASHBOARD_PLAN,WEEKEND,DATE,No,No
SF_MSTR_MERCHANDISING_DASHBOARD_PLAN,CHANNEL,TEXT,No,No
SF_MSTR_MERCHANDISING_DASHBOARD_PLAN,CATEGORY,TEXT,No,No
SF_MSTR_MERCHANDISING_DASHBOARD_PLAN,DIVISION_NO,NUMBER,No,No
SF_MSTR_MERCHANDISING_DASHBOARD_PLAN,DEPARTMENT,TEXT,No,No
SF_MSTR_MERCHANDISING_DASHBOARD_PLAN,DEPARTMENT_ID,NUMBER,No,No
SF_MSTR_MERCHANDISING_DASHBOARD_PLAN,SUB_DEPARTMENT,TEXT,No,No
SF_MSTR_MERCHANDISING_DASHBOARD_PLAN,SUB_DEPARTMENT_ID,NUMBER,No,No
SF_MSTR_MERCHANDISING_DASHBOARD_PLAN,PLAN_NET_SALES,NUMBER,No,No
SF_MSTR_MERCHANDISING_DASHBOARD_PLAN,PLAN_SCANS,NUMBER,No,No
SF_MSTR_MERCHANDISING_DASHBOARD_PLAN,PLAN_UNITS,TEXT,No,No
SF_MSTR_MERCHANDISING_DASHBOARD_PLAN,PLAN_COST,TEXT,No,No
SF_MSTR_MERCHANDISING_DASHBOARD_STORE_INVENTORY,WEEK_END,DATE,No,No
SF_MSTR_MERCHANDISING_DASHBOARD_STORE_INVENTORY,STORE,NUMBER,No,No
SF_MSTR_MERCHANDISING_DASHBOARD_STORE_INVENTORY,SKU,NUMBER,No,No
SF_MSTR_MERCHANDISING_DASHBOARD_STORE_INVENTORY,INVENTORY,NUMBER,No,No
SF_MSTR_MERCHANDISING_DASHBOARD_STORE_INVENTORY,INSTOCK_COUNT,NUMBER,No,No
SF_MSTR_MERCHANDISING_DASHBOARD_STORE_INVENTORY,SKU_COUNT,NUMBER,No,No
SF_MSTR_MERCHANDISING_DASHBOARD_STORE_INVENTORY,OH_COST,NUMBER,No,No
SF_MSTR_MERCHANDISING_DASHBOARD_STORE_INVENTORY,OH_UNITS,NUMBER,No,No
SF_MSTR_MERCHANDISING_DASHBOARD_STORE_INVENTORY,LW_SALES_UNITS,NUMBER,No,No
SF_MSTR_MERCHANDISING_DASHBOARD_STORE_INVENTORY,EOP_LWSALES_UNITS,NUMBER,No,No
SF_MSTR_MERCHANDISING_DASHBOARD_STORE_INVENTORY,CURRENT_INVENTORY_UNITS,NUMBER,No,No
SF_MSTR_MERCHANDISING_DASHBOARD_STORE_INVENTORY,AVG_LAST_EIGHTWEEKS_UNITS_SOLD,NUMBER,No,No
SF_MSTR_MERCHANDISING_DASHBOARD_STORE_INVENTORY,ON_ORDER_DOLLARS,NUMBER,No,No
SF_MSTR_MERCHANDISING_DASHBOARD_STORE_INVENTORY,ON_ORDER_UNITS,NUMBER,No,No
SF_MSTR_MERCH_DATE,DATE,DATE,No,No
SF_MSTR_MERCH_DATE,WEEK_NO,NUMBER,No,No
SF_MSTR_MERCH_PSKU_STORE_WEEK_INV_V,WEEK_END,DATE,No,No
SF_MSTR_MERCH_PSKU_STORE_WEEK_INV_V,STORE,NUMBER,No,No
SF_MSTR_MERCH_PSKU_STORE_WEEK_INV_V,PSKUID,TEXT,No,No
SF_MSTR_MERCH_PSKU_STORE_WEEK_INV_V,OH_UNITS,NUMBER,No,No
SF_MSTR_MERCH_PSKU_STORE_WEEK_INV_V,ON_ORDER_UNITS,NUMBER,No,No
SF_MSTR_MERCH_PSKU_STORE_WEEK_INV_V,INSTOCK_COUNT,NUMBER,No,No
SF_MSTR_MERCH_PSKU_STORE_WEEK_INV_V,SKU_COUNT,NUMBER,No,No
SF_MSTR_MERCH_PSKU_STORE_WEEK_INV_V,OH_COST,NUMBER,No,No
SF_MSTR_MERCH_PSKU_STORE_WEEK_INV_V,ON_ORDER_DOLLARS,NUMBER,No,No
SF_MSTR_MERCH_PSKU_STORE_WEEK_INV_V,ON_ORDER_UNITS1,NUMBER,No,No
SF_MSTR_MERCH_PSKU_STORE_WEEK_V,WEEKEND,DATE,No,No
SF_MSTR_MERCH_PSKU_STORE_WEEK_V,STORE_NO,NUMBER,No,No
SF_MSTR_MERCH_PSKU_STORE_WEEK_V,PSKUID,TEXT,No,No
SF_MSTR_MERCH_PSKU_STORE_WEEK_V,TOTAL_UNITS,NUMBER,No,No
SF_MSTR_MERCH_PSKU_STORE_WEEK_V,TY_UNITS_COMP,NUMBER,No,No
SF_MSTR_MERCH_PSKU_STORE_WEEK_V,TOTAL_SALES,NUMBER,No,No
SF_MSTR_MERCH_PSKU_STORE_WEEK_V,TY_SALES_COMP,NUMBER,No,No
SF_MSTR_MERCH_PSKU_STORE_WEEK_V,COGS,NUMBER,No,No
SF_MSTR_MERCH_PSKU_STORE_WEEK_V,SCAN_DOLLARS,NUMBER,No,No
SF_MSTR_MERCH_PSKU_STORE_WEEK_V,REG_SALES,NUMBER,No,No
SF_MSTR_MERCH_PSKU_STORE_WEEK_V,CURRENT_ITEM_COST,NUMBER,No,No
SF_MSTR_MERCH_PSKU_STORE_WEEK_V,NET_AMOUNT,NUMBER,No,No
SF_MSTR_MERCH_PSKU_STORE_WEEK_V,REGULAR_AMOUNT,NUMBER,No,No
SF_MSTR_MERCH_PSKU_STORE_WEEK_V,DISCOUNT_AMOUNT,NUMBER,No,No
SF_MSTR_MERCH_PSKU_STORE_WEEK_V,PROMO_AMOUNT,NUMBER,No,No
SF_MSTR_MERCH_PSKU_STORE_WEEK_V,CLEARANCE_AMOUNT,NUMBER,No,No
SF_MSTR_MTD_LU,CALENDAR_DATE,DATE,No,No
SF_MSTR_MTD_LU,MTD_DAY_ID,DATE,No,No
SF_MSTR_MTD_LU_2023,CALENDAR_DATE,DATE,No,No
SF_MSTR_MTD_LU_2023,MTD_DAY_ID,DATE,No,No
SF_MSTR_NEW_FINANCIAL_REPORTING,TRANSACTION_DATE,DATE,No,No
SF_MSTR_NEW_FINANCIAL_REPORTING,STORE_NO,NUMBER,No,No
SF_MSTR_NEW_FINANCIAL_REPORTING,CHANNEL,TEXT,No,No
SF_MSTR_NEW_FINANCIAL_REPORTING,SALES,NUMBER,No,No
SF_MSTR_NEW_FINANCIAL_REPORTING,SALES_PB,NUMBER,No,No
SF_MSTR_NEW_FINANCIAL_REPORTING,TRANSACTIONS,NUMBER,No,No
SF_MSTR_NEW_FINANCIAL_REPORTING,UNITS,NUMBER,No,No
SF_MSTR_NEW_FINANCIAL_REPORTING,UNITS_PB,NUMBER,No,No
SF_MSTR_NEW_FINANCIAL_REPORTING,SALES_BOPUS,NUMBER,No,No
SF_MSTR_NEW_FINANCIAL_REPORTING,SALES_BOSS,NUMBER,No,No
SF_MSTR_NEW_FINANCIAL_REPORTING,TRAFFIC,NUMBER,No,No
SF_MSTR_NEW_FINANCIAL_REPORTING,TRAFFIC_TRANS,NUMBER,No,No
SF_MSTR_NEW_FINANCIAL_REPORTING,COST,NUMBER,No,No
SF_MSTR_NEW_FINANCIAL_REPORTING,SALES_PLAN,NUMBER,No,No
SF_MSTR_NEW_FINANCIAL_REPORTING,SALES_PB_PLAN,NUMBER,No,No
SF_MSTR_NEW_FINANCIAL_REPORTING,TRANS_PLAN,NUMBER,No,No
SF_MSTR_NEW_FINANCIAL_REPORTING,UNITS_PLAN,NUMBER,No,No
SF_MSTR_NEW_FINANCIAL_REPORTING,UNITS_PB_PLAN,NUMBER,No,No
SF_MSTR_NEW_FINANCIAL_REPORTING,BOPUS_PLAN,NUMBER,No,No
SF_MSTR_NEW_FINANCIAL_REPORTING,BOSS_PLAN,NUMBER,No,No
SF_MSTR_NEW_FINANCIAL_REPORTING,TRAFFIC_PLAN,NUMBER,No,No
SF_MSTR_NEW_FINANCIAL_REPORTING,TRAFFIC_TRANS_PLAN,NUMBER,No,No
SF_MSTR_NEW_FINANCIAL_REPORTING,SALES_FCST,NUMBER,No,No
SF_MSTR_NEW_FINANCIAL_REPORTING,PB_FCST,NUMBER,No,No
SF_MSTR_NEW_FINANCIAL_REPORTING,UNITS_FCST,NUMBER,No,No
SF_MSTR_NEW_FINANCIAL_REPORTING,UNITS_PB_FCST,NUMBER,No,No
SF_MSTR_NEW_FINANCIAL_REPORTING,TRANS_FCST,NUMBER,No,No
SF_MSTR_NEW_FINANCIAL_REPORTING,BOPUS_FCST,NUMBER,No,No
SF_MSTR_NEW_FINANCIAL_REPORTING,BOSS_FCST,NUMBER,No,No
SF_MSTR_NEW_FINANCIAL_REPORTING,TRAFFIC_FCST,NUMBER,No,No
SF_MSTR_NEW_FINANCIAL_REPORTING,TRAFFIC_TRANS_FCST,NUMBER,No,No
SF_MSTR_NEW_FINANCIAL_REPORTING,SALES_COMP,NUMBER,No,No
SF_MSTR_NEW_FINANCIAL_REPORTING,LY_SALES_COMP,NUMBER,No,No
SF_MSTR_NEW_FINANCIAL_REPORTING,TYTY_SALES_COMP,NUMBER,No,No
SF_MSTR_NEW_FINANCIAL_REPORTING,LYLY_SALES_COMP,NUMBER,No,No
SF_MSTR_NEW_FINANCIAL_REPORTING,TYTY_SALES_COMP_ALLSTORES,NUMBER,No,No
SF_MSTR_NEW_FINANCIAL_REPORTING,LYLY_SALES_COMP_ALLSTORES,NUMBER,No,No
SF_MSTR_NEW_FINANCIAL_REPORTING,SALES_PLAN_COMP,NUMBER,No,No
SF_MSTR_NEW_FINANCIAL_REPORTING_05252022,TRANSACTION_DATE,DATE,No,No
SF_MSTR_NEW_FINANCIAL_REPORTING_05252022,STORE_NO,NUMBER,No,No
SF_MSTR_NEW_FINANCIAL_REPORTING_05252022,CHANNEL,TEXT,No,No
SF_MSTR_NEW_FINANCIAL_REPORTING_05252022,SALES,NUMBER,No,No
SF_MSTR_NEW_FINANCIAL_REPORTING_05252022,SALES_PB,NUMBER,No,No
SF_MSTR_NEW_FINANCIAL_REPORTING_05252022,TRANSACTIONS,NUMBER,No,No
SF_MSTR_NEW_FINANCIAL_REPORTING_05252022,UNITS,NUMBER,No,No
SF_MSTR_NEW_FINANCIAL_REPORTING_05252022,UNITS_PB,NUMBER,No,No
SF_MSTR_NEW_FINANCIAL_REPORTING_05252022,SALES_BOPUS,NUMBER,No,No
SF_MSTR_NEW_FINANCIAL_REPORTING_05252022,SALES_BOSS,NUMBER,No,No
SF_MSTR_NEW_FINANCIAL_REPORTING_05252022,TRAFFIC,NUMBER,No,No
SF_MSTR_NEW_FINANCIAL_REPORTING_05252022,TRAFFIC_TRANS,NUMBER,No,No
SF_MSTR_NEW_FINANCIAL_REPORTING_05252022,COST,NUMBER,No,No
SF_MSTR_NEW_FINANCIAL_REPORTING_05252022,SALES_PLAN,NUMBER,No,No
SF_MSTR_NEW_FINANCIAL_REPORTING_05252022,SALES_PB_PLAN,NUMBER,No,No
SF_MSTR_NEW_FINANCIAL_REPORTING_05252022,TRANS_PLAN,NUMBER,No,No
SF_MSTR_NEW_FINANCIAL_REPORTING_05252022,UNITS_PLAN,NUMBER,No,No
SF_MSTR_NEW_FINANCIAL_REPORTING_05252022,UNITS_PB_PLAN,NUMBER,No,No
SF_MSTR_NEW_FINANCIAL_REPORTING_05252022,BOPUS_PLAN,NUMBER,No,No
SF_MSTR_NEW_FINANCIAL_REPORTING_05252022,BOSS_PLAN,NUMBER,No,No
SF_MSTR_NEW_FINANCIAL_REPORTING_05252022,TRAFFIC_PLAN,NUMBER,No,No
SF_MSTR_NEW_FINANCIAL_REPORTING_05252022,TRAFFIC_TRANS_PLAN,NUMBER,No,No
SF_MSTR_NEW_FINANCIAL_REPORTING_05252022,SALES_FCST,NUMBER,No,No
SF_MSTR_NEW_FINANCIAL_REPORTING_05252022,PB_FCST,NUMBER,No,No
SF_MSTR_NEW_FINANCIAL_REPORTING_05252022,UNITS_FCST,NUMBER,No,No
SF_MSTR_NEW_FINANCIAL_REPORTING_05252022,UNITS_PB_FCST,NUMBER,No,No
SF_MSTR_NEW_FINANCIAL_REPORTING_05252022,TRANS_FCST,NUMBER,No,No
SF_MSTR_NEW_FINANCIAL_REPORTING_05252022,BOPUS_FCST,NUMBER,No,No
SF_MSTR_NEW_FINANCIAL_REPORTING_05252022,BOSS_FCST,NUMBER,No,No
SF_MSTR_NEW_FINANCIAL_REPORTING_05252022,TRAFFIC_FCST,NUMBER,No,No
SF_MSTR_NEW_FINANCIAL_REPORTING_05252022,TRAFFIC_TRANS_FCST,NUMBER,No,No
SF_MSTR_NEW_FINANCIAL_REPORTING_05252022,SALES_COMP,NUMBER,No,No
SF_MSTR_NEW_FINANCIAL_REPORTING_05252022,LY_SALES_COMP,NUMBER,No,No
SF_MSTR_NEW_FINANCIAL_REPORTING_05252022,TYTY_SALES_COMP,NUMBER,No,No
SF_MSTR_NEW_FINANCIAL_REPORTING_05252022,LYLY_SALES_COMP,NUMBER,No,No
SF_MSTR_NEW_FINANCIAL_REPORTING_05252022,TYTY_SALES_COMP_ALLSTORES,NUMBER,No,No
SF_MSTR_NEW_FINANCIAL_REPORTING_05252022,LYLY_SALES_COMP_ALLSTORES,NUMBER,No,No
SF_MSTR_NEW_FINANCIAL_REPORTING_11152022,TRANSACTION_DATE,DATE,No,No
SF_MSTR_NEW_FINANCIAL_REPORTING_11152022,STORE_NO,NUMBER,No,No
SF_MSTR_NEW_FINANCIAL_REPORTING_11152022,CHANNEL,TEXT,No,No
SF_MSTR_NEW_FINANCIAL_REPORTING_11152022,SALES,NUMBER,No,No
SF_MSTR_NEW_FINANCIAL_REPORTING_11152022,SALES_PB,NUMBER,No,No
SF_MSTR_NEW_FINANCIAL_REPORTING_11152022,TRANSACTIONS,NUMBER,No,No
SF_MSTR_NEW_FINANCIAL_REPORTING_11152022,UNITS,NUMBER,No,No
SF_MSTR_NEW_FINANCIAL_REPORTING_11152022,UNITS_PB,NUMBER,No,No
SF_MSTR_NEW_FINANCIAL_REPORTING_11152022,SALES_BOPUS,NUMBER,No,No
SF_MSTR_NEW_FINANCIAL_REPORTING_11152022,SALES_BOSS,NUMBER,No,No
SF_MSTR_NEW_FINANCIAL_REPORTING_11152022,TRAFFIC,NUMBER,No,No
SF_MSTR_NEW_FINANCIAL_REPORTING_11152022,TRAFFIC_TRANS,NUMBER,No,No
SF_MSTR_NEW_FINANCIAL_REPORTING_11152022,COST,NUMBER,No,No
SF_MSTR_NEW_FINANCIAL_REPORTING_11152022,SALES_PLAN,NUMBER,No,No
SF_MSTR_NEW_FINANCIAL_REPORTING_11152022,SALES_PB_PLAN,NUMBER,No,No
SF_MSTR_NEW_FINANCIAL_REPORTING_11152022,TRANS_PLAN,NUMBER,No,No
SF_MSTR_NEW_FINANCIAL_REPORTING_11152022,UNITS_PLAN,NUMBER,No,No
SF_MSTR_NEW_FINANCIAL_REPORTING_11152022,UNITS_PB_PLAN,NUMBER,No,No
SF_MSTR_NEW_FINANCIAL_REPORTING_11152022,BOPUS_PLAN,NUMBER,No,No
SF_MSTR_NEW_FINANCIAL_REPORTING_11152022,BOSS_PLAN,NUMBER,No,No
SF_MSTR_NEW_FINANCIAL_REPORTING_11152022,TRAFFIC_PLAN,NUMBER,No,No
SF_MSTR_NEW_FINANCIAL_REPORTING_11152022,TRAFFIC_TRANS_PLAN,NUMBER,No,No
SF_MSTR_NEW_FINANCIAL_REPORTING_11152022,SALES_FCST,NUMBER,No,No
SF_MSTR_NEW_FINANCIAL_REPORTING_11152022,PB_FCST,NUMBER,No,No
SF_MSTR_NEW_FINANCIAL_REPORTING_11152022,UNITS_FCST,NUMBER,No,No
SF_MSTR_NEW_FINANCIAL_REPORTING_11152022,UNITS_PB_FCST,NUMBER,No,No
SF_MSTR_NEW_FINANCIAL_REPORTING_11152022,TRANS_FCST,NUMBER,No,No
SF_MSTR_NEW_FINANCIAL_REPORTING_11152022,BOPUS_FCST,NUMBER,No,No
SF_MSTR_NEW_FINANCIAL_REPORTING_11152022,BOSS_FCST,NUMBER,No,No
SF_MSTR_NEW_FINANCIAL_REPORTING_11152022,TRAFFIC_FCST,NUMBER,No,No
SF_MSTR_NEW_FINANCIAL_REPORTING_11152022,TRAFFIC_TRANS_FCST,NUMBER,No,No
SF_MSTR_NEW_FINANCIAL_REPORTING_11152022,SALES_COMP,NUMBER,No,No
SF_MSTR_NEW_FINANCIAL_REPORTING_11152022,LY_SALES_COMP,NUMBER,No,No
SF_MSTR_NEW_FINANCIAL_REPORTING_11152022,TYTY_SALES_COMP,NUMBER,No,No
SF_MSTR_NEW_FINANCIAL_REPORTING_11152022,LYLY_SALES_COMP,NUMBER,No,No
SF_MSTR_NEW_FINANCIAL_REPORTING_11152022,TYTY_SALES_COMP_ALLSTORES,NUMBER,No,No
SF_MSTR_NEW_FINANCIAL_REPORTING_11152022,LYLY_SALES_COMP_ALLSTORES,NUMBER,No,No
SF_MSTR_NEW_FINANCIAL_REPORTING_11152022,SALES_PLAN_COMP,NUMBER,No,No
SF_MSTR_NEW_FINANCIAL_REPORTING_2024_12_22,TRANSACTION_DATE,DATE,No,No
SF_MSTR_NEW_FINANCIAL_REPORTING_2024_12_22,STORE_NO,NUMBER,No,No
SF_MSTR_NEW_FINANCIAL_REPORTING_2024_12_22,CHANNEL,TEXT,No,No
SF_MSTR_NEW_FINANCIAL_REPORTING_2024_12_22,SALES,NUMBER,No,No
SF_MSTR_NEW_FINANCIAL_REPORTING_2024_12_22,SALES_PB,NUMBER,No,No
SF_MSTR_NEW_FINANCIAL_REPORTING_2024_12_22,TRANSACTIONS,NUMBER,No,No
SF_MSTR_NEW_FINANCIAL_REPORTING_2024_12_22,UNITS,NUMBER,No,No
SF_MSTR_NEW_FINANCIAL_REPORTING_2024_12_22,UNITS_PB,NUMBER,No,No
SF_MSTR_NEW_FINANCIAL_REPORTING_2024_12_22,SALES_BOPUS,NUMBER,No,No
SF_MSTR_NEW_FINANCIAL_REPORTING_2024_12_22,SALES_BOSS,NUMBER,No,No
SF_MSTR_NEW_FINANCIAL_REPORTING_2024_12_22,TRAFFIC,NUMBER,No,No
SF_MSTR_NEW_FINANCIAL_REPORTING_2024_12_22,TRAFFIC_TRANS,NUMBER,No,No
SF_MSTR_NEW_FINANCIAL_REPORTING_2024_12_22,COST,NUMBER,No,No
SF_MSTR_NEW_FINANCIAL_REPORTING_2024_12_22,SALES_PLAN,NUMBER,No,No
SF_MSTR_NEW_FINANCIAL_REPORTING_2024_12_22,SALES_PB_PLAN,NUMBER,No,No
SF_MSTR_NEW_FINANCIAL_REPORTING_2024_12_22,TRANS_PLAN,NUMBER,No,No
SF_MSTR_NEW_FINANCIAL_REPORTING_2024_12_22,UNITS_PLAN,NUMBER,No,No
SF_MSTR_NEW_FINANCIAL_REPORTING_2024_12_22,UNITS_PB_PLAN,NUMBER,No,No
SF_MSTR_NEW_FINANCIAL_REPORTING_2024_12_22,BOPUS_PLAN,NUMBER,No,No
SF_MSTR_NEW_FINANCIAL_REPORTING_2024_12_22,BOSS_PLAN,NUMBER,No,No
SF_MSTR_NEW_FINANCIAL_REPORTING_2024_12_22,TRAFFIC_PLAN,NUMBER,No,No
SF_MSTR_NEW_FINANCIAL_REPORTING_2024_12_22,TRAFFIC_TRANS_PLAN,NUMBER,No,No
SF_MSTR_NEW_FINANCIAL_REPORTING_2024_12_22,SALES_FCST,NUMBER,No,No
SF_MSTR_NEW_FINANCIAL_REPORTING_2024_12_22,PB_FCST,NUMBER,No,No
SF_MSTR_NEW_FINANCIAL_REPORTING_2024_12_22,UNITS_FCST,NUMBER,No,No
SF_MSTR_NEW_FINANCIAL_REPORTING_2024_12_22,UNITS_PB_FCST,NUMBER,No,No
SF_MSTR_NEW_FINANCIAL_REPORTING_2024_12_22,TRANS_FCST,NUMBER,No,No
SF_MSTR_NEW_FINANCIAL_REPORTING_2024_12_22,BOPUS_FCST,NUMBER,No,No
SF_MSTR_NEW_FINANCIAL_REPORTING_2024_12_22,BOSS_FCST,NUMBER,No,No
SF_MSTR_NEW_FINANCIAL_REPORTING_2024_12_22,TRAFFIC_FCST,NUMBER,No,No
SF_MSTR_NEW_FINANCIAL_REPORTING_2024_12_22,TRAFFIC_TRANS_FCST,NUMBER,No,No
SF_MSTR_NEW_FINANCIAL_REPORTING_2024_12_22,SALES_COMP,NUMBER,No,No
SF_MSTR_NEW_FINANCIAL_REPORTING_2024_12_22,LY_SALES_COMP,NUMBER,No,No
SF_MSTR_NEW_FINANCIAL_REPORTING_2024_12_22,TYTY_SALES_COMP,NUMBER,No,No
SF_MSTR_NEW_FINANCIAL_REPORTING_2024_12_22,LYLY_SALES_COMP,NUMBER,No,No
SF_MSTR_NEW_FINANCIAL_REPORTING_2024_12_22,TYTY_SALES_COMP_ALLSTORES,NUMBER,No,No
SF_MSTR_NEW_FINANCIAL_REPORTING_2024_12_22,LYLY_SALES_COMP_ALLSTORES,NUMBER,No,No
SF_MSTR_NEW_FINANCIAL_REPORTING_2024_12_22,SALES_PLAN_COMP,NUMBER,No,No
SF_MSTR_NEW_FINANCIAL_REPORTING_2024_12_22_TEST,TRANSACTION_DATE,DATE,No,No
SF_MSTR_NEW_FINANCIAL_REPORTING_2024_12_22_TEST,STORE_NO,NUMBER,No,No
SF_MSTR_NEW_FINANCIAL_REPORTING_2024_12_22_TEST,CHANNEL,TEXT,No,No
SF_MSTR_NEW_FINANCIAL_REPORTING_2024_12_22_TEST,SALES,NUMBER,No,No
SF_MSTR_NEW_FINANCIAL_REPORTING_2024_12_22_TEST,SALES_PB,NUMBER,No,No
SF_MSTR_NEW_FINANCIAL_REPORTING_2024_12_22_TEST,TRANSACTIONS,NUMBER,No,No
SF_MSTR_NEW_FINANCIAL_REPORTING_2024_12_22_TEST,UNITS,NUMBER,No,No
SF_MSTR_NEW_FINANCIAL_REPORTING_2024_12_22_TEST,UNITS_PB,NUMBER,No,No
SF_MSTR_NEW_FINANCIAL_REPORTING_2024_12_22_TEST,SALES_BOPUS,NUMBER,No,No
SF_MSTR_NEW_FINANCIAL_REPORTING_2024_12_22_TEST,SALES_BOSS,NUMBER,No,No
SF_MSTR_NEW_FINANCIAL_REPORTING_2024_12_22_TEST,TRAFFIC,NUMBER,No,No
SF_MSTR_NEW_FINANCIAL_REPORTING_2024_12_22_TEST,TRAFFIC_TRANS,NUMBER,No,No
SF_MSTR_NEW_FINANCIAL_REPORTING_2024_12_22_TEST,COST,NUMBER,No,No
SF_MSTR_NEW_FINANCIAL_REPORTING_2024_12_22_TEST,SALES_PLAN,NUMBER,No,No
SF_MSTR_NEW_FINANCIAL_REPORTING_2024_12_22_TEST,SALES_PB_PLAN,NUMBER,No,No
SF_MSTR_NEW_FINANCIAL_REPORTING_2024_12_22_TEST,TRANS_PLAN,NUMBER,No,No
SF_MSTR_NEW_FINANCIAL_REPORTING_2024_12_22_TEST,UNITS_PLAN,NUMBER,No,No
SF_MSTR_NEW_FINANCIAL_REPORTING_2024_12_22_TEST,UNITS_PB_PLAN,NUMBER,No,No
SF_MSTR_NEW_FINANCIAL_REPORTING_2024_12_22_TEST,BOPUS_PLAN,NUMBER,No,No
SF_MSTR_NEW_FINANCIAL_REPORTING_2024_12_22_TEST,BOSS_PLAN,NUMBER,No,No
SF_MSTR_NEW_FINANCIAL_REPORTING_2024_12_22_TEST,TRAFFIC_PLAN,NUMBER,No,No
SF_MSTR_NEW_FINANCIAL_REPORTING_2024_12_22_TEST,TRAFFIC_TRANS_PLAN,NUMBER,No,No
SF_MSTR_NEW_FINANCIAL_REPORTING_2024_12_22_TEST,SALES_FCST,NUMBER,No,No
SF_MSTR_NEW_FINANCIAL_REPORTING_2024_12_22_TEST,PB_FCST,NUMBER,No,No
SF_MSTR_NEW_FINANCIAL_REPORTING_2024_12_22_TEST,UNITS_FCST,NUMBER,No,No
SF_MSTR_NEW_FINANCIAL_REPORTING_2024_12_22_TEST,UNITS_PB_FCST,NUMBER,No,No
SF_MSTR_NEW_FINANCIAL_REPORTING_2024_12_22_TEST,TRANS_FCST,NUMBER,No,No
SF_MSTR_NEW_FINANCIAL_REPORTING_2024_12_22_TEST,BOPUS_FCST,NUMBER,No,No
SF_MSTR_NEW_FINANCIAL_REPORTING_2024_12_22_TEST,BOSS_FCST,NUMBER,No,No
SF_MSTR_NEW_FINANCIAL_REPORTING_2024_12_22_TEST,TRAFFIC_FCST,NUMBER,No,No
SF_MSTR_NEW_FINANCIAL_REPORTING_2024_12_22_TEST,TRAFFIC_TRANS_FCST,NUMBER,No,No
SF_MSTR_NEW_FINANCIAL_REPORTING_2024_12_22_TEST,SALES_COMP,NUMBER,No,No
SF_MSTR_NEW_FINANCIAL_REPORTING_2024_12_22_TEST,LY_SALES_COMP,NUMBER,No,No
SF_MSTR_NEW_FINANCIAL_REPORTING_2024_12_22_TEST,TYTY_SALES_COMP,NUMBER,No,No
SF_MSTR_NEW_FINANCIAL_REPORTING_2024_12_22_TEST,LYLY_SALES_COMP,NUMBER,No,No
SF_MSTR_NEW_FINANCIAL_REPORTING_2024_12_22_TEST,TYTY_SALES_COMP_ALLSTORES,NUMBER,No,No
SF_MSTR_NEW_FINANCIAL_REPORTING_2024_12_22_TEST,LYLY_SALES_COMP_ALLSTORES,NUMBER,No,No
SF_MSTR_NEW_FINANCIAL_REPORTING_2024_12_22_TEST,SALES_PLAN_COMP,NUMBER,No,No
SF_MSTR_NEW_FINANCIAL_REPORTING_2024_12_22_TEST2,TRANSACTION_DATE,DATE,No,No
SF_MSTR_NEW_FINANCIAL_REPORTING_2024_12_22_TEST2,STORE_NO,NUMBER,No,No
SF_MSTR_NEW_FINANCIAL_REPORTING_2024_12_22_TEST2,CHANNEL,TEXT,No,No
SF_MSTR_NEW_FINANCIAL_REPORTING_2024_12_22_TEST2,SALES,NUMBER,No,No
SF_MSTR_NEW_FINANCIAL_REPORTING_2024_12_22_TEST2,SALES_PB,NUMBER,No,No
SF_MSTR_NEW_FINANCIAL_REPORTING_2024_12_22_TEST2,TRANSACTIONS,NUMBER,No,No
SF_MSTR_NEW_FINANCIAL_REPORTING_2024_12_22_TEST2,UNITS,NUMBER,No,No
SF_MSTR_NEW_FINANCIAL_REPORTING_2024_12_22_TEST2,UNITS_PB,NUMBER,No,No
SF_MSTR_NEW_FINANCIAL_REPORTING_2024_12_22_TEST2,SALES_BOPUS,NUMBER,No,No
SF_MSTR_NEW_FINANCIAL_REPORTING_2024_12_22_TEST2,SALES_BOSS,NUMBER,No,No
SF_MSTR_NEW_FINANCIAL_REPORTING_2024_12_22_TEST2,TRAFFIC,NUMBER,No,No
SF_MSTR_NEW_FINANCIAL_REPORTING_2024_12_22_TEST2,TRAFFIC_TRANS,NUMBER,No,No
SF_MSTR_NEW_FINANCIAL_REPORTING_2024_12_22_TEST2,COST,NUMBER,No,No
SF_MSTR_NEW_FINANCIAL_REPORTING_2024_12_22_TEST2,SALES_PLAN,NUMBER,No,No
SF_MSTR_NEW_FINANCIAL_REPORTING_2024_12_22_TEST2,SALES_PB_PLAN,NUMBER,No,No
SF_MSTR_NEW_FINANCIAL_REPORTING_2024_12_22_TEST2,TRANS_PLAN,NUMBER,No,No
SF_MSTR_NEW_FINANCIAL_REPORTING_2024_12_22_TEST2,UNITS_PLAN,NUMBER,No,No
SF_MSTR_NEW_FINANCIAL_REPORTING_2024_12_22_TEST2,UNITS_PB_PLAN,NUMBER,No,No
SF_MSTR_NEW_FINANCIAL_REPORTING_2024_12_22_TEST2,BOPUS_PLAN,NUMBER,No,No
SF_MSTR_NEW_FINANCIAL_REPORTING_2024_12_22_TEST2,BOSS_PLAN,NUMBER,No,No
SF_MSTR_NEW_FINANCIAL_REPORTING_2024_12_22_TEST2,TRAFFIC_PLAN,NUMBER,No,No
SF_MSTR_NEW_FINANCIAL_REPORTING_2024_12_22_TEST2,TRAFFIC_TRANS_PLAN,NUMBER,No,No
SF_MSTR_NEW_FINANCIAL_REPORTING_2024_12_22_TEST2,SALES_FCST,NUMBER,No,No
SF_MSTR_NEW_FINANCIAL_REPORTING_2024_12_22_TEST2,PB_FCST,NUMBER,No,No
SF_MSTR_NEW_FINANCIAL_REPORTING_2024_12_22_TEST2,UNITS_FCST,NUMBER,No,No
SF_MSTR_NEW_FINANCIAL_REPORTING_2024_12_22_TEST2,UNITS_PB_FCST,NUMBER,No,No
SF_MSTR_NEW_FINANCIAL_REPORTING_2024_12_22_TEST2,TRANS_FCST,NUMBER,No,No
SF_MSTR_NEW_FINANCIAL_REPORTING_2024_12_22_TEST2,BOPUS_FCST,NUMBER,No,No
SF_MSTR_NEW_FINANCIAL_REPORTING_2024_12_22_TEST2,BOSS_FCST,NUMBER,No,No
SF_MSTR_NEW_FINANCIAL_REPORTING_2024_12_22_TEST2,TRAFFIC_FCST,NUMBER,No,No
SF_MSTR_NEW_FINANCIAL_REPORTING_2024_12_22_TEST2,TRAFFIC_TRANS_FCST,NUMBER,No,No
SF_MSTR_NEW_FINANCIAL_REPORTING_2024_12_22_TEST2,SALES_COMP,NUMBER,No,No
SF_MSTR_NEW_FINANCIAL_REPORTING_2024_12_22_TEST2,LY_SALES_COMP,NUMBER,No,No
SF_MSTR_NEW_FINANCIAL_REPORTING_2024_12_22_TEST2,TYTY_SALES_COMP,NUMBER,No,No
SF_MSTR_NEW_FINANCIAL_REPORTING_2024_12_22_TEST2,LYLY_SALES_COMP,NUMBER,No,No
SF_MSTR_NEW_FINANCIAL_REPORTING_2024_12_22_TEST2,TYTY_SALES_COMP_ALLSTORES,NUMBER,No,No
SF_MSTR_NEW_FINANCIAL_REPORTING_2024_12_22_TEST2,LYLY_SALES_COMP_ALLSTORES,NUMBER,No,No
SF_MSTR_NEW_FINANCIAL_REPORTING_2024_12_22_TEST2,SALES_PLAN_COMP,NUMBER,No,No
SF_MSTR_NEW_FINANCIAL_REPORTING_231003,TRANSACTION_DATE,DATE,No,No
SF_MSTR_NEW_FINANCIAL_REPORTING_231003,STORE_NO,NUMBER,No,No
SF_MSTR_NEW_FINANCIAL_REPORTING_231003,CHANNEL,TEXT,No,No
SF_MSTR_NEW_FINANCIAL_REPORTING_231003,SALES,NUMBER,No,No
SF_MSTR_NEW_FINANCIAL_REPORTING_231003,SALES_PB,NUMBER,No,No
SF_MSTR_NEW_FINANCIAL_REPORTING_231003,TRANSACTIONS,NUMBER,No,No
SF_MSTR_NEW_FINANCIAL_REPORTING_231003,UNITS,NUMBER,No,No
SF_MSTR_NEW_FINANCIAL_REPORTING_231003,UNITS_PB,NUMBER,No,No
SF_MSTR_NEW_FINANCIAL_REPORTING_231003,SALES_BOPUS,NUMBER,No,No
SF_MSTR_NEW_FINANCIAL_REPORTING_231003,SALES_BOSS,NUMBER,No,No
SF_MSTR_NEW_FINANCIAL_REPORTING_231003,TRAFFIC,NUMBER,No,No
SF_MSTR_NEW_FINANCIAL_REPORTING_231003,TRAFFIC_TRANS,NUMBER,No,No
SF_MSTR_NEW_FINANCIAL_REPORTING_231003,COST,NUMBER,No,No
SF_MSTR_NEW_FINANCIAL_REPORTING_231003,SALES_PLAN,NUMBER,No,No
SF_MSTR_NEW_FINANCIAL_REPORTING_231003,SALES_PB_PLAN,NUMBER,No,No
SF_MSTR_NEW_FINANCIAL_REPORTING_231003,TRANS_PLAN,NUMBER,No,No
SF_MSTR_NEW_FINANCIAL_REPORTING_231003,UNITS_PLAN,NUMBER,No,No
SF_MSTR_NEW_FINANCIAL_REPORTING_231003,UNITS_PB_PLAN,NUMBER,No,No
SF_MSTR_NEW_FINANCIAL_REPORTING_231003,BOPUS_PLAN,NUMBER,No,No
SF_MSTR_NEW_FINANCIAL_REPORTING_231003,BOSS_PLAN,NUMBER,No,No
SF_MSTR_NEW_FINANCIAL_REPORTING_231003,TRAFFIC_PLAN,NUMBER,No,No
SF_MSTR_NEW_FINANCIAL_REPORTING_231003,TRAFFIC_TRANS_PLAN,NUMBER,No,No
SF_MSTR_NEW_FINANCIAL_REPORTING_231003,SALES_FCST,NUMBER,No,No
SF_MSTR_NEW_FINANCIAL_REPORTING_231003,PB_FCST,NUMBER,No,No
SF_MSTR_NEW_FINANCIAL_REPORTING_231003,UNITS_FCST,NUMBER,No,No
SF_MSTR_NEW_FINANCIAL_REPORTING_231003,UNITS_PB_FCST,NUMBER,No,No
SF_MSTR_NEW_FINANCIAL_REPORTING_231003,TRANS_FCST,NUMBER,No,No
SF_MSTR_NEW_FINANCIAL_REPORTING_231003,BOPUS_FCST,NUMBER,No,No
SF_MSTR_NEW_FINANCIAL_REPORTING_231003,BOSS_FCST,NUMBER,No,No
SF_MSTR_NEW_FINANCIAL_REPORTING_231003,TRAFFIC_FCST,NUMBER,No,No
SF_MSTR_NEW_FINANCIAL_REPORTING_231003,TRAFFIC_TRANS_FCST,NUMBER,No,No
SF_MSTR_NEW_FINANCIAL_REPORTING_231003,SALES_COMP,NUMBER,No,No
SF_MSTR_NEW_FINANCIAL_REPORTING_231003,LY_SALES_COMP,NUMBER,No,No
SF_MSTR_NEW_FINANCIAL_REPORTING_231003,TYTY_SALES_COMP,NUMBER,No,No
SF_MSTR_NEW_FINANCIAL_REPORTING_231003,LYLY_SALES_COMP,NUMBER,No,No
SF_MSTR_NEW_FINANCIAL_REPORTING_231003,TYTY_SALES_COMP_ALLSTORES,NUMBER,No,No
SF_MSTR_NEW_FINANCIAL_REPORTING_231003,LYLY_SALES_COMP_ALLSTORES,NUMBER,No,No
SF_MSTR_NEW_FINANCIAL_REPORTING_231003,SALES_PLAN_COMP,NUMBER,No,No
SF_MSTR_NEW_FINANCIAL_REPORTING_231222,TRANSACTION_DATE,DATE,No,No
SF_MSTR_NEW_FINANCIAL_REPORTING_231222,STORE_NO,NUMBER,No,No
SF_MSTR_NEW_FINANCIAL_REPORTING_231222,CHANNEL,TEXT,No,No
SF_MSTR_NEW_FINANCIAL_REPORTING_231222,SALES,NUMBER,No,No
SF_MSTR_NEW_FINANCIAL_REPORTING_231222,SALES_PB,NUMBER,No,No
SF_MSTR_NEW_FINANCIAL_REPORTING_231222,TRANSACTIONS,NUMBER,No,No
SF_MSTR_NEW_FINANCIAL_REPORTING_231222,UNITS,NUMBER,No,No
SF_MSTR_NEW_FINANCIAL_REPORTING_231222,UNITS_PB,NUMBER,No,No
SF_MSTR_NEW_FINANCIAL_REPORTING_231222,SALES_BOPUS,NUMBER,No,No
SF_MSTR_NEW_FINANCIAL_REPORTING_231222,SALES_BOSS,NUMBER,No,No
SF_MSTR_NEW_FINANCIAL_REPORTING_231222,TRAFFIC,NUMBER,No,No
SF_MSTR_NEW_FINANCIAL_REPORTING_231222,TRAFFIC_TRANS,NUMBER,No,No
SF_MSTR_NEW_FINANCIAL_REPORTING_231222,COST,NUMBER,No,No
SF_MSTR_NEW_FINANCIAL_REPORTING_231222,SALES_PLAN,NUMBER,No,No
SF_MSTR_NEW_FINANCIAL_REPORTING_231222,SALES_PB_PLAN,NUMBER,No,No
SF_MSTR_NEW_FINANCIAL_REPORTING_231222,TRANS_PLAN,NUMBER,No,No
SF_MSTR_NEW_FINANCIAL_REPORTING_231222,UNITS_PLAN,NUMBER,No,No
SF_MSTR_NEW_FINANCIAL_REPORTING_231222,UNITS_PB_PLAN,NUMBER,No,No
SF_MSTR_NEW_FINANCIAL_REPORTING_231222,BOPUS_PLAN,NUMBER,No,No
SF_MSTR_NEW_FINANCIAL_REPORTING_231222,BOSS_PLAN,NUMBER,No,No
SF_MSTR_NEW_FINANCIAL_REPORTING_231222,TRAFFIC_PLAN,NUMBER,No,No
SF_MSTR_NEW_FINANCIAL_REPORTING_231222,TRAFFIC_TRANS_PLAN,NUMBER,No,No
SF_MSTR_NEW_FINANCIAL_REPORTING_231222,SALES_FCST,NUMBER,No,No
SF_MSTR_NEW_FINANCIAL_REPORTING_231222,PB_FCST,NUMBER,No,No
SF_MSTR_NEW_FINANCIAL_REPORTING_231222,UNITS_FCST,NUMBER,No,No
SF_MSTR_NEW_FINANCIAL_REPORTING_231222,UNITS_PB_FCST,NUMBER,No,No
SF_MSTR_NEW_FINANCIAL_REPORTING_231222,TRANS_FCST,NUMBER,No,No
SF_MSTR_NEW_FINANCIAL_REPORTING_231222,BOPUS_FCST,NUMBER,No,No
SF_MSTR_NEW_FINANCIAL_REPORTING_231222,BOSS_FCST,NUMBER,No,No
SF_MSTR_NEW_FINANCIAL_REPORTING_231222,TRAFFIC_FCST,NUMBER,No,No
SF_MSTR_NEW_FINANCIAL_REPORTING_231222,TRAFFIC_TRANS_FCST,NUMBER,No,No
SF_MSTR_NEW_FINANCIAL_REPORTING_231222,SALES_COMP,NUMBER,No,No
SF_MSTR_NEW_FINANCIAL_REPORTING_231222,LY_SALES_COMP,NUMBER,No,No
SF_MSTR_NEW_FINANCIAL_REPORTING_231222,TYTY_SALES_COMP,NUMBER,No,No
SF_MSTR_NEW_FINANCIAL_REPORTING_231222,LYLY_SALES_COMP,NUMBER,No,No
SF_MSTR_NEW_FINANCIAL_REPORTING_231222,TYTY_SALES_COMP_ALLSTORES,NUMBER,No,No
SF_MSTR_NEW_FINANCIAL_REPORTING_231222,LYLY_SALES_COMP_ALLSTORES,NUMBER,No,No
SF_MSTR_NEW_FINANCIAL_REPORTING_231222,SALES_PLAN_COMP,NUMBER,No,No
SF_MSTR_NEW_FINANCIAL_REPORTING_240919,TRANSACTION_DATE,DATE,No,No
SF_MSTR_NEW_FINANCIAL_REPORTING_240919,STORE_NO,NUMBER,No,No
SF_MSTR_NEW_FINANCIAL_REPORTING_240919,CHANNEL,TEXT,No,No
SF_MSTR_NEW_FINANCIAL_REPORTING_240919,SALES,NUMBER,No,No
SF_MSTR_NEW_FINANCIAL_REPORTING_240919,SALES_PB,NUMBER,No,No
SF_MSTR_NEW_FINANCIAL_REPORTING_240919,TRANSACTIONS,NUMBER,No,No
SF_MSTR_NEW_FINANCIAL_REPORTING_240919,UNITS,NUMBER,No,No
SF_MSTR_NEW_FINANCIAL_REPORTING_240919,UNITS_PB,NUMBER,No,No
SF_MSTR_NEW_FINANCIAL_REPORTING_240919,SALES_BOPUS,NUMBER,No,No
SF_MSTR_NEW_FINANCIAL_REPORTING_240919,SALES_BOSS,NUMBER,No,No
SF_MSTR_NEW_FINANCIAL_REPORTING_240919,TRAFFIC,NUMBER,No,No
SF_MSTR_NEW_FINANCIAL_REPORTING_240919,TRAFFIC_TRANS,NUMBER,No,No
SF_MSTR_NEW_FINANCIAL_REPORTING_240919,COST,NUMBER,No,No
SF_MSTR_NEW_FINANCIAL_REPORTING_240919,SALES_PLAN,NUMBER,No,No
SF_MSTR_NEW_FINANCIAL_REPORTING_240919,SALES_PB_PLAN,NUMBER,No,No
SF_MSTR_NEW_FINANCIAL_REPORTING_240919,TRANS_PLAN,NUMBER,No,No
SF_MSTR_NEW_FINANCIAL_REPORTING_240919,UNITS_PLAN,NUMBER,No,No
SF_MSTR_NEW_FINANCIAL_REPORTING_240919,UNITS_PB_PLAN,NUMBER,No,No
SF_MSTR_NEW_FINANCIAL_REPORTING_240919,BOPUS_PLAN,NUMBER,No,No
SF_MSTR_NEW_FINANCIAL_REPORTING_240919,BOSS_PLAN,NUMBER,No,No
SF_MSTR_NEW_FINANCIAL_REPORTING_240919,TRAFFIC_PLAN,NUMBER,No,No
SF_MSTR_NEW_FINANCIAL_REPORTING_240919,TRAFFIC_TRANS_PLAN,NUMBER,No,No
SF_MSTR_NEW_FINANCIAL_REPORTING_240919,SALES_FCST,NUMBER,No,No
SF_MSTR_NEW_FINANCIAL_REPORTING_240919,PB_FCST,NUMBER,No,No
SF_MSTR_NEW_FINANCIAL_REPORTING_240919,UNITS_FCST,NUMBER,No,No
SF_MSTR_NEW_FINANCIAL_REPORTING_240919,UNITS_PB_FCST,NUMBER,No,No
SF_MSTR_NEW_FINANCIAL_REPORTING_240919,TRANS_FCST,NUMBER,No,No
SF_MSTR_NEW_FINANCIAL_REPORTING_240919,BOPUS_FCST,NUMBER,No,No
SF_MSTR_NEW_FINANCIAL_REPORTING_240919,BOSS_FCST,NUMBER,No,No
SF_MSTR_NEW_FINANCIAL_REPORTING_240919,TRAFFIC_FCST,NUMBER,No,No
SF_MSTR_NEW_FINANCIAL_REPORTING_240919,TRAFFIC_TRANS_FCST,NUMBER,No,No
SF_MSTR_NEW_FINANCIAL_REPORTING_240919,SALES_COMP,NUMBER,No,No
SF_MSTR_NEW_FINANCIAL_REPORTING_240919,LY_SALES_COMP,NUMBER,No,No
SF_MSTR_NEW_FINANCIAL_REPORTING_240919,TYTY_SALES_COMP,NUMBER,No,No
SF_MSTR_NEW_FINANCIAL_REPORTING_240919,LYLY_SALES_COMP,NUMBER,No,No
SF_MSTR_NEW_FINANCIAL_REPORTING_240919,TYTY_SALES_COMP_ALLSTORES,NUMBER,No,No
SF_MSTR_NEW_FINANCIAL_REPORTING_240919,LYLY_SALES_COMP_ALLSTORES,NUMBER,No,No
SF_MSTR_NEW_FINANCIAL_REPORTING_240919,SALES_PLAN_COMP,NUMBER,No,No
SF_MSTR_NEW_FINANCIAL_REPORTING_BACKUP_240104,TRANSACTION_DATE,DATE,No,No
SF_MSTR_NEW_FINANCIAL_REPORTING_BACKUP_240104,STORE_NO,NUMBER,No,No
SF_MSTR_NEW_FINANCIAL_REPORTING_BACKUP_240104,CHANNEL,TEXT,No,No
SF_MSTR_NEW_FINANCIAL_REPORTING_BACKUP_240104,SALES,NUMBER,No,No
SF_MSTR_NEW_FINANCIAL_REPORTING_BACKUP_240104,SALES_PB,NUMBER,No,No
SF_MSTR_NEW_FINANCIAL_REPORTING_BACKUP_240104,TRANSACTIONS,NUMBER,No,No
SF_MSTR_NEW_FINANCIAL_REPORTING_BACKUP_240104,UNITS,NUMBER,No,No
SF_MSTR_NEW_FINANCIAL_REPORTING_BACKUP_240104,UNITS_PB,NUMBER,No,No
SF_MSTR_NEW_FINANCIAL_REPORTING_BACKUP_240104,SALES_BOPUS,NUMBER,No,No
SF_MSTR_NEW_FINANCIAL_REPORTING_BACKUP_240104,SALES_BOSS,NUMBER,No,No
SF_MSTR_NEW_FINANCIAL_REPORTING_BACKUP_240104,TRAFFIC,NUMBER,No,No
SF_MSTR_NEW_FINANCIAL_REPORTING_BACKUP_240104,TRAFFIC_TRANS,NUMBER,No,No
SF_MSTR_NEW_FINANCIAL_REPORTING_BACKUP_240104,COST,NUMBER,No,No
SF_MSTR_NEW_FINANCIAL_REPORTING_BACKUP_240104,SALES_PLAN,NUMBER,No,No
SF_MSTR_NEW_FINANCIAL_REPORTING_BACKUP_240104,SALES_PB_PLAN,NUMBER,No,No
SF_MSTR_NEW_FINANCIAL_REPORTING_BACKUP_240104,TRANS_PLAN,NUMBER,No,No
SF_MSTR_NEW_FINANCIAL_REPORTING_BACKUP_240104,UNITS_PLAN,NUMBER,No,No
SF_MSTR_NEW_FINANCIAL_REPORTING_BACKUP_240104,UNITS_PB_PLAN,NUMBER,No,No
SF_MSTR_NEW_FINANCIAL_REPORTING_BACKUP_240104,BOPUS_PLAN,NUMBER,No,No
SF_MSTR_NEW_FINANCIAL_REPORTING_BACKUP_240104,BOSS_PLAN,NUMBER,No,No
SF_MSTR_NEW_FINANCIAL_REPORTING_BACKUP_240104,TRAFFIC_PLAN,NUMBER,No,No
SF_MSTR_NEW_FINANCIAL_REPORTING_BACKUP_240104,TRAFFIC_TRANS_PLAN,NUMBER,No,No
SF_MSTR_NEW_FINANCIAL_REPORTING_BACKUP_240104,SALES_FCST,NUMBER,No,No
SF_MSTR_NEW_FINANCIAL_REPORTING_BACKUP_240104,PB_FCST,NUMBER,No,No
SF_MSTR_NEW_FINANCIAL_REPORTING_BACKUP_240104,UNITS_FCST,NUMBER,No,No
SF_MSTR_NEW_FINANCIAL_REPORTING_BACKUP_240104,UNITS_PB_FCST,NUMBER,No,No
SF_MSTR_NEW_FINANCIAL_REPORTING_BACKUP_240104,TRANS_FCST,NUMBER,No,No
SF_MSTR_NEW_FINANCIAL_REPORTING_BACKUP_240104,BOPUS_FCST,NUMBER,No,No
SF_MSTR_NEW_FINANCIAL_REPORTING_BACKUP_240104,BOSS_FCST,NUMBER,No,No
SF_MSTR_NEW_FINANCIAL_REPORTING_BACKUP_240104,TRAFFIC_FCST,NUMBER,No,No
SF_MSTR_NEW_FINANCIAL_REPORTING_BACKUP_240104,TRAFFIC_TRANS_FCST,NUMBER,No,No
SF_MSTR_NEW_FINANCIAL_REPORTING_BACKUP_240104,SALES_COMP,NUMBER,No,No
SF_MSTR_NEW_FINANCIAL_REPORTING_BACKUP_240104,LY_SALES_COMP,NUMBER,No,No
SF_MSTR_NEW_FINANCIAL_REPORTING_BACKUP_240104,TYTY_SALES_COMP,NUMBER,No,No
SF_MSTR_NEW_FINANCIAL_REPORTING_BACKUP_240104,LYLY_SALES_COMP,NUMBER,No,No
SF_MSTR_NEW_FINANCIAL_REPORTING_BACKUP_240104,TYTY_SALES_COMP_ALLSTORES,NUMBER,No,No
SF_MSTR_NEW_FINANCIAL_REPORTING_BACKUP_240104,LYLY_SALES_COMP_ALLSTORES,NUMBER,No,No
SF_MSTR_NEW_FINANCIAL_REPORTING_BACKUP_240104,SALES_PLAN_COMP,NUMBER,No,No
SF_MSTR_NEW_FINANCIAL_REPORTING_BACKUP_241227,TRANSACTION_DATE,DATE,No,No
SF_MSTR_NEW_FINANCIAL_REPORTING_BACKUP_241227,STORE_NO,NUMBER,No,No
SF_MSTR_NEW_FINANCIAL_REPORTING_BACKUP_241227,CHANNEL,TEXT,No,No
SF_MSTR_NEW_FINANCIAL_REPORTING_BACKUP_241227,SALES,NUMBER,No,No
SF_MSTR_NEW_FINANCIAL_REPORTING_BACKUP_241227,SALES_PB,NUMBER,No,No
SF_MSTR_NEW_FINANCIAL_REPORTING_BACKUP_241227,TRANSACTIONS,NUMBER,No,No
SF_MSTR_NEW_FINANCIAL_REPORTING_BACKUP_241227,UNITS,NUMBER,No,No
SF_MSTR_NEW_FINANCIAL_REPORTING_BACKUP_241227,UNITS_PB,NUMBER,No,No
SF_MSTR_NEW_FINANCIAL_REPORTING_BACKUP_241227,SALES_BOPUS,NUMBER,No,No
SF_MSTR_NEW_FINANCIAL_REPORTING_BACKUP_241227,SALES_BOSS,NUMBER,No,No
SF_MSTR_NEW_FINANCIAL_REPORTING_BACKUP_241227,TRAFFIC,NUMBER,No,No
SF_MSTR_NEW_FINANCIAL_REPORTING_BACKUP_241227,TRAFFIC_TRANS,NUMBER,No,No
SF_MSTR_NEW_FINANCIAL_REPORTING_BACKUP_241227,COST,NUMBER,No,No
SF_MSTR_NEW_FINANCIAL_REPORTING_BACKUP_241227,SALES_PLAN,NUMBER,No,No
SF_MSTR_NEW_FINANCIAL_REPORTING_BACKUP_241227,SALES_PB_PLAN,NUMBER,No,No
SF_MSTR_NEW_FINANCIAL_REPORTING_BACKUP_241227,TRANS_PLAN,NUMBER,No,No
SF_MSTR_NEW_FINANCIAL_REPORTING_BACKUP_241227,UNITS_PLAN,NUMBER,No,No
SF_MSTR_NEW_FINANCIAL_REPORTING_BACKUP_241227,UNITS_PB_PLAN,NUMBER,No,No
SF_MSTR_NEW_FINANCIAL_REPORTING_BACKUP_241227,BOPUS_PLAN,NUMBER,No,No
SF_MSTR_NEW_FINANCIAL_REPORTING_BACKUP_241227,BOSS_PLAN,NUMBER,No,No
SF_MSTR_NEW_FINANCIAL_REPORTING_BACKUP_241227,TRAFFIC_PLAN,NUMBER,No,No
SF_MSTR_NEW_FINANCIAL_REPORTING_BACKUP_241227,TRAFFIC_TRANS_PLAN,NUMBER,No,No
SF_MSTR_NEW_FINANCIAL_REPORTING_BACKUP_241227,SALES_FCST,NUMBER,No,No
SF_MSTR_NEW_FINANCIAL_REPORTING_BACKUP_241227,PB_FCST,NUMBER,No,No
SF_MSTR_NEW_FINANCIAL_REPORTING_BACKUP_241227,UNITS_FCST,NUMBER,No,No
SF_MSTR_NEW_FINANCIAL_REPORTING_BACKUP_241227,UNITS_PB_FCST,NUMBER,No,No
SF_MSTR_NEW_FINANCIAL_REPORTING_BACKUP_241227,TRANS_FCST,NUMBER,No,No
SF_MSTR_NEW_FINANCIAL_REPORTING_BACKUP_241227,BOPUS_FCST,NUMBER,No,No
SF_MSTR_NEW_FINANCIAL_REPORTING_BACKUP_241227,BOSS_FCST,NUMBER,No,No
SF_MSTR_NEW_FINANCIAL_REPORTING_BACKUP_241227,TRAFFIC_FCST,NUMBER,No,No
SF_MSTR_NEW_FINANCIAL_REPORTING_BACKUP_241227,TRAFFIC_TRANS_FCST,NUMBER,No,No
SF_MSTR_NEW_FINANCIAL_REPORTING_BACKUP_241227,SALES_COMP,NUMBER,No,No
SF_MSTR_NEW_FINANCIAL_REPORTING_BACKUP_241227,LY_SALES_COMP,NUMBER,No,No
SF_MSTR_NEW_FINANCIAL_REPORTING_BACKUP_241227,TYTY_SALES_COMP,NUMBER,No,No
SF_MSTR_NEW_FINANCIAL_REPORTING_BACKUP_241227,LYLY_SALES_COMP,NUMBER,No,No
SF_MSTR_NEW_FINANCIAL_REPORTING_BACKUP_241227,TYTY_SALES_COMP_ALLSTORES,NUMBER,No,No
SF_MSTR_NEW_FINANCIAL_REPORTING_BACKUP_241227,LYLY_SALES_COMP_ALLSTORES,NUMBER,No,No
SF_MSTR_NEW_FINANCIAL_REPORTING_BACKUP_241227,SALES_PLAN_COMP,NUMBER,No,No
SF_MSTR_NEW_FINANCIAL_REPORTING_MONTHLY,FISCAL_YEAR,NUMBER,No,No
SF_MSTR_NEW_FINANCIAL_REPORTING_MONTHLY,FISCAL_MONTH,NUMBER,No,No
SF_MSTR_NEW_FINANCIAL_REPORTING_MONTHLY,TRANSACTION_DATE,DATE,No,No
SF_MSTR_NEW_FINANCIAL_REPORTING_MONTHLY,STORE_NO,NUMBER,No,No
SF_MSTR_NEW_FINANCIAL_REPORTING_MONTHLY,CHANNEL,TEXT,No,No
SF_MSTR_NEW_FINANCIAL_REPORTING_MONTHLY,SALES,NUMBER,No,No
SF_MSTR_NEW_FINANCIAL_REPORTING_MONTHLY,SALES_PB,NUMBER,No,No
SF_MSTR_NEW_FINANCIAL_REPORTING_MONTHLY,TRANSACTIONS,NUMBER,No,No
SF_MSTR_NEW_FINANCIAL_REPORTING_MONTHLY,UNITS,NUMBER,No,No
SF_MSTR_NEW_FINANCIAL_REPORTING_MONTHLY,UNITS_PB,NUMBER,No,No
SF_MSTR_NEW_FINANCIAL_REPORTING_MONTHLY,SALES_BOPUS,NUMBER,No,No
SF_MSTR_NEW_FINANCIAL_REPORTING_MONTHLY,SALES_BOSS,NUMBER,No,No
SF_MSTR_NEW_FINANCIAL_REPORTING_MONTHLY,TRAFFIC,NUMBER,No,No
SF_MSTR_NEW_FINANCIAL_REPORTING_MONTHLY,TRAFFIC_TRANS,NUMBER,No,No
SF_MSTR_NEW_FINANCIAL_REPORTING_MONTHLY,COST,NUMBER,No,No
SF_MSTR_NEW_FINANCIAL_REPORTING_MONTHLY,SALES_PLAN,NUMBER,No,No
SF_MSTR_NEW_FINANCIAL_REPORTING_MONTHLY,SALES_PB_PLAN,NUMBER,No,No
SF_MSTR_NEW_FINANCIAL_REPORTING_MONTHLY,TRANS_PLAN,NUMBER,No,No
SF_MSTR_NEW_FINANCIAL_REPORTING_MONTHLY,UNITS_PLAN,NUMBER,No,No
SF_MSTR_NEW_FINANCIAL_REPORTING_MONTHLY,UNITS_PB_PLAN,NUMBER,No,No
SF_MSTR_NEW_FINANCIAL_REPORTING_MONTHLY,BOPUS_PLAN,NUMBER,No,No
SF_MSTR_NEW_FINANCIAL_REPORTING_MONTHLY,BOSS_PLAN,NUMBER,No,No
SF_MSTR_NEW_FINANCIAL_REPORTING_MONTHLY,TRAFFIC_PLAN,NUMBER,No,No
SF_MSTR_NEW_FINANCIAL_REPORTING_MONTHLY,TRAFFIC_TRANS_PLAN,NUMBER,No,No
SF_MSTR_NEW_FINANCIAL_REPORTING_MONTHLY,SALES_FCST,NUMBER,No,No
SF_MSTR_NEW_FINANCIAL_REPORTING_MONTHLY,PB_FCST,NUMBER,No,No
SF_MSTR_NEW_FINANCIAL_REPORTING_MONTHLY,UNITS_FCST,NUMBER,No,No
SF_MSTR_NEW_FINANCIAL_REPORTING_MONTHLY,UNITS_PB_FCST,NUMBER,No,No
SF_MSTR_NEW_FINANCIAL_REPORTING_MONTHLY,TRANS_FCST,NUMBER,No,No
SF_MSTR_NEW_FINANCIAL_REPORTING_MONTHLY,BOPUS_FCST,NUMBER,No,No
SF_MSTR_NEW_FINANCIAL_REPORTING_MONTHLY,BOSS_FCST,NUMBER,No,No
SF_MSTR_NEW_FINANCIAL_REPORTING_MONTHLY,TRAFFIC_FCST,NUMBER,No,No
SF_MSTR_NEW_FINANCIAL_REPORTING_MONTHLY,TRAFFIC_TRANS_FCST,NUMBER,No,No
SF_MSTR_NEW_FINANCIAL_REPORTING_MONTHLY,SALES_COMP,NUMBER,No,No
SF_MSTR_NEW_FINANCIAL_REPORTING_MONTHLY,LY_SALES_COMP,NUMBER,No,No
SF_MSTR_NEW_FINANCIAL_REPORTING_MONTHLY,TYTY_SALES_COMP,NUMBER,No,No
SF_MSTR_NEW_FINANCIAL_REPORTING_MONTHLY,LYLY_SALES_COMP,NUMBER,No,No
SF_MSTR_NEW_FINANCIAL_REPORTING_MONTHLY,TYTY_SALES_COMP_ALLSTORES,NUMBER,No,No
SF_MSTR_NEW_FINANCIAL_REPORTING_MONTHLY,LYLY_SALES_COMP_ALLSTORES,NUMBER,No,No
SF_MSTR_NEW_FINANCIAL_REPORTING_MONTHLY,SALES_PLAN_COMP,NUMBER,No,No
SF_MSTR_NEW_FINANCIAL_REPORTING_TEST,TRANSACTION_DATE,DATE,No,No
SF_MSTR_NEW_FINANCIAL_REPORTING_TEST,STORE_NO,NUMBER,No,No
SF_MSTR_NEW_FINANCIAL_REPORTING_TEST,CHANNEL,TEXT,No,No
SF_MSTR_NEW_FINANCIAL_REPORTING_TEST,SALES,NUMBER,No,No
SF_MSTR_NEW_FINANCIAL_REPORTING_TEST,SALES_PB,NUMBER,No,No
SF_MSTR_NEW_FINANCIAL_REPORTING_TEST,TRANSACTIONS,NUMBER,No,No
SF_MSTR_NEW_FINANCIAL_REPORTING_TEST,UNITS,NUMBER,No,No
SF_MSTR_NEW_FINANCIAL_REPORTING_TEST,UNITS_PB,NUMBER,No,No
SF_MSTR_NEW_FINANCIAL_REPORTING_TEST,SALES_BOPUS,NUMBER,No,No
SF_MSTR_NEW_FINANCIAL_REPORTING_TEST,SALES_BOSS,NUMBER,No,No
SF_MSTR_NEW_FINANCIAL_REPORTING_TEST,TRAFFIC,NUMBER,No,No
SF_MSTR_NEW_FINANCIAL_REPORTING_TEST,TRAFFIC_TRANS,NUMBER,No,No
SF_MSTR_NEW_FINANCIAL_REPORTING_TEST,COST,NUMBER,No,No
SF_MSTR_NEW_FINANCIAL_REPORTING_TEST,SALES_PLAN,NUMBER,No,No
SF_MSTR_NEW_FINANCIAL_REPORTING_TEST,SALES_PB_PLAN,NUMBER,No,No
SF_MSTR_NEW_FINANCIAL_REPORTING_TEST,TRANS_PLAN,NUMBER,No,No
SF_MSTR_NEW_FINANCIAL_REPORTING_TEST,UNITS_PLAN,NUMBER,No,No
SF_MSTR_NEW_FINANCIAL_REPORTING_TEST,UNITS_PB_PLAN,NUMBER,No,No
SF_MSTR_NEW_FINANCIAL_REPORTING_TEST,BOPUS_PLAN,NUMBER,No,No
SF_MSTR_NEW_FINANCIAL_REPORTING_TEST,BOSS_PLAN,NUMBER,No,No
SF_MSTR_NEW_FINANCIAL_REPORTING_TEST,TRAFFIC_PLAN,NUMBER,No,No
SF_MSTR_NEW_FINANCIAL_REPORTING_TEST,TRAFFIC_TRANS_PLAN,NUMBER,No,No
SF_MSTR_NEW_FINANCIAL_REPORTING_TEST,SALES_FCST,NUMBER,No,No
SF_MSTR_NEW_FINANCIAL_REPORTING_TEST,PB_FCST,NUMBER,No,No
SF_MSTR_NEW_FINANCIAL_REPORTING_TEST,UNITS_FCST,NUMBER,No,No
SF_MSTR_NEW_FINANCIAL_REPORTING_TEST,UNITS_PB_FCST,NUMBER,No,No
SF_MSTR_NEW_FINANCIAL_REPORTING_TEST,TRANS_FCST,NUMBER,No,No
SF_MSTR_NEW_FINANCIAL_REPORTING_TEST,BOPUS_FCST,NUMBER,No,No
SF_MSTR_NEW_FINANCIAL_REPORTING_TEST,BOSS_FCST,NUMBER,No,No
SF_MSTR_NEW_FINANCIAL_REPORTING_TEST,TRAFFIC_FCST,NUMBER,No,No
SF_MSTR_NEW_FINANCIAL_REPORTING_TEST,TRAFFIC_TRANS_FCST,NUMBER,No,No
SF_MSTR_NEW_FINANCIAL_REPORTING_TEST,SALES_COMP,NUMBER,No,No
SF_MSTR_NEW_FINANCIAL_REPORTING_TEST,LY_SALES_COMP,NUMBER,No,No
SF_MSTR_NEW_FINANCIAL_REPORTING_TEST,TYTY_SALES_COMP,NUMBER,No,No
SF_MSTR_NEW_FINANCIAL_REPORTING_TEST,LYLY_SALES_COMP,NUMBER,No,No
SF_MSTR_NEW_FINANCIAL_REPORTING_TEST,TYTY_SALES_COMP_ALLSTORES,NUMBER,No,No
SF_MSTR_NEW_FINANCIAL_REPORTING_TEST,LYLY_SALES_COMP_ALLSTORES,NUMBER,No,No
SF_MSTR_NEW_FINANCIAL_REPORTING_TEST,SALES_PLAN_COMP,NUMBER,No,No
SF_MSTR_OTIF_REPORTING,PO_NUMBER,FLOAT,No,No
SF_MSTR_OTIF_REPORTING,SKU_ID,NUMBER,No,No
SF_MSTR_OTIF_REPORTING,VENDOR_NO,FLOAT,No,No
SF_MSTR_OTIF_REPORTING,STORE,TEXT,No,No
SF_MSTR_OTIF_REPORTING,ENTRY_DATE,TEXT,No,No
SF_MSTR_OTIF_REPORTING,SHIP_DATE,TEXT,No,No
SF_MSTR_OTIF_REPORTING,CANCEL_DATE,TEXT,No,No
SF_MSTR_OTIF_REPORTING,RECEIPT_DATE,TEXT,No,No
SF_MSTR_OTIF_REPORTING,RECEIVED_QTY,NUMBER,No,No
SF_MSTR_OTIF_REPORTING,CURRENT_DATETIME,TEXT,No,No
SF_MSTR_OTIF_REPORTING,ORIGINAL_QUANTITY_ORDERED,NUMBER,No,No
SF_MSTR_OTIF_REPORTING,LATEST_ORIGINAL_QUANTITY_ORDERED,NUMBER,No,No
SF_MSTR_OTIF_REPORTING,PO_UNIT_COST,NUMBER,No,No
SF_MSTR_OTIF_REPORTING,ON_TIME,NUMBER,No,No
SF_MSTR_OTIF_REPORTING,LEAD_TIME,NUMBER,No,No
SF_MSTR_OTIF_REPORTING,ORIGINAL_FILL_RATE_PERCENT,NUMBER,No,No
SF_MSTR_OTIF_REPORTING,REVISED_FILL_RATE_PERCENT,NUMBER,No,No
SF_MSTR_OTIF_REPORTING,LOAD_DATE,DATE,No,No
SF_MSTR_PO_DETAILS,CALENDAR_DATE,DATE,No,No
SF_MSTR_PO_DETAILS,SKU,NUMBER,No,No
SF_MSTR_PO_DETAILS,PO_NUMBER,NUMBER,No,No
SF_MSTR_PO_DETAILS,TOTAL_PO_QUANTITY,NUMBER,No,No
SF_MSTR_PO_DETAILS,TOTAL_PO_DOLLARS,NUMBER,No,No
SF_MSTR_PO_DETAILS,TOTAL_PO_DOLLARS_RETAIL,NUMBER,No,No
SF_MSTR_PO_DETAILS,NEXT_PO_NUMBER,NUMBER,No,No
SF_MSTR_PO_DETAILS,NEXT_PO_DATE,NUMBER,No,No
SF_MSTR_PO_DETAILS,NEXT_PO_QUANTITY,NUMBER,No,No
SF_MSTR_PO_DETAILS,NEXT_PO_DOLLARS,NUMBER,No,No
SF_MSTR_PO_DETAILS,NEXT_PO_DOLLARS_RETAIL,NUMBER,No,No
SF_MSTR_PO_DETAILS,PO_OVERRIDE,DATE,No,No
SF_MSTR_PREVIOUS_DATE_LU,CALENDAR_DATE,DATE,No,No
SF_MSTR_PREVIOUS_DATE_LU,PREVIOUS_DATE,DATE,No,No
SF_MSTR_PREVIOUS_DATE_LU_2023,CALENDAR_DATE,DATE,No,No
SF_MSTR_PREVIOUS_DATE_LU_2023,PREVIOUS_DATE,DATE,No,No
SF_MSTR_QTD_LU,CALENDAR_DATE,DATE,No,No
SF_MSTR_QTD_LU,QTD_DAY_ID,DATE,No,No
SF_MSTR_QTD_LU_2023,CALENDAR_DATE,DATE,No,No
SF_MSTR_QTD_LU_2023,QTD_DAY_ID,DATE,No,No
SF_MSTR_REPORTING_DATE,ID,NUMBER,No,No
SF_MSTR_REPORTING_DATE,DASHBOARD,TEXT,No,No
SF_MSTR_REPORTING_DATE,REPORTING_DATE,DATE,No,No
SF_MSTR_REPORTING_DATE,WEEK_NO,NUMBER,No,No
SF_MSTR_REPORTING_DATE,REPORTING_DATE_TIME,TIMESTAMP_NTZ,No,No
SF_MSTR_REPORTING_DATE_DAY,DATE,DATE,No,No
SF_MSTR_REPORTING_DATE_DAY,WEEK_NO,NUMBER,No,No
SF_MSTR_REPORTING_DATE_DAY,DAYLEVEL_DATE_END,DATE,No,No
SF_MSTR_SR2_VSION_REPORTING,TRANSACTION_DATE,DATE,No,No
SF_MSTR_SR2_VSION_REPORTING,LY_TRANSACTION_DATE,DATE,No,No
SF_MSTR_SR2_VSION_REPORTING,LYLY_TRANSACTION_DATE,DATE,No,No
SF_MSTR_SR2_VSION_REPORTING,CHANNEL,TEXT,No,No
SF_MSTR_SR2_VSION_REPORTING,STORE_NO,NUMBER,No,No
SF_MSTR_SR2_VSION_REPORTING,SALES,NUMBER,No,No
SF_MSTR_SR2_VSION_REPORTING,COMP_SALES,NUMBER,No,No
SF_MSTR_SR2_VSION_REPORTING,BOPUS_SALES,NUMBER,No,No
SF_MSTR_SR2_VSION_REPORTING,COMP_BOPUS_SALES,NUMBER,No,No
SF_MSTR_SR2_VSION_REPORTING,SALES_PLAN,NUMBER,No,No
SF_MSTR_SR2_VSION_REPORTING,COMP_PLAN,NUMBER,No,No
SF_MSTR_SR2_VSION_REPORTING,FORECAST,NUMBER,No,No
SF_MSTR_SR2_VSION_REPORTING,COMP_FORECAST,NUMBER,No,No
SF_MSTR_SR2_VSION_REPORTING,LYCOMP_SALES,NUMBER,No,No
SF_MSTR_SR2_VSION_REPORTING,LYCOMP_BOPUS_SALES,NUMBER,No,No
SF_MSTR_SR2_VSION_REPORTING,TYTYCOMP_SALES,NUMBER,No,No
SF_MSTR_SR2_VSION_REPORTING,LYLYCOMP_SALES,NUMBER,No,No
SF_MSTR_SR2_VSION_REPORTING,TYTYCOMP_BOPUS_SALES,NUMBER,No,No
SF_MSTR_SR2_VSION_REPORTING,LYLYCOMP_BOPUS_SALES,NUMBER,No,No
SF_MSTR_SR2_VSION_REPORTING_BACKUP_20220107,TRANSACTION_DATE,DATE,No,No
SF_MSTR_SR2_VSION_REPORTING_BACKUP_20220107,LY_TRANSACTION_DATE,DATE,No,No
SF_MSTR_SR2_VSION_REPORTING_BACKUP_20220107,LYLY_TRANSACTION_DATE,DATE,No,No
SF_MSTR_SR2_VSION_REPORTING_BACKUP_20220107,CHANNEL,TEXT,No,No
SF_MSTR_SR2_VSION_REPORTING_BACKUP_20220107,STORE_NO,NUMBER,No,No
SF_MSTR_SR2_VSION_REPORTING_BACKUP_20220107,SALES,NUMBER,No,No
SF_MSTR_SR2_VSION_REPORTING_BACKUP_20220107,COMP_SALES,NUMBER,No,No
SF_MSTR_SR2_VSION_REPORTING_BACKUP_20220107,BOPUS_SALES,NUMBER,No,No
SF_MSTR_SR2_VSION_REPORTING_BACKUP_20220107,COMP_BOPUS_SALES,NUMBER,No,No
SF_MSTR_SR2_VSION_REPORTING_BACKUP_20220107,SALES_PLAN,NUMBER,No,No
SF_MSTR_SR2_VSION_REPORTING_BACKUP_20220107,COMP_PLAN,NUMBER,No,No
SF_MSTR_SR2_VSION_REPORTING_BACKUP_20220107,FORECAST,NUMBER,No,No
SF_MSTR_SR2_VSION_REPORTING_BACKUP_20220107,COMP_FORECAST,NUMBER,No,No
SF_MSTR_SR2_VSION_REPORTING_BACKUP_20220107,LYCOMP_SALES,NUMBER,No,No
SF_MSTR_SR2_VSION_REPORTING_BACKUP_20220107,LYCOMP_BOPUS_SALES,NUMBER,No,No
SF_MSTR_SR2_VSION_REPORTING_BACKUP_20220107,TYTYCOMP_SALES,NUMBER,No,No
SF_MSTR_SR2_VSION_REPORTING_BACKUP_20220107,LYLYCOMP_SALES,NUMBER,No,No
SF_MSTR_SR2_VSION_REPORTING_BACKUP_20220107,TYTYCOMP_BOPUS_SALES,NUMBER,No,No
SF_MSTR_SR2_VSION_REPORTING_BACKUP_20220107,LYLYCOMP_BOPUS_SALES,NUMBER,No,No
SF_MSTR_SR2_VSION_REPORTING_LYCOMP,FISCAL_YEAR,NUMBER,No,No
SF_MSTR_SR2_VSION_REPORTING_LYCOMP,TRANSACTION_DATE,DATE,No,No
SF_MSTR_SR2_VSION_REPORTING_LYCOMP,LY_TRANSACTION_DATE,DATE,No,No
SF_MSTR_SR2_VSION_REPORTING_LYCOMP,LYLY_TRANSACTION_DATE,DATE,No,No
SF_MSTR_SR2_VSION_REPORTING_LYCOMP,CHANNEL,TEXT,No,No
SF_MSTR_SR2_VSION_REPORTING_LYCOMP,STORE_NO,NUMBER,No,No
SF_MSTR_SR2_VSION_REPORTING_LYCOMP,COMP_SALES,NUMBER,No,No
SF_MSTR_SR2_VSION_REPORTING_LYCOMP,LYCOMP_SALES,NUMBER,No,No
SF_MSTR_SR2_VSION_REPORTING_LYCOMP,LYCOMP_BOPUS_SALES,NUMBER,No,No
SF_MSTR_SR2_VSION_REPORTING_LYCOMP,TYTYCOMP_SALES,NUMBER,No,No
SF_MSTR_SR2_VSION_REPORTING_LYCOMP,LYLYCOMP_SALES,NUMBER,No,No
SF_MSTR_SR2_VSION_REPORTING_LYCOMP,TYTYCOMP_BOPUS_SALES,NUMBER,No,No
SF_MSTR_SR2_VSION_REPORTING_LYCOMP,LYLYCOMP_BOPUS_SALES,NUMBER,No,No
SF_MSTR_SR2_VSION_REPORTING_LYCOMP_BACKUP_20220107,TRANSACTION_DATE,DATE,No,No
SF_MSTR_SR2_VSION_REPORTING_LYCOMP_BACKUP_20220107,LY_TRANSACTION_DATE,DATE,No,No
SF_MSTR_SR2_VSION_REPORTING_LYCOMP_BACKUP_20220107,LYLY_TRANSACTION_DATE,DATE,No,No
SF_MSTR_SR2_VSION_REPORTING_LYCOMP_BACKUP_20220107,CHANNEL,TEXT,No,No
SF_MSTR_SR2_VSION_REPORTING_LYCOMP_BACKUP_20220107,STORE_NO,NUMBER,No,No
SF_MSTR_SR2_VSION_REPORTING_LYCOMP_BACKUP_20220107,COMP_SALES,NUMBER,No,No
SF_MSTR_SR2_VSION_REPORTING_LYCOMP_BACKUP_20220107,LYCOMP_SALES,NUMBER,No,No
SF_MSTR_SR2_VSION_REPORTING_LYCOMP_BACKUP_20220107,LYCOMP_BOPUS_SALES,NUMBER,No,No
SF_MSTR_SR2_VSION_REPORTING_LYCOMP_BACKUP_20220107,TYTYCOMP_SALES,NUMBER,No,No
SF_MSTR_SR2_VSION_REPORTING_LYCOMP_BACKUP_20220107,LYLYCOMP_SALES,NUMBER,No,No
SF_MSTR_SR2_VSION_REPORTING_LYCOMP_BACKUP_20220107,TYTYCOMP_BOPUS_SALES,NUMBER,No,No
SF_MSTR_SR2_VSION_REPORTING_LYCOMP_BACKUP_20220107,LYLYCOMP_BOPUS_SALES,NUMBER,No,No
SF_MSTR_SR_REPORTING_DATE,DATE,DATE,No,No
SF_MSTR_SR_REPORTING_DATE,WEEK_NO,NUMBER,No,No
SF_MSTR_WTD_LU,CALENDAR_DATE,DATE,No,No
SF_MSTR_WTD_LU,WTD_DAY_ID,DATE,No,No
SF_MSTR_WTD_LU_2023,CALENDAR_DATE,DATE,No,No
SF_MSTR_WTD_LU_2023,WTD_DAY_ID,DATE,No,No
SF_MSTR_YTD_LU,CALENDAR_DATE,DATE,No,No
SF_MSTR_YTD_LU,YTD_DAY_ID,DATE,No,No
SF_MSTR_YTD_LU_2023,CALENDAR_DATE,DATE,No,No
SF_MSTR_YTD_LU_2023,YTD_DAY_ID,DATE,No,No
SF_NEVER_OUT_SKUS_V,SKU,TEXT,No,No
SF_NEVER_OUT_SKUS_V,BUYER,TEXT,No,No
SF_NEVER_OUT_SKUS_V,SKU_DESC,TEXT,No,No
SF_NEVER_OUT_SKUS_V,NEVER_OUT_FLAGE,TEXT,No,No
SF_NEVER_OUT_SKUS_V,PRIVATE_BRAND_TIER,TEXT,No,No
SF_ORDERGROOVE_CANCELLATIONS,PUBLIC_SUBSCRIPTION_ID,TEXT,No,No
SF_ORDERGROOVE_CANCELLATIONS,USER_ID,TEXT,No,No
SF_ORDERGROOVE_CANCELLATIONS,MERCHANT_USER_ID,TEXT,No,No
SF_ORDERGROOVE_CANCELLATIONS,CREATE_DATE,TEXT,No,No
SF_ORDERGROOVE_CANCELLATIONS,CREATE_TIME,TEXT,No,No
SF_ORDERGROOVE_CANCELLATIONS,START_DATE,TEXT,No,No
SF_ORDERGROOVE_CANCELLATIONS,CUSTOMER_STATUS,TEXT,No,No
SF_ORDERGROOVE_CANCELLATIONS,SUBSCRIPTION_ID,TEXT,No,No
SF_ORDERGROOVE_CANCELLATIONS,OFFER_ID,TEXT,No,No
SF_ORDERGROOVE_CANCELLATIONS,MERCHANT_ORDER_ID,TEXT,No,No
SF_ORDERGROOVE_CANCELLATIONS,GUEST_CHECKOUT,TEXT,No,No
SF_ORDERGROOVE_CANCELLATIONS,EMAIL_ADDRESS,TEXT,No,No
SF_ORDERGROOVE_CANCELLATIONS,FIRST_NAME,TEXT,No,No
SF_ORDERGROOVE_CANCELLATIONS,LAST_NAME,TEXT,No,No
SF_ORDERGROOVE_CANCELLATIONS,PRODUCT,TEXT,No,No
SF_ORDERGROOVE_CANCELLATIONS,PRODUCT_ID,TEXT,No,No
SF_ORDERGROOVE_CANCELLATIONS,SKU,TEXT,No,No
SF_ORDERGROOVE_CANCELLATIONS,FREQUENCY,TEXT,No,No
SF_ORDERGROOVE_CANCELLATIONS,REMINDER,TEXT,No,No
SF_ORDERGROOVE_CANCELLATIONS,STATUS,TEXT,No,No
SF_ORDERGROOVE_CANCELLATIONS,QUANTITY,TEXT,No,No
SF_ORDERGROOVE_CANCELLATIONS,PRICE,TEXT,No,No
SF_ORDERGROOVE_CANCELLATIONS,DISCOUNT_PRICE,TEXT,No,No
SF_ORDERGROOVE_CANCELLATIONS,TWENTYFOUR_HOUR_CANCEL,TEXT,No,No
SF_ORDERGROOVE_CANCELLATIONS,CANCEL_DATE,TEXT,No,No
SF_ORDERGROOVE_CANCELLATIONS,CANCEL_REASON,TEXT,No,No
SF_ORDERGROOVE_CANCELLATIONS,ORDERS_PLACED,TEXT,No,No
SF_ORDERGROOVE_CANCELLATIONS,LAST_ORDER_DATE,TEXT,No,No
SF_ORDERGROOVE_CANCELLATIONS,TOTAL_ACTIVE_SUBSCRIPTIONS,NUMBER,No,No
SF_ORDERGROOVE_CANCELLATIONS,SUBSCRIBER_STATUS,NUMBER,No,No
SF_ORDERGROOVE_ORDERS,PUBLIC_ORDER_ID,TEXT,No,No
SF_ORDERGROOVE_ORDERS,MERCHANT_USER_ID,TEXT,No,No
SF_ORDERGROOVE_ORDERS,MERCHANT_ORDER_ID,TEXT,No,No
SF_ORDERGROOVE_ORDERS,EMAIL_ADDRESS,TEXT,No,No
SF_ORDERGROOVE_ORDERS,FIRST_NAME,TEXT,No,No
SF_ORDERGROOVE_ORDERS,LAST_NAME,TEXT,No,No
SF_ORDERGROOVE_ORDERS,PRODUCT,TEXT,No,No
SF_ORDERGROOVE_ORDERS,SKU,TEXT,No,No
SF_ORDERGROOVE_ORDERS,QUANTITY,TEXT,No,No
SF_ORDERGROOVE_ORDERS,PRICE,TEXT,No,No
SF_ORDERGROOVE_ORDERS,OG_USER_ID,TEXT,No,No
SF_ORDERGROOVE_ORDERS,PLACE_DATE,TEXT,No,No
SF_ORDERGROOVE_ORDERS,OG_ORDER_ID,TEXT,No,No
SF_ORDERGROOVE_ORDERS,OG_SUBSCRIPTION_ID,TEXT,No,No
SF_ORDERGROOVE_ORDERS,PUBLIC_SUBSCRIPTION_ID,TEXT,No,No
SF_ORDERGROOVE_ORDERS,EXTERNAL_PRODUCT_ID,TEXT,No,No
SF_ORDERGROOVE_ORDERS,ORDER_SUBTOTAL,TEXT,No,No
SF_ORDERGROOVE_ORDERS,ORDER_STATUS,TEXT,No,No
SF_ORDERGROOVE_ORDERS,REJECTED_ERROR_CODE,TEXT,No,No
SF_ORDERGROOVE_ORDERS,REJECTED_ERROR_MESSAGE,TEXT,No,No
SF_ORDERGROOVE_ORDERS,ORIGINATING_STORE,TEXT,No,No
SF_ORDERGROOVE_SUBSCRIPTIONS,PUBLIC_SUBSCRIPTION_ID,TEXT,No,No
SF_ORDERGROOVE_SUBSCRIPTIONS,USER_ID,TEXT,No,No
SF_ORDERGROOVE_SUBSCRIPTIONS,MERCHANT_USER_ID,TEXT,No,No
SF_ORDERGROOVE_SUBSCRIPTIONS,CREATE_DATE,TEXT,No,No
SF_ORDERGROOVE_SUBSCRIPTIONS,CREATE_TIME,TEXT,No,No
SF_ORDERGROOVE_SUBSCRIPTIONS,START_DATE,TEXT,No,No
SF_ORDERGROOVE_SUBSCRIPTIONS,CUSTOMER_STATUS,TEXT,No,No
SF_ORDERGROOVE_SUBSCRIPTIONS,SUBSCRIPTION_ID,TEXT,No,No
SF_ORDERGROOVE_SUBSCRIPTIONS,OFFER_ID,TEXT,No,No
SF_ORDERGROOVE_SUBSCRIPTIONS,MERCHANT_ORDER_ID,TEXT,No,No
SF_ORDERGROOVE_SUBSCRIPTIONS,GUEST_CHECKOUT,TEXT,No,No
SF_ORDERGROOVE_SUBSCRIPTIONS,EMAIL_ADDRESS,TEXT,No,No
SF_ORDERGROOVE_SUBSCRIPTIONS,FIRST_NAME,TEXT,No,No
SF_ORDERGROOVE_SUBSCRIPTIONS,LAST_NAME,TEXT,No,No
SF_ORDERGROOVE_SUBSCRIPTIONS,PRODUCT,TEXT,No,No
SF_ORDERGROOVE_SUBSCRIPTIONS,PRODUCT_ID,TEXT,No,No
SF_ORDERGROOVE_SUBSCRIPTIONS,SKU,TEXT,No,No
SF_ORDERGROOVE_SUBSCRIPTIONS,FREQUENCY,TEXT,No,No
SF_ORDERGROOVE_SUBSCRIPTIONS,REMINDER,TEXT,No,No
SF_ORDERGROOVE_SUBSCRIPTIONS,STATUS,TEXT,No,No
SF_ORDERGROOVE_SUBSCRIPTIONS,QUANTITY,TEXT,No,No
SF_ORDERGROOVE_SUBSCRIPTIONS,PRICE,TEXT,No,No
SF_ORDERGROOVE_SUBSCRIPTIONS,DISCOUNT_PRICE,TEXT,No,No
SF_ORDERGROOVE_SUBSCRIPTIONS,TWENTY_FOUR_HOUR_CANCEL,TEXT,No,No
SF_ORDERGROOVE_SUBSCRIPTIONS,CANCEL_DATE,TEXT,No,No
SF_ORDERGROOVE_SUBSCRIPTIONS,CANCEL_REASON,TEXT,No,No
SF_ORDERGROOVE_SUBSCRIPTIONS,ORDERS_PLACED,TEXT,No,No
SF_ORDERGROOVE_SUBSCRIPTIONS,LAST_ORDER_DATE,TEXT,No,No
SF_ORDERGROOVE_SUBSCRIPTIONS,ORIGINATING_STORE,TEXT,No,No
SF_PARENT_CHILD_METRICS,CALENDAR_DATE,DATE,No,No
SF_PARENT_CHILD_METRICS,STORE_NO,NUMBER,No,No
SF_PARENT_CHILD_METRICS,SKU_ID,NUMBER,No,No
SF_PARENT_CHILD_METRICS,TOTAL_SALES,NUMBER,No,No
SF_PARENT_CHILD_METRICS,TOTAL_UNITS,NUMBER,No,No
SF_PARENT_CHILD_METRICS,COST,NUMBER,No,No
SF_PARENT_CHILD_METRICS,INVENTORY_UNITS,NUMBER,No,No
SF_PARENT_CHILD_METRICS,INVENTORY_DOLLARS,NUMBER,No,No
SF_PARENT_CHILD_METRICS,SET_QUANTITY,NUMBER,No,No
SF_PARENT_CHILD_METRICS,STORE_ON_HAND_WOS,NUMBER,No,No
SF_PARENT_CHILD_METRICS,ON_ORDER_UNITS,NUMBER,No,No
SF_PARENT_CHILD_METRICS,ON_ORDER_DOLLARS,NUMBER,No,No
SF_PARENT_CHILD_V,PARENT_SKU,NUMBER,No,No
SF_PARENT_CHILD_V,CHILD_SKU,NUMBER,No,No
SF_PARENT_CHILD_V,UNITS,FLOAT,No,No
SF_PLANAMOUNTTBL,ID,NUMBER,No,No
SF_PLANAMOUNTTBL,PLANYR,NUMBER,No,No
SF_PLANAMOUNTTBL,PLANGRP,TEXT,No,No
SF_PLANAMOUNTTBL,PLANTYP,NUMBER,No,No
SF_PLANAMOUNTTBL,RESERVECODE,NUMBER,No,No
SF_PLANAMOUNTTBL,STR,NUMBER,No,No
SF_PLANAMOUNTTBL,LINE,NUMBER,No,No
SF_PLANAMOUNTTBL,DATE,TIMESTAMP_NTZ,No,No
SF_PLANAMOUNTTBL,PLANAMOUNT,FLOAT,No,No
SF_PLANAMOUNTTBL,ADJ,NUMBER,No,No
SF_PLANAMOUNTTBL,COMPSTATUS,NUMBER,No,No
SF_PO_RECEIPTS_V,CALENDAR_DATE,DATE,No,No
SF_PO_RECEIPTS_V,PO,FLOAT,No,No
SF_PO_RECEIPTS_V,LOCATION,NUMBER,No,No
SF_PO_RECEIPTS_V,SKU,NUMBER,No,No
SF_PO_RECEIPTS_V,ITEM_DETAIL,TEXT,No,No
SF_PO_RECEIPTS_V,VENDOR_NUMBER,FLOAT,No,No
SF_PO_RECEIPTS_V,VENDOR_NAME,TEXT,No,No
SF_PO_RECEIPTS_V,RECEIPT_DATE,DATE,No,No
SF_PO_RECEIPTS_V,RECEIVED_UNITS,NUMBER,No,No
SF_PO_RECEIPTS_V,RECEIVED_COST,NUMBER,No,No
SF_PO_STATUS_LU,POSTAT,TEXT,No,No
SF_PO_STATUS_LU,POSTAT_DESC,TEXT,No,No
SF_REGION_SA_V,CONREGION_CODE,TEXT,No,No
SF_REGION_SA_V,REGION_CODE,TEXT,No,No
SF_REGION_SA_V,REGION_NAME,TEXT,No,No
SF_REGION_SHORTNAME_SA,REGION_CODE,NUMBER,No,No
SF_REGION_SHORTNAME_SA,REGION_SNAME,TEXT,No,No
SF_REGION_SHORTNAME_SA_6_20_2024,REGION_CODE,NUMBER,No,No
SF_REGION_SHORTNAME_SA_6_20_2024,REGION_SNAME,TEXT,No,No
SF_REGION_SHORTNAME_SA_BACKUP_240701,REGION_CODE,NUMBER,No,No
SF_REGION_SHORTNAME_SA_BACKUP_240701,REGION_SNAME,TEXT,No,No
SF_RETENTION,FREQUENCY,NUMBER,No,No
SF_RETENTION,TOTAL_SHIPMENTS,NUMBER,No,No
SF_RETENTION,FIRST_SHIPMENTS,NUMBER,No,No
SF_RETENTION,FIRST_CANCELLED,NUMBER,No,No
SF_RETENTION,FIRST_REJECTED,NUMBER,No,No
SF_RETENTION,SECOND_SHIPMENTS,NUMBER,No,No
SF_RETENTION,SECOND_CANCELLED,NUMBER,No,No
SF_RETENTION,SECOND_REJECTED,NUMBER,No,No
SF_RETENTION,THIRD_SHIPMENTS,NUMBER,No,No
SF_RETENTION,THIRD_CANCELLED,NUMBER,No,No
SF_RETENTION,THIRD_REJECTED,NUMBER,No,No
SF_RETENTION,FOURTH_SHIPMENTS,NUMBER,No,No
SF_RETENTION,FOURTH_CANCELLED,NUMBER,No,No
SF_RETENTION,FOURTH_REJECTED,NUMBER,No,No
SF_RETENTION,OTHER_SHIPMENTS,NUMBER,No,No
SF_RETENTION,OTHER_CANCELLED,NUMBER,No,No
SF_RETENTION,OTHER_REJECTED,NUMBER,No,No
SF_RETURNS,TRANSACTION_DATE,DATE,No,No
SF_RETURNS,SKU_ID,NUMBER,No,No
SF_RETURNS,STORE_NO,NUMBER,No,No
SF_RETURNS,RETURNS_DOLLAR,NUMBER,No,No
SF_RETURNS,RETURNS_UNITS,NUMBER,No,No
SF_RETURNS,RETURNS_DAMAGED_EXPIRED,NUMBER,No,No
SF_RPC_VENDOR,TRANSACTION_DATE,TIMESTAMP_NTZ,No,No
SF_RPC_VENDOR,STORE_NO,NUMBER,No,No
SF_RPC_VENDOR,PROMOTION_TYPE,TEXT,No,No
SF_RPC_VENDOR,DEPTNAME,TEXT,No,No
SF_RPC_VENDOR,BRAND,TEXT,No,No
SF_RPC_VENDOR,BRAND_CATEGORY,TEXT,No,No
SF_RPC_VENDOR,REGION_NAME,TEXT,No,No
SF_RPC_VENDOR,CHANNEL,TEXT,No,No
SF_RPC_VENDOR,SKU_ID,TEXT,No,No
SF_RPC_VENDOR,AMOUNT,NUMBER,No,No
SF_RPC_VENDOR,DIVISION_NAME,TEXT,No,No
SF_RPC_VENDOR,COMPSTATUS,NUMBER,No,No
SF_RPC_VENDOR,FIRST_LAUNCH_DATE,TIMESTAMP_NTZ,No,No
SF_RPC_VENDOR,CATEGORY,TEXT,No,No
SF_RPC_VENDOR,ITEM_DESCRIPTION,TEXT,No,No
SF_RPC_VENDOR,DIVISION,TEXT,No,No
SF_RPC_VENDOR,SKU_NO,TEXT,No,No
SF_RPC_VENDOR,SKU_LAUNCH,NUMBER,No,No
SF_RPC_VENDOR,PARENT_SKU,NUMBER,No,No
SF_RPC_VENDOR,TRAIL,NUMBER,No,No
SF_RPC_VENDOR_05272022,TRANSACTION_DATE,TIMESTAMP_NTZ,No,No
SF_RPC_VENDOR_05272022,STORE_NO,NUMBER,No,No
SF_RPC_VENDOR_05272022,PROMOTION_TYPE,TEXT,No,No
SF_RPC_VENDOR_05272022,DEPTNAME,TEXT,No,No
SF_RPC_VENDOR_05272022,BRAND,TEXT,No,No
SF_RPC_VENDOR_05272022,BRAND_CATEGORY,TEXT,No,No
SF_RPC_VENDOR_05272022,REGION_NAME,TEXT,No,No
SF_RPC_VENDOR_05272022,CHANNEL,TEXT,No,No
SF_RPC_VENDOR_05272022,SKU_ID,TEXT,No,No
SF_RPC_VENDOR_05272022,AMOUNT,NUMBER,No,No
SF_RPC_VENDOR_05272022,DIVISION_NAME,TEXT,No,No
SF_RPC_VENDOR_05272022,COMPSTATUS,NUMBER,No,No
SF_RPC_VENDOR_05272022,FIRST_LAUNCH_DATE,TIMESTAMP_NTZ,No,No
SF_RPC_VENDOR_05272022,CATEGORY,TEXT,No,No
SF_RPC_VENDOR_05272022,ITEM_DESCRIPTION,TEXT,No,No
SF_RPC_VENDOR_05272022,DIVISION,TEXT,No,No
SF_RPC_VENDOR_05272022,SKU_NO,TEXT,No,No
SF_RPC_VENDOR_05272022,SKU_LAUNCH,NUMBER,No,No
SF_RPC_VENDOR_05272022,PARENT_SKU,NUMBER,No,No
SF_RPC_VENDOR_05272022,TRAIL,NUMBER,No,No
SF_RPC_VENDOR_BACK,TRANSACTION_DATE,TIMESTAMP_NTZ,No,No
SF_RPC_VENDOR_BACK,STORE_NO,NUMBER,No,No
SF_RPC_VENDOR_BACK,PROMOTION_TYPE,TEXT,No,No
SF_RPC_VENDOR_BACK,DEPTNAME,TEXT,No,No
SF_RPC_VENDOR_BACK,BRAND,TEXT,No,No
SF_RPC_VENDOR_BACK,BRAND_CATEGORY,TEXT,No,No
SF_RPC_VENDOR_BACK,REGION_NAME,TEXT,No,No
SF_RPC_VENDOR_BACK,CHANNEL,TEXT,No,No
SF_RPC_VENDOR_BACK,SKU_ID,TEXT,No,No
SF_RPC_VENDOR_BACK,AMOUNT,NUMBER,No,No
SF_RPC_VENDOR_BACK,DIVISION_NAME,TEXT,No,No
SF_RPC_VENDOR_BACK,COMPSTATUS,NUMBER,No,No
SF_RPC_VENDOR_BACK,FIRST_LAUNCH_DATE,TIMESTAMP_NTZ,No,No
SF_RPC_VENDOR_BACK,CATEGORY,TEXT,No,No
SF_RPC_VENDOR_BACK,ITEM_DESCRIPTION,TEXT,No,No
SF_RPC_VENDOR_BACK,DIVISION,TEXT,No,No
SF_RPC_VENDOR_BACK,SKU_NO,TEXT,No,No
SF_RPC_VENDOR_BACK,SKU_LAUNCH,NUMBER,No,No
SF_RPC_VENDOR_BACK,PARENT_SKU,NUMBER,No,No
SF_RPC_VENDOR_BACK,TRAIL,NUMBER,No,No
SF_SALESREPORTING,TRANSACTION_DATE,TIMESTAMP_NTZ,No,No
SF_SALESREPORTING,STORE_NO,NUMBER,No,No
SF_SALESREPORTING,GROSSAMOUNT,NUMBER,No,No
SF_SALESREPORTING,DISCOUNTAMOUNT,NUMBER,No,No
SF_SALESREPORTING,NETAMOUNT,NUMBER,No,No
SF_SALESREPORTING,UNITS,NUMBER,No,No
SF_SALESREPORTING,TRANSACTIONS,NUMBER,No,No
SF_SALESREPORTING,TRANSACTIONSTOTAL,FLOAT,No,No
SF_SALESREPORTING,CATEGORY,TEXT,No,No
SF_SALESREPORTING,COMPSTATUS,NUMBER,No,No
SF_SALESREPORTING,DELREV,NUMBER,No,No
SF_SALESREPORTING_DTC,TRANSACTION_DATE,TIMESTAMP_NTZ,No,No
SF_SALESREPORTING_DTC,STORE_NO,NUMBER,No,No
SF_SALESREPORTING_DTC,GROSSAMOUNT,NUMBER,No,No
SF_SALESREPORTING_DTC,DISCOUNTAMOUNT,NUMBER,No,No
SF_SALESREPORTING_DTC,NETAMOUNT,NUMBER,No,No
SF_SALESREPORTING_DTC,UNITS,NUMBER,No,No
SF_SALESREPORTING_DTC,TRANSACTIONS,NUMBER,No,No
SF_SALESREPORTING_DTC,TRANSACTIONSTOTAL,FLOAT,No,No
SF_SALESREPORTING_DTC,ORDERS,NUMBER,No,No
SF_SALESREPORTING_DTC,ORDERSTOTAL,FLOAT,No,No
SF_SALESREPORTING_DTC,CATEGORY,TEXT,No,No
SF_SALESREPORTING_DTC,COMPSTATUS,NUMBER,No,No
SF_SALESREPORTING_DTC,DELREV,NUMBER,No,No
SF_SKU_BASE_PLANO,CALENDAR_DATE,DATE,No,No
SF_SKU_BASE_PLANO,STORE_NO,NUMBER,No,No
SF_SKU_BASE_PLANO,COST,NUMBER,No,No
SF_SKU_BASE_PLANO,FACINGS,NUMBER,No,No
SF_SKU_BASE_PLANO,WIDTH,NUMBER,No,No
SF_SKU_BASE_PLANO,RFMAX,NUMBER,No,No
SF_SKU_BASE_PLANO,OO_UNITS,NUMBER,No,No
SF_SKU_BASE_PLANO,OO_COST,NUMBER,No,No
SF_SKU_BASE_PLANO,IN_TRANSIT_UNITS,NUMBER,No,No
SF_SKU_BASE_PLANO,IN_TRANSIT_COST,NUMBER,No,No
SF_SKU_BASE_PLANO,STATUS_CODE,TEXT,No,No
SF_SKU_BASE_PLANO,ASSORTMENT_CODE,TEXT,No,No
SF_SKU_BASE_PLANO,PROMOTION_TYPE,TEXT,No,No
SF_SKU_BASE_PLANO,SKU_ID,NUMBER,No,No
SF_SKU_CATEGORIES,SKU_ID,NUMBER,No,No
SF_SKU_CATEGORIES,SKU_DESCRIPTION,TEXT,No,No
SF_SKU_CATEGORIES,VENDOR_CODE,TEXT,No,No
SF_SKU_CATEGORIES,VENDOR_NAME,TEXT,No,No
SF_SKU_CATEGORIES,BRAND,TEXT,No,No
SF_SKU_CATEGORIES,DEPARTMENT,TEXT,No,No
SF_SKU_CATEGORIES,SUBDEPARTMENT,TEXT,No,No
SF_SKU_CATEGORIES,CLASS,TEXT,No,No
SF_SKU_CATEGORIES,SUBCLASS,TEXT,No,No
SF_SKU_CATEGORIES,RETAIL_PLACEMENT,TEXT,No,No
SF_SKU_CATEGORIES,SERVING_SIZE,TEXT,No,No
SF_SKU_CATEGORIES,NUMBER_SERVINGS,TEXT,No,No
SF_SKU_CATEGORIES,FORM,TEXT,No,No
SF_SKU_CATEGORIES,ASSORTMENT_CODE,TEXT,No,No
SF_SKU_CATEGORIES,ITEMS_NOT_ON_WEB,TEXT,No,No
SF_SKU_CATEGORIES,CATEGORY,TEXT,No,No
SF_SKU_CATEGORIES,MERCHANDISER_NAME,TEXT,No,No
SF_SKU_CATEGORIES,AMOUNT_PER_ITEM,NUMBER,No,No
SF_SKU_CATEGORIES,MANUFS_NUMBER,TEXT,No,No
SF_SKU_CATEGORIES,UOM,TEXT,No,No
SF_SKU_CATEGORIES,CHILD_SKU,NUMBER,No,No
SF_SKU_CATEGORIES,VS_STATUS,TEXT,No,No
SF_SKU_CATEGORIES,VS_ASST_CODE,TEXT,No,No
SF_SKU_CATEGORIES,MSRP,NUMBER,No,No
SF_SKU_CATEGORIES,ITEM_CREATE_DATE,DATE,No,No
SF_SKU_CATEGORIES,UPC,TEXT,No,No
SF_SKU_CATEGORIES,OVERALL_STATUS_NAME,TEXT,No,No
SF_SKU_CATEGORIES,DIVISION,NUMBER,No,No
SF_SKU_CATEGORIES,OWN_BRAND,TEXT,No,No
SF_SKU_CATEGORIES,DEPARTMENT_ID,NUMBER,No,No
SF_SKU_CATEGORIES,SUBDEPARTMENT_ID,NUMBER,No,No
SF_SKU_CATEGORIES,CLASS_ID,NUMBER,No,No
SF_SKU_CATEGORIES,SUBCLASS_ID,NUMBER,No,No
SF_SKU_CATEGORIES,CBD,TEXT,No,No
SF_SKU_CATEGORIES,FIRST_WHS_RECEIPT_DATE,DATE,No,No
SF_SKU_CATEGORIES,FIRST_STORE_RECEIPT_DATE,DATE,No,No
SF_SKU_CATEGORIES,FIRST_SALE_DATE,DATE,No,No
SF_SKU_CATEGORIES,LAST_SALE_DATE,DATE,No,No
SF_SKU_CATEGORIES,BUYER,TEXT,No,No
SF_SKU_CATEGORIES,MERCHANDISER_NUMBER,TEXT,No,No
SF_SKU_CATEGORIES,SET_CODE,TEXT,No,No
SF_SKU_CATEGORIES,SKU_TYPE,TEXT,No,No
SF_SKU_CATEGORIES,STATUS_CODE,TEXT,No,No
SF_SKU_CATEGORIES,VELOCITY_CODE,TEXT,No,No
SF_SKU_CATEGORIES,CHILD_QTY,NUMBER,No,No
SF_SKU_CATEGORIES,VALUE_PRICE,NUMBER,No,No
SF_SKU_CATEGORIES,ON_REPLENISHMENT_DATE,DATE,No,No
SF_SKU_CATEGORIES,OFF_REPLENISHMENT_DATE,DATE,No,No
SF_SKU_CATEGORIES,DISCONTINUED_DATE,DATE,No,No
SF_SKU_CATEGORIES,FIRST_COST,NUMBER,No,No
SF_SKU_CATEGORIES,CLEARANCE,TEXT,No,No
SF_SKU_CATEGORIES,HIERARCHY,TEXT,No,No
SF_SKU_CATEGORIES,SS_ASSORTMENT_CODE,TEXT,No,No
SF_SKU_CATEGORIES,SS_STATUS_CODE,TEXT,No,No
SF_SKU_CATEGORIES,SS_RTPL,TEXT,No,No
SF_SKU_CATEGORIES,CASE_PACK,NUMBER,No,No
SF_SKU_CATEGORIES,INNER_PACK,NUMBER,No,No
SF_SKU_CATEGORIES,MOQ,NUMBER,No,No
SF_SKU_CATEGORIES,UNIT_COST,NUMBER,No,No
SF_SKU_CATEGORIES,PROMOTION_START,DATE,No,No
SF_SKU_CATEGORIES,STRENGTH,TEXT,No,No
SF_SKU_CATEGORIES,VALUE_PRICE_WEB,NUMBER,No,No
SF_SKU_CATEGORIES,VENDOR_PART_NUMBER,TEXT,No,No
SF_SKU_CATEGORIES_LOADDATE,SKU_ID,TEXT,No,No
SF_SKU_CATEGORIES_LOADDATE,SKU_DESCRIPTION,TEXT,No,No
SF_SKU_CATEGORIES_LOADDATE,VENDOR_CODE,TEXT,No,No
SF_SKU_CATEGORIES_LOADDATE,VENDOR_NAME,TEXT,No,No
SF_SKU_CATEGORIES_LOADDATE,BRAND,TEXT,No,No
SF_SKU_CATEGORIES_LOADDATE,DEPARTMENT,TEXT,No,No
SF_SKU_CATEGORIES_LOADDATE,SUBDEPARTMENT,TEXT,No,No
SF_SKU_CATEGORIES_LOADDATE,CLASS,TEXT,No,No
SF_SKU_CATEGORIES_LOADDATE,SUBCLASS,TEXT,No,No
SF_SKU_CATEGORIES_LOADDATE,RETAIL_PLACEMENT,TEXT,No,No
SF_SKU_CATEGORIES_LOADDATE,SERVING_SIZE,TEXT,No,No
SF_SKU_CATEGORIES_LOADDATE,NUMBER_SERVINGS,TEXT,No,No
SF_SKU_CATEGORIES_LOADDATE,FORM,TEXT,No,No
SF_SKU_CATEGORIES_LOADDATE,ASSORTMENT_CODE,TEXT,No,No
SF_SKU_CATEGORIES_LOADDATE,ITEMS_NOT_ON_WEB,TEXT,No,No
SF_SKU_CATEGORIES_LOADDATE,CATEGORY,TEXT,No,No
SF_SKU_CATEGORIES_LOADDATE,MERCHANDISER_NAME,TEXT,No,No
SF_SKU_CATEGORIES_LOADDATE,AMOUNT_PER_ITEM,NUMBER,No,No
SF_SKU_CATEGORIES_LOADDATE,MANUFS_NUMBER,TEXT,No,No
SF_SKU_CATEGORIES_LOADDATE,UOM,TEXT,No,No
SF_SKU_CATEGORIES_LOADDATE,CHILD_SKU,NUMBER,No,No
SF_SKU_CATEGORIES_LOADDATE,VS_STATUS,TEXT,No,No
SF_SKU_CATEGORIES_LOADDATE,VS_ASST_CODE,TEXT,No,No
SF_SKU_CATEGORIES_LOADDATE,MSRP,NUMBER,No,No
SF_SKU_CATEGORIES_LOADDATE,ITEM_CREATE_DATE,DATE,No,No
SF_SKU_CATEGORIES_LOADDATE,UPC,TEXT,No,No
SF_SKU_CATEGORIES_LOADDATE,OVERALL_STATUS_NAME,TEXT,No,No
SF_SKU_CATEGORIES_LOADDATE,DIVISION,NUMBER,No,No
SF_SKU_CATEGORIES_LOADDATE,OWN_BRAND,TEXT,No,No
SF_SKU_CATEGORIES_LOADDATE,DEPARTMENT_ID,NUMBER,No,No
SF_SKU_CATEGORIES_LOADDATE,SUBDEPARTMENT_ID,NUMBER,No,No
SF_SKU_CATEGORIES_LOADDATE,CLASS_ID,NUMBER,No,No
SF_SKU_CATEGORIES_LOADDATE,SUBCLASS_ID,NUMBER,No,No
SF_SKU_CATEGORIES_LOADDATE,CBD,TEXT,No,No
SF_SKU_CATEGORIES_LOADDATE,FIRST_WHS_RECEIPT_DATE,DATE,No,No
SF_SKU_CATEGORIES_LOADDATE,FIRST_STORE_RECEIPT_DATE,DATE,No,No
SF_SKU_CATEGORIES_LOADDATE,FIRST_SALE_DATE,DATE,No,No
SF_SKU_CATEGORIES_LOADDATE,LAST_SALE_DATE,DATE,No,No
SF_SKU_CATEGORIES_LOADDATE,BUYER,TEXT,No,No
SF_SKU_CATEGORIES_LOADDATE,MERCHANDISER_NUMBER,TEXT,No,No
SF_SKU_CATEGORIES_LOADDATE,SET_CODE,TEXT,No,No
SF_SKU_CATEGORIES_LOADDATE,SKU_TYPE,TEXT,No,No
SF_SKU_CATEGORIES_LOADDATE,STATUS_CODE,TEXT,No,No
SF_SKU_CATEGORIES_LOADDATE,VELOCITY_CODE,TEXT,No,No
SF_SKU_CATEGORIES_LOADDATE,CHILD_QTY,NUMBER,No,No
SF_SKU_CATEGORIES_LOADDATE,VALUE_PRICE,NUMBER,No,No
SF_SKU_CATEGORIES_LOADDATE,ON_REPLENISHMENT_DATE,DATE,No,No
SF_SKU_CATEGORIES_LOADDATE,OFF_REPLENISHMENT_DATE,DATE,No,No
SF_SKU_CATEGORIES_LOADDATE,DISCONTINUED_DATE,DATE,No,No
SF_SKU_CATEGORIES_LOADDATE,FIRST_COST,NUMBER,No,No
SF_SKU_CATEGORIES_LOADDATE,CLEARANCE,TEXT,No,No
SF_SKU_CATEGORIES_LOADDATE,HIERARCHY,TEXT,No,No
SF_SKU_CATEGORIES_LOADDATE,SS_ASSORTMENT_CODE,TEXT,No,No
SF_SKU_CATEGORIES_LOADDATE,SS_STATUS_CODE,TEXT,No,No
SF_SKU_CATEGORIES_LOADDATE,SS_RTPL,TEXT,No,No
SF_SKU_CATEGORIES_LOADDATE,CASE_PACK,NUMBER,No,No
SF_SKU_CATEGORIES_LOADDATE,INNER_PACK,NUMBER,No,No
SF_SKU_CATEGORIES_LOADDATE,MOQ,NUMBER,No,No
SF_SKU_CATEGORIES_LOADDATE,UNIT_COST,NUMBER,No,No
SF_SKU_CATEGORIES_LOADDATE,PROMOTION_START,DATE,No,No
SF_SKU_CATEGORIES_LOADDATE,STRENGTH,TEXT,No,No
SF_SKU_CATEGORIES_LOADDATE,VALUE_PRICE_WEB,NUMBER,No,No
SF_SKU_CATEGORIES_LOADDATE,VENDOR_PART_NUMBER,TEXT,No,No
SF_SKU_CATEGORIES_NEW,SKU_ID,TEXT,No,No
SF_SKU_CATEGORIES_NEW,SKU_DESCRIPTION,TEXT,No,No
SF_SKU_CATEGORIES_NEW,VENDOR_CODE,TEXT,No,No
SF_SKU_CATEGORIES_NEW,VENDOR_NAME,TEXT,No,No
SF_SKU_CATEGORIES_NEW,BRAND,TEXT,No,No
SF_SKU_CATEGORIES_NEW,DEPARTMENT,TEXT,No,No
SF_SKU_CATEGORIES_NEW,SUBDEPARTMENT,TEXT,No,No
SF_SKU_CATEGORIES_NEW,CLASS,TEXT,No,No
SF_SKU_CATEGORIES_NEW,SUBCLASS,TEXT,No,No
SF_SKU_CATEGORIES_NEW,RETAIL_PLACEMENT,TEXT,No,No
SF_SKU_CATEGORIES_NEW,SERVING_SIZE,TEXT,No,No
SF_SKU_CATEGORIES_NEW,NUMBER_SERVINGS,TEXT,No,No
SF_SKU_CATEGORIES_NEW,FORM,TEXT,No,No
SF_SKU_CATEGORIES_NEW,ASSORTMENT_CODE,TEXT,No,No
SF_SKU_CATEGORIES_NEW,ITEMS_NOT_ON_WEB,TEXT,No,No
SF_SKU_CATEGORIES_NEW,CATEGORY,TEXT,No,No
SF_SKU_CATEGORIES_NEW,MERCHANDISER_NAME,TEXT,No,No
SF_SKU_CATEGORIES_NEW,AMOUNT_PER_ITEM,NUMBER,No,No
SF_SKU_CATEGORIES_NEW,MANUFS_NUMBER,TEXT,No,No
SF_SKU_CATEGORIES_NEW,UOM,TEXT,No,No
SF_SKU_CATEGORIES_NEW,CHILD_SKU,NUMBER,No,No
SF_SKU_CATEGORIES_NEW,VS_STATUS,TEXT,No,No
SF_SKU_CATEGORIES_NEW,VS_ASST_CODE,TEXT,No,No
SF_SKU_CATEGORIES_NEW,MSRP,NUMBER,No,No
SF_SKU_CATEGORIES_NEW,ITEM_CREATE_DATE,DATE,No,No
SF_SKU_CATEGORIES_NEW,UPC,TEXT,No,No
SF_SKU_CATEGORIES_NEW,OVERALL_STATUS_NAME,TEXT,No,No
SF_SKU_CATEGORIES_NEW,DIVISION,NUMBER,No,No
SF_SKU_CATEGORIES_NEW,OWN_BRAND,TEXT,No,No
SF_SKU_CATEGORIES_NEW,DEPARTMENT_ID,NUMBER,No,No
SF_SKU_CATEGORIES_NEW,SUBDEPARTMENT_ID,NUMBER,No,No
SF_SKU_CATEGORIES_NEW,CLASS_ID,NUMBER,No,No
SF_SKU_CATEGORIES_NEW,SUBCLASS_ID,NUMBER,No,No
SF_SKU_CATEGORIES_NEW,CBD,TEXT,No,No
SF_SKU_CATEGORIES_NEW,FIRST_WHS_RECEIPT_DATE,DATE,No,No
SF_SKU_CATEGORIES_NEW,FIRST_STORE_RECEIPT_DATE,DATE,No,No
SF_SKU_CATEGORIES_NEW,FIRST_SALE_DATE,DATE,No,No
SF_SKU_CATEGORIES_NEW,LAST_SALE_DATE,DATE,No,No
SF_SKU_CATEGORIES_NEW,BUYER,TEXT,No,No
SF_SKU_CATEGORIES_NEW,MERCHANDISER_NUMBER,TEXT,No,No
SF_SKU_CATEGORIES_NEW,SET_CODE,TEXT,No,No
SF_SKU_CATEGORIES_NEW,SKU_TYPE,TEXT,No,No
SF_SKU_CATEGORIES_NEW,STATUS_CODE,TEXT,No,No
SF_SKU_CATEGORIES_NEW,VELOCITY_CODE,TEXT,No,No
SF_SKU_CATEGORIES_NEW,CHILD_QTY,NUMBER,No,No
SF_SKU_CATEGORIES_NEW,VALUE_PRICE,NUMBER,No,No
SF_SKU_CATEGORIES_NEW,ON_REPLENISHMENT_DATE,DATE,No,No
SF_SKU_CATEGORIES_NEW,OFF_REPLENISHMENT_DATE,DATE,No,No
SF_SKU_CATEGORIES_NEW,DISCONTINUED_DATE,DATE,No,No
SF_SKU_CATEGORIES_NEW,FIRST_COST,NUMBER,No,No
SF_SKU_CATEGORIES_NEW,CLEARANCE,TEXT,No,No
SF_SKU_CATEGORIES_NEW,HIERARCHY,TEXT,No,No
SF_SKU_CATEGORIES_NEW,SS_ASSORTMENT_CODE,TEXT,No,No
SF_SKU_CATEGORIES_NEW,SS_STATUS_CODE,TEXT,No,No
SF_SKU_CATEGORIES_NEW,SS_RTPL,TEXT,No,No
SF_SKU_CATEGORIES_NEW,CASE_PACK,NUMBER,No,No
SF_SKU_CATEGORIES_NEW,INNER_PACK,NUMBER,No,No
SF_SKU_CATEGORIES_NEW,MOQ,NUMBER,No,No
SF_SKU_CATEGORIES_NEW,UNIT_COST,NUMBER,No,No
SF_SKU_CATEGORIES_NEW,PROMOTION_START,DATE,No,No
SF_SKU_CATEGORIES_NEW,STRENGTH,TEXT,No,No
SF_SKU_CATEGORIES_NEW,VALUE_PRICE_WEB,NUMBER,No,No
SF_SKU_DC_FCST,DEPARTMENT_ID,NUMBER,No,No
SF_SKU_DC_FCST,SKU_ID,NUMBER,No,No
SF_SKU_DC_FCST,DCID,NUMBER,No,No
SF_SKU_DC_FCST,WEEK_END,DATE,No,No
SF_SKU_DC_FCST,STOREFORECAST,FLOAT,No,No
SF_SKU_DC_FCST,DMFORECAST,FLOAT,No,No
SF_SKU_DC_FCST,TOTALFORECAST,FLOAT,No,No
SF_SKU_DC_FCST,CREATIONWEEK,DATE,No,No
SF_SKU_DC_FCST,ORDERFCST_CP,FLOAT,No,No
SF_SKU_DC_FCST,UPLOAD_DATE,DATE,No,No
SF_SKU_DC_FCST,STATUS_CODE,TEXT,No,No
SF_SKU_DC_FCST,ASSORTMENT_CODE,TEXT,No,No
SF_SKU_DC_FCST,PROMOTION_TYPE,TEXT,No,No
SF_SKU_DC_FCST_BACKUP,DEPARTMENT_ID,NUMBER,No,No
SF_SKU_DC_FCST_BACKUP,SKU_ID,TEXT,No,No
SF_SKU_DC_FCST_BACKUP,DCID,NUMBER,No,No
SF_SKU_DC_FCST_BACKUP,WEEK_END,DATE,No,No
SF_SKU_DC_FCST_BACKUP,STOREFORECAST,FLOAT,No,No
SF_SKU_DC_FCST_BACKUP,DMFORECAST,FLOAT,No,No
SF_SKU_DC_FCST_BACKUP,TOTALFORECAST,FLOAT,No,No
SF_SKU_DC_FCST_BACKUP,CREATIONWEEK,DATE,No,No
SF_SKU_DC_FCST_BACKUP,ORDERFCST_CP,FLOAT,No,No
SF_SKU_DC_FCST_BACKUP,UPLOAD_DATE,DATE,No,No
SF_SKU_DC_FCST_BACKUP,STATUS_CODE,TEXT,No,No
SF_SKU_DC_FCST_BACKUP,ASSORTMENT_CODE,TEXT,No,No
SF_SKU_DC_FCST_BACKUP,PROMOTION_TYPE,TEXT,No,No
SF_SKU_DISCOUNTED_DATE,STORE_NO,NUMBER,No,No
SF_SKU_DISCOUNTED_DATE,DISCOUNTED_DATE,DATE,No,No
SF_SKU_DISCOUNTED_DATE,DISCOUNTED_OH_UNITS,NUMBER,No,No
SF_SKU_DISCOUNTED_DATE,DISCOUNTED_OH_COST,NUMBER,No,No
SF_SKU_DISCOUNTED_DATE,AVERAGE_UNIT_COST,NUMBER,No,No
SF_SKU_DISCOUNTED_DATE,STATUS_CODE,TEXT,No,No
SF_SKU_DISCOUNTED_DATE,ASSORTMENT_CODE,TEXT,No,No
SF_SKU_DISCOUNTED_DATE,PROMOTION_TYPE,TEXT,No,No
SF_SKU_DISCOUNTED_DATE,SKU_ID,NUMBER,No,No
SF_SKU_STORE_FCST,SKUID,NUMBER,No,No
SF_SKU_STORE_FCST,STORE_NO,NUMBER,No,No
SF_SKU_STORE_FCST,WEEK_END,DATE,No,No
SF_SKU_STORE_FCST,FORECAST,FLOAT,No,No
SF_SKU_STORE_FCST,STATUS_CODE,TEXT,No,No
SF_SKU_STORE_FCST,ASSORTMENT_CODE,TEXT,No,No
SF_SKU_STORE_FCST,PROMOTION_TYPE,TEXT,No,No
SF_SKU_VENDOR_COST,SKU_ID,TEXT,No,No
SF_SKU_VENDOR_COST,START_DATE,DATE,No,No
SF_SKU_VENDOR_COST,NEXT_DATE,DATE,No,No
SF_SKU_VENDOR_COST,CURRENT_COST,NUMBER,No,No
SF_SLR_CHAIN_DISCO,CALENDAR_DATE,DATE,No,No
SF_SLR_CHAIN_DISCO,SKU_ID,NUMBER,No,No
SF_SLR_CHAIN_DISCO,STORE_NO,NUMBER,No,No
SF_SLR_CHAIN_DISCO,EIGHT_WEEKS_SALES,NUMBER,No,No
SF_SLR_CHAIN_DISCO,DC_OH_UNITS,NUMBER,No,No
SF_SLR_CHAIN_DISCO,STORE_OH_UNITS,NUMBER,No,No
SF_SLR_CHAIN_DISCO,CHAIN_OH_UNITS,NUMBER,No,No
SF_SLR_CHAIN_DISCO,DC_OH_COST,NUMBER,No,No
SF_SLR_CHAIN_DISCO,STORE_OH_COST,NUMBER,No,No
SF_SLR_CHAIN_DISCO,CHAIN_OH_COST,NUMBER,No,No
SF_SLR_CHAIN_DISCO,REPLEN_STORE_COUNT,NUMBER,No,No
SF_SLR_CHAIN_DISCO,DC_REPLEN_COUNT,NUMBER,No,No
SF_SLR_CHAIN_DISCO,STATUS_CODE,TEXT,No,No
SF_SLR_CHAIN_DISCO,ASSORTMENT_CODE,TEXT,No,No
SF_SLR_CHAIN_DISCO,PROMOTION_TYPE,TEXT,No,No
SF_SLR_CHAIN_INVENTORY_DC_STORE_ONHAND,CALENDAR_DATE,DATE,No,No
SF_SLR_CHAIN_INVENTORY_DC_STORE_ONHAND,SKU_ID,NUMBER,No,No
SF_SLR_CHAIN_INVENTORY_DC_STORE_ONHAND,STORE_NO,NUMBER,No,No
SF_SLR_CHAIN_INVENTORY_DC_STORE_ONHAND,SALES,NUMBER,No,No
SF_SLR_CHAIN_INVENTORY_DC_STORE_ONHAND,TOTAL_DC_OH,NUMBER,No,No
SF_SLR_CHAIN_INVENTORY_DC_STORE_ONHAND,DC_IN_TRANSIT_COST,NUMBER,No,No
SF_SLR_CHAIN_INVENTORY_DC_STORE_ONHAND,STORE_INV_COST,NUMBER,No,No
SF_SLR_CHAIN_INVENTORY_DC_STORE_ONHAND,CHAIN_INV_DOLLARS,NUMBER,No,No
SF_SLR_CHAIN_INVENTORY_DC_STORE_ONHAND,TOTAL_DC_OO,NUMBER,No,No
SF_SLR_CHAIN_INVENTORY_DC_STORE_ONHAND,SALES_9005,NUMBER,No,No
SF_SLR_CHAIN_INVENTORY_DC_STORE_ONHAND,SALES_9004,NUMBER,No,No
SF_SLR_CHAIN_INVENTORY_DC_STORE_ONHAND,INPROCESSCOST_9005,NUMBER,No,No
SF_SLR_CHAIN_INVENTORY_DC_STORE_ONHAND,INPROCESSCOST_9004,NUMBER,No,No
SF_SLR_CHAIN_INVENTORY_DC_STORE_ONHAND,DC_OH_COST_9005,NUMBER,No,No
SF_SLR_CHAIN_INVENTORY_DC_STORE_ONHAND,DC_OH_UNITS_9005,NUMBER,No,No
SF_SLR_CHAIN_INVENTORY_DC_STORE_ONHAND,DC_IN_TRANSIT_COST_9005,NUMBER,No,No
SF_SLR_CHAIN_INVENTORY_DC_STORE_ONHAND,DC_IN_TRANSIT_UNITS_9005,NUMBER,No,No
SF_SLR_CHAIN_INVENTORY_DC_STORE_ONHAND,DC_ON_ORDER_9005,NUMBER,No,No
SF_SLR_CHAIN_INVENTORY_DC_STORE_ONHAND,DC_OH_COST_9004,NUMBER,No,No
SF_SLR_CHAIN_INVENTORY_DC_STORE_ONHAND,DC_OH_UNITS_9004,NUMBER,No,No
SF_SLR_CHAIN_INVENTORY_DC_STORE_ONHAND,DC_IN_TRANSIT_COST_9004,NUMBER,No,No
SF_SLR_CHAIN_INVENTORY_DC_STORE_ONHAND,DC_IN_TRANSIT_UNITS_9004,NUMBER,No,No
SF_SLR_CHAIN_INVENTORY_DC_STORE_ONHAND,DC_ON_ORDER_9004,NUMBER,No,No
SF_SLR_CHAIN_INVENTORY_DC_STORE_ONHAND,STORE_OH_UNITS,NUMBER,No,No
SF_SLR_CHAIN_INVENTORY_DC_STORE_ONHAND,DISCO,NUMBER,No,No
SF_SLR_CHAIN_INVENTORY_DC_STORE_ONHAND,TOTAL_SKU_REPLENISHMENT,NUMBER,No,No
SF_SLR_CHAIN_INVENTORY_DC_STORE_ONHAND,TOTAL_UNITS_REPLENISHMENT,NUMBER,No,No
SF_SLR_CHAIN_INVENTORY_DC_STORE_ONHAND,STORE_COUNT,NUMBER,No,No
SF_SLR_CHAIN_INVENTORY_DC_STORE_ONHAND,ACTIVE_NOT_IN_MODEL,NUMBER,No,No
SF_SLR_CHAIN_INVENTORY_DC_STORE_ONHAND,STATUS_CODE,TEXT,No,No
SF_SLR_CHAIN_INVENTORY_DC_STORE_ONHAND,ASSORTMENT_CODE,TEXT,No,No
SF_SLR_CHAIN_INVENTORY_DC_STORE_ONHAND,PROMOTION_TYPE,TEXT,No,No
SF_SLR_CHAIN_INVENTORY_DC_STORE_ONHAND,STORE_IN_TRANSIT_UNITS,NUMBER,No,No
SF_SLR_CHAIN_INVENTORY_DC_STORE_ONHAND_0803,CALENDAR_DATE,DATE,No,No
SF_SLR_CHAIN_INVENTORY_DC_STORE_ONHAND_0803,SKU_ID,NUMBER,No,No
SF_SLR_CHAIN_INVENTORY_DC_STORE_ONHAND_0803,STORE_NO,NUMBER,No,No
SF_SLR_CHAIN_INVENTORY_DC_STORE_ONHAND_0803,SALES,NUMBER,No,No
SF_SLR_CHAIN_INVENTORY_DC_STORE_ONHAND_0803,TOTAL_DC_OH,NUMBER,No,No
SF_SLR_CHAIN_INVENTORY_DC_STORE_ONHAND_0803,DC_IN_TRANSIT_COST,NUMBER,No,No
SF_SLR_CHAIN_INVENTORY_DC_STORE_ONHAND_0803,STORE_INV_COST,NUMBER,No,No
SF_SLR_CHAIN_INVENTORY_DC_STORE_ONHAND_0803,CHAIN_INV_DOLLARS,NUMBER,No,No
SF_SLR_CHAIN_INVENTORY_DC_STORE_ONHAND_0803,TOTAL_DC_OO,NUMBER,No,No
SF_SLR_CHAIN_INVENTORY_DC_STORE_ONHAND_0803,SALES_9005,NUMBER,No,No
SF_SLR_CHAIN_INVENTORY_DC_STORE_ONHAND_0803,SALES_9004,NUMBER,No,No
SF_SLR_CHAIN_INVENTORY_DC_STORE_ONHAND_0803,INPROCESSCOST_9005,NUMBER,No,No
SF_SLR_CHAIN_INVENTORY_DC_STORE_ONHAND_0803,INPROCESSCOST_9004,NUMBER,No,No
SF_SLR_CHAIN_INVENTORY_DC_STORE_ONHAND_0803,DC_OH_COST_9005,NUMBER,No,No
SF_SLR_CHAIN_INVENTORY_DC_STORE_ONHAND_0803,DC_OH_UNITS_9005,NUMBER,No,No
SF_SLR_CHAIN_INVENTORY_DC_STORE_ONHAND_0803,DC_IN_TRANSIT_COST_9005,NUMBER,No,No
SF_SLR_CHAIN_INVENTORY_DC_STORE_ONHAND_0803,DC_IN_TRANSIT_UNITS_9005,NUMBER,No,No
SF_SLR_CHAIN_INVENTORY_DC_STORE_ONHAND_0803,DC_ON_ORDER_9005,NUMBER,No,No
SF_SLR_CHAIN_INVENTORY_DC_STORE_ONHAND_0803,DC_OH_COST_9004,NUMBER,No,No
SF_SLR_CHAIN_INVENTORY_DC_STORE_ONHAND_0803,DC_OH_UNITS_9004,NUMBER,No,No
SF_SLR_CHAIN_INVENTORY_DC_STORE_ONHAND_0803,DC_IN_TRANSIT_COST_9004,NUMBER,No,No
SF_SLR_CHAIN_INVENTORY_DC_STORE_ONHAND_0803,DC_IN_TRANSIT_UNITS_9004,NUMBER,No,No
SF_SLR_CHAIN_INVENTORY_DC_STORE_ONHAND_0803,DC_ON_ORDER_9004,NUMBER,No,No
SF_SLR_CHAIN_INVENTORY_DC_STORE_ONHAND_0803,STORE_OH_UNITS,NUMBER,No,No
SF_SLR_CHAIN_INVENTORY_DC_STORE_ONHAND_0803,DISCO,NUMBER,No,No
SF_SLR_CHAIN_INVENTORY_DC_STORE_ONHAND_0803,TOTAL_SKU_REPLENISHMENT,NUMBER,No,No
SF_SLR_CHAIN_INVENTORY_DC_STORE_ONHAND_0803,TOTAL_UNITS_REPLENISHMENT,NUMBER,No,No
SF_SLR_CHAIN_INVENTORY_DC_STORE_ONHAND_0803,STORE_COUNT,NUMBER,No,No
SF_SLR_CHAIN_INVENTORY_DC_STORE_ONHAND_0803,ACTIVE_NOT_IN_MODEL,NUMBER,No,No
SF_SLR_CHAIN_INVENTORY_DC_STORE_ONHAND_0803,STATUS_CODE,TEXT,No,No
SF_SLR_CHAIN_INVENTORY_DC_STORE_ONHAND_0803,ASSORTMENT_CODE,TEXT,No,No
SF_SLR_CHAIN_INVENTORY_DC_STORE_ONHAND_0803,PROMOTION_TYPE,TEXT,No,No
SF_SLR_CHAIN_INVENTORY_DC_STORE_ONHAND_1004,CALENDAR_DATE,DATE,No,No
SF_SLR_CHAIN_INVENTORY_DC_STORE_ONHAND_1004,SKU_ID,NUMBER,No,No
SF_SLR_CHAIN_INVENTORY_DC_STORE_ONHAND_1004,STORE_NO,NUMBER,No,No
SF_SLR_CHAIN_INVENTORY_DC_STORE_ONHAND_1004,SALES,NUMBER,No,No
SF_SLR_CHAIN_INVENTORY_DC_STORE_ONHAND_1004,TOTAL_DC_OH,NUMBER,No,No
SF_SLR_CHAIN_INVENTORY_DC_STORE_ONHAND_1004,DC_IN_TRANSIT_COST,NUMBER,No,No
SF_SLR_CHAIN_INVENTORY_DC_STORE_ONHAND_1004,STORE_INV_COST,NUMBER,No,No
SF_SLR_CHAIN_INVENTORY_DC_STORE_ONHAND_1004,CHAIN_INV_DOLLARS,NUMBER,No,No
SF_SLR_CHAIN_INVENTORY_DC_STORE_ONHAND_1004,TOTAL_DC_OO,NUMBER,No,No
SF_SLR_CHAIN_INVENTORY_DC_STORE_ONHAND_1004,SALES_9005,NUMBER,No,No
SF_SLR_CHAIN_INVENTORY_DC_STORE_ONHAND_1004,SALES_9004,NUMBER,No,No
SF_SLR_CHAIN_INVENTORY_DC_STORE_ONHAND_1004,INPROCESSCOST_9005,NUMBER,No,No
SF_SLR_CHAIN_INVENTORY_DC_STORE_ONHAND_1004,INPROCESSCOST_9004,NUMBER,No,No
SF_SLR_CHAIN_INVENTORY_DC_STORE_ONHAND_1004,DC_OH_COST_9005,NUMBER,No,No
SF_SLR_CHAIN_INVENTORY_DC_STORE_ONHAND_1004,DC_OH_UNITS_9005,NUMBER,No,No
SF_SLR_CHAIN_INVENTORY_DC_STORE_ONHAND_1004,DC_IN_TRANSIT_COST_9005,NUMBER,No,No
SF_SLR_CHAIN_INVENTORY_DC_STORE_ONHAND_1004,DC_IN_TRANSIT_UNITS_9005,NUMBER,No,No
SF_SLR_CHAIN_INVENTORY_DC_STORE_ONHAND_1004,DC_ON_ORDER_9005,NUMBER,No,No
SF_SLR_CHAIN_INVENTORY_DC_STORE_ONHAND_1004,DC_OH_COST_9004,NUMBER,No,No
SF_SLR_CHAIN_INVENTORY_DC_STORE_ONHAND_1004,DC_OH_UNITS_9004,NUMBER,No,No
SF_SLR_CHAIN_INVENTORY_DC_STORE_ONHAND_1004,DC_IN_TRANSIT_COST_9004,NUMBER,No,No
SF_SLR_CHAIN_INVENTORY_DC_STORE_ONHAND_1004,DC_IN_TRANSIT_UNITS_9004,NUMBER,No,No
SF_SLR_CHAIN_INVENTORY_DC_STORE_ONHAND_1004,DC_ON_ORDER_9004,NUMBER,No,No
SF_SLR_CHAIN_INVENTORY_DC_STORE_ONHAND_1004,STORE_OH_UNITS,NUMBER,No,No
SF_SLR_CHAIN_INVENTORY_DC_STORE_ONHAND_1004,DISCO,NUMBER,No,No
SF_SLR_CHAIN_INVENTORY_DC_STORE_ONHAND_1004,TOTAL_SKU_REPLENISHMENT,NUMBER,No,No
SF_SLR_CHAIN_INVENTORY_DC_STORE_ONHAND_1004,TOTAL_UNITS_REPLENISHMENT,NUMBER,No,No
SF_SLR_CHAIN_INVENTORY_DC_STORE_ONHAND_1004,STORE_COUNT,NUMBER,No,No
SF_SLR_CHAIN_INVENTORY_DC_STORE_ONHAND_1004,ACTIVE_NOT_IN_MODEL,NUMBER,No,No
SF_SLR_CHAIN_INVENTORY_DC_STORE_ONHAND_1004,STATUS_CODE,TEXT,No,No
SF_SLR_CHAIN_INVENTORY_DC_STORE_ONHAND_1004,ASSORTMENT_CODE,TEXT,No,No
SF_SLR_CHAIN_INVENTORY_DC_STORE_ONHAND_1004,PROMOTION_TYPE,TEXT,No,No
SF_SLR_CHAIN_INVENTORY_DC_STORE_ONHAND_1004,STORE_IN_TRANSIT_UNITS,NUMBER,No,No
SF_SLR_CHAIN_INVENTORY_DC_STORE_ONHAND_221019,CALENDAR_DATE,DATE,No,No
SF_SLR_CHAIN_INVENTORY_DC_STORE_ONHAND_221019,SKU_ID,NUMBER,No,No
SF_SLR_CHAIN_INVENTORY_DC_STORE_ONHAND_221019,STORE_NO,NUMBER,No,No
SF_SLR_CHAIN_INVENTORY_DC_STORE_ONHAND_221019,SALES,NUMBER,No,No
SF_SLR_CHAIN_INVENTORY_DC_STORE_ONHAND_221019,TOTAL_DC_OH,NUMBER,No,No
SF_SLR_CHAIN_INVENTORY_DC_STORE_ONHAND_221019,DC_IN_TRANSIT_COST,NUMBER,No,No
SF_SLR_CHAIN_INVENTORY_DC_STORE_ONHAND_221019,STORE_INV_COST,NUMBER,No,No
SF_SLR_CHAIN_INVENTORY_DC_STORE_ONHAND_221019,CHAIN_INV_DOLLARS,NUMBER,No,No
SF_SLR_CHAIN_INVENTORY_DC_STORE_ONHAND_221019,TOTAL_DC_OO,NUMBER,No,No
SF_SLR_CHAIN_INVENTORY_DC_STORE_ONHAND_221019,SALES_9005,NUMBER,No,No
SF_SLR_CHAIN_INVENTORY_DC_STORE_ONHAND_221019,SALES_9004,NUMBER,No,No
SF_SLR_CHAIN_INVENTORY_DC_STORE_ONHAND_221019,INPROCESSCOST_9005,NUMBER,No,No
SF_SLR_CHAIN_INVENTORY_DC_STORE_ONHAND_221019,INPROCESSCOST_9004,NUMBER,No,No
SF_SLR_CHAIN_INVENTORY_DC_STORE_ONHAND_221019,DC_OH_COST_9005,NUMBER,No,No
SF_SLR_CHAIN_INVENTORY_DC_STORE_ONHAND_221019,DC_OH_UNITS_9005,NUMBER,No,No
SF_SLR_CHAIN_INVENTORY_DC_STORE_ONHAND_221019,DC_IN_TRANSIT_COST_9005,NUMBER,No,No
SF_SLR_CHAIN_INVENTORY_DC_STORE_ONHAND_221019,DC_IN_TRANSIT_UNITS_9005,NUMBER,No,No
SF_SLR_CHAIN_INVENTORY_DC_STORE_ONHAND_221019,DC_ON_ORDER_9005,NUMBER,No,No
SF_SLR_CHAIN_INVENTORY_DC_STORE_ONHAND_221019,DC_OH_COST_9004,NUMBER,No,No
SF_SLR_CHAIN_INVENTORY_DC_STORE_ONHAND_221019,DC_OH_UNITS_9004,NUMBER,No,No
SF_SLR_CHAIN_INVENTORY_DC_STORE_ONHAND_221019,DC_IN_TRANSIT_COST_9004,NUMBER,No,No
SF_SLR_CHAIN_INVENTORY_DC_STORE_ONHAND_221019,DC_IN_TRANSIT_UNITS_9004,NUMBER,No,No
SF_SLR_CHAIN_INVENTORY_DC_STORE_ONHAND_221019,DC_ON_ORDER_9004,NUMBER,No,No
SF_SLR_CHAIN_INVENTORY_DC_STORE_ONHAND_221019,STORE_OH_UNITS,NUMBER,No,No
SF_SLR_CHAIN_INVENTORY_DC_STORE_ONHAND_221019,DISCO,NUMBER,No,No
SF_SLR_CHAIN_INVENTORY_DC_STORE_ONHAND_221019,TOTAL_SKU_REPLENISHMENT,NUMBER,No,No
SF_SLR_CHAIN_INVENTORY_DC_STORE_ONHAND_221019,TOTAL_UNITS_REPLENISHMENT,NUMBER,No,No
SF_SLR_CHAIN_INVENTORY_DC_STORE_ONHAND_221019,STORE_COUNT,NUMBER,No,No
SF_SLR_CHAIN_INVENTORY_DC_STORE_ONHAND_221019,ACTIVE_NOT_IN_MODEL,NUMBER,No,No
SF_SLR_CHAIN_INVENTORY_DC_STORE_ONHAND_221019,STATUS_CODE,TEXT,No,No
SF_SLR_CHAIN_INVENTORY_DC_STORE_ONHAND_221019,ASSORTMENT_CODE,TEXT,No,No
SF_SLR_CHAIN_INVENTORY_DC_STORE_ONHAND_221019,PROMOTION_TYPE,TEXT,No,No
SF_SLR_CHAIN_INVENTORY_DC_STORE_ONHAND_221019,STORE_IN_TRANSIT_UNITS,NUMBER,No,No
SF_SLR_CHAIN_INVENTORY_DC_STORE_ONHAND_TEST,CALENDAR_DATE,DATE,No,No
SF_SLR_CHAIN_INVENTORY_DC_STORE_ONHAND_TEST,SKU_ID,NUMBER,No,No
SF_SLR_CHAIN_INVENTORY_DC_STORE_ONHAND_TEST,STORE_NO,NUMBER,No,No
SF_SLR_CHAIN_INVENTORY_DC_STORE_ONHAND_TEST,SALES,NUMBER,No,No
SF_SLR_CHAIN_INVENTORY_DC_STORE_ONHAND_TEST,TOTAL_DC_OH,NUMBER,No,No
SF_SLR_CHAIN_INVENTORY_DC_STORE_ONHAND_TEST,DC_IN_TRANSIT_COST,NUMBER,No,No
SF_SLR_CHAIN_INVENTORY_DC_STORE_ONHAND_TEST,STORE_INV_COST,NUMBER,No,No
SF_SLR_CHAIN_INVENTORY_DC_STORE_ONHAND_TEST,CHAIN_INV_DOLLARS,NUMBER,No,No
SF_SLR_CHAIN_INVENTORY_DC_STORE_ONHAND_TEST,TOTAL_DC_OO,NUMBER,No,No
SF_SLR_CHAIN_INVENTORY_DC_STORE_ONHAND_TEST,SALES_9005,NUMBER,No,No
SF_SLR_CHAIN_INVENTORY_DC_STORE_ONHAND_TEST,SALES_9004,NUMBER,No,No
SF_SLR_CHAIN_INVENTORY_DC_STORE_ONHAND_TEST,INPROCESSCOST_9005,NUMBER,No,No
SF_SLR_CHAIN_INVENTORY_DC_STORE_ONHAND_TEST,INPROCESSCOST_9004,NUMBER,No,No
SF_SLR_CHAIN_INVENTORY_DC_STORE_ONHAND_TEST,DC_OH_COST_9005,NUMBER,No,No
SF_SLR_CHAIN_INVENTORY_DC_STORE_ONHAND_TEST,DC_OH_UNITS_9005,NUMBER,No,No
SF_SLR_CHAIN_INVENTORY_DC_STORE_ONHAND_TEST,DC_IN_TRANSIT_COST_9005,NUMBER,No,No
SF_SLR_CHAIN_INVENTORY_DC_STORE_ONHAND_TEST,DC_IN_TRANSIT_UNITS_9005,NUMBER,No,No
SF_SLR_CHAIN_INVENTORY_DC_STORE_ONHAND_TEST,DC_ON_ORDER_9005,NUMBER,No,No
SF_SLR_CHAIN_INVENTORY_DC_STORE_ONHAND_TEST,DC_OH_COST_9004,NUMBER,No,No
SF_SLR_CHAIN_INVENTORY_DC_STORE_ONHAND_TEST,DC_OH_UNITS_9004,NUMBER,No,No
SF_SLR_CHAIN_INVENTORY_DC_STORE_ONHAND_TEST,DC_IN_TRANSIT_COST_9004,NUMBER,No,No
SF_SLR_CHAIN_INVENTORY_DC_STORE_ONHAND_TEST,DC_IN_TRANSIT_UNITS_9004,NUMBER,No,No
SF_SLR_CHAIN_INVENTORY_DC_STORE_ONHAND_TEST,DC_ON_ORDER_9004,NUMBER,No,No
SF_SLR_CHAIN_INVENTORY_DC_STORE_ONHAND_TEST,STORE_OH_UNITS,NUMBER,No,No
SF_SLR_CHAIN_INVENTORY_DC_STORE_ONHAND_TEST,DISCO,NUMBER,No,No
SF_SLR_CHAIN_INVENTORY_DC_STORE_ONHAND_TEST,TOTAL_SKU_REPLENISHMENT,NUMBER,No,No
SF_SLR_CHAIN_INVENTORY_DC_STORE_ONHAND_TEST,TOTAL_UNITS_REPLENISHMENT,NUMBER,No,No
SF_SLR_CHAIN_INVENTORY_DC_STORE_ONHAND_TEST,STORE_COUNT,NUMBER,No,No
SF_SLR_CHAIN_INVENTORY_DC_STORE_ONHAND_TEST,ACTIVE_NOT_IN_MODEL,NUMBER,No,No
SF_SLR_CHAIN_INVENTORY_DC_STORE_ONHAND_TEST,STATUS_CODE,TEXT,No,No
SF_SLR_CHAIN_INVENTORY_DC_STORE_ONHAND_TEST,ASSORTMENT_CODE,TEXT,No,No
SF_SLR_CHAIN_INVENTORY_DC_STORE_ONHAND_TEST,PROMOTION_TYPE,TEXT,No,No
SF_SLR_CHAIN_INVENTORY_DC_STORE_ONHAND_TEST,STORE_IN_TRANSIT_UNITS,NUMBER,No,No
SF_SLR_POS_POST_SHIP_DATE,CALENDAR_DATE,DATE,No,No
SF_SLR_POS_POST_SHIP_DATE,SKU_ID,NUMBER,No,No
SF_SLR_POS_POST_SHIP_DATE,STORE_NO,NUMBER,No,No
SF_SLR_POS_POST_SHIP_DATE,ENTRY_DATE,DATE,No,No
SF_SLR_POS_POST_SHIP_DATE,SHIP_DATE,DATE,No,No
SF_SLR_POS_POST_SHIP_DATE,CANCEL_DATE,DATE,No,No
SF_SLR_POS_POST_SHIP_DATE,PO_NUMBER,FLOAT,No,No
SF_SLR_POS_POST_SHIP_DATE,VENDOR_CODE,FLOAT,No,No
SF_SLR_POS_POST_SHIP_DATE,MERCH_WEEK_OF_YEAR,NUMBER,No,No
SF_SLR_POS_POST_SHIP_DATE,BUYER,TEXT,No,No
SF_SLR_POS_POST_SHIP_DATE,DESTINATION,TEXT,No,No
SF_SLR_POS_POST_SHIP_DATE,TOTAL_COST,NUMBER,No,No
SF_SLR_POS_POST_SHIP_DATE,TOTAL_PO_UNITS,NUMBER,No,No
SF_STATETZ,STATE,TEXT,No,No
SF_STATETZ,STATECODE,TEXT,No,No
SF_STATETZ,TIMEZONE,TEXT,No,No
SF_STATETZ,FACTOR,NUMBER,No,No
SF_STATETZ,DS,NUMBER,No,No
SF_STORESALES_SA_V,TRANSACTION_DATE,DATE,No,No
SF_STORESALES_SA_V,STORE_NO,NUMBER,No,No
SF_STORESALES_SA_V,BRAND,TEXT,No,No
SF_STORESALES_SA_V,NET_AMOUNT,NUMBER,No,No
SF_STORE_COUNT,CALENDAR_DATE,DATE,No,No
SF_STORE_COUNT,SKU_ID,NUMBER,No,No
SF_STORE_COUNT,STORE,NUMBER,No,No
SF_STORE_COUNT,STORE_REPLENISHMENT,NUMBER,No,No
SF_STORE_COUNT,STATUS_CODE,TEXT,No,No
SF_STORE_COUNT,ASSORTMENT_CODE,TEXT,No,No
SF_STORE_COUNT,PROMOTION_TYPE,TEXT,No,No
SF_STORE_POG,WEEK_END,DATE,No,No
SF_STORE_POG,ELIGIBLE_STORES,NUMBER,No,No
SF_STORE_POG,STATUS_CODE,TEXT,No,No
SF_STORE_POG,ASSORTMENT_CODE,TEXT,No,No
SF_STORE_POG,PROMOTION_TYPE,TEXT,No,No
SF_STORE_POG,SKU_ID,NUMBER,No,No
SF_STORE_POG_DAILY,CALENDAR_DATE,DATE,No,No
SF_STORE_POG_DAILY,STORE_NO,NUMBER,No,No
SF_STORE_POG_DAILY,STATUS_CODE,TEXT,No,No
SF_STORE_POG_DAILY,ASSORTMENT_CODE,TEXT,No,No
SF_STORE_POG_DAILY,PROMOTION_TYPE,TEXT,No,No
SF_STORE_POG_DAILY,SKU_ID,NUMBER,No,No
SF_STORE_SA_V,STORE_NO,NUMBER,No,No
SF_STORE_SA_V,STORE_NAME,TEXT,No,No
SF_STORE_SA_V,STORE_SHORT_NAME,TEXT,No,No
SF_STORE_SA_V,STORE_STATUS_CODE,TEXT,No,No
SF_STORE_SA_V,STORE_MANAGER,TEXT,No,No
SF_STORE_SA_V,SELLING_PRICE,NUMBER,No,No
SF_STORE_SA_V,OPEN_PERIOD,NUMBER,No,No
SF_STORE_SA_V,COMP_PERIOD,NUMBER,No,No
SF_STORE_SA_V,CLOSED_DATE,TIMESTAMP_NTZ,No,No
SF_STORE_SA_V,SELLING_NONSELLING_FLAG,NUMBER,No,No
SF_STORE_SA_V,DIVISION_CODE,NUMBER,No,No
SF_STORE_SA_V,REGION_CODE,TEXT,No,No
SF_STORE_SA_V,DISTRICT_CODE,TEXT,No,No
SF_STORE_SA_V,PHONE_NO,TEXT,No,No
SF_STORE_SA_V,TIME_STAMP,TEXT,No,No
SF_STORE_SA_V,LOCATION_ID,NUMBER,No,No
SF_STORE_SA_V,COMP_DATE,TIMESTAMP_NTZ,No,No
SF_STORE_SA_V,OPEN_DATE,TIMESTAMP_NTZ,No,No
SF_STORE_SA_V,OPEN_TO_RECIEVE_DATE,TIMESTAMP_NTZ,No,No
SF_STORE_SA_V,SETTLEMENT_BILLING_NAME,TEXT,No,No
SF_STORE_SA_V,COUNTRY_CODE,TEXT,No,No
SF_STORE_SA_V,CITY,TEXT,No,No
SF_STORE_SA_V,STATE_CODE,TEXT,No,No
SF_STORE_SA_V,ZIP_CODE,TEXT,No,No
SF_STORE_SHORTNAMES,STORE_NO,FLOAT,No,No
SF_STORE_SHORTNAMES,STR_SNAME,TEXT,No,No
SF_STORE_SHORTNAMES,LENGTH,FLOAT,No,No
SF_STORE_SHORTNAMES_V,STORE_NO,TEXT,No,No
SF_STORE_SHORTNAMES_V,STORE_NAME,TEXT,No,No
SF_STORE_SHORTNAMES_V,LENGTH,TEXT,No,No
SF_STORE_SPACE,STORE_NO,NUMBER,No,No
SF_STORE_SPACE,STORE_NAME,TEXT,No,No
SF_STORE_SPACE,DISTRICT_NUMBER,NUMBER,No,No
SF_STORE_SPACE,DISTRICT_NAME,TEXT,No,No
SF_STORE_SPACE,REGION_NUMBER,NUMBER,No,No
SF_STORE_SPACE,REGION_NAME,TEXT,No,No
SF_STORE_SPACE,SPACE_PLANNING,TEXT,No,No
SF_STORE_SPACE,STORE_TYPE,TEXT,No,No
SF_STORE_SPACE,CHANNEL,TEXT,No,No
SF_STORE_SPACE,DC,NUMBER,No,No
SF_STORE_SPACE,ZIP_CODE,TEXT,No,No
SF_STORE_SPACE,STATE,TEXT,No,No
SF_STORE_SPACE,CITY,TEXT,No,No
SF_STORE_SPACE,OPEN_DATE,DATE,No,No
SF_STORE_SPACE,CLOSED_DATE,DATE,No,No
SF_TRAFFIC,STORE_NO,FLOAT,No,No
SF_TRAFFIC,STORE_NAME,TEXT,No,No
SF_TRAFFIC,DISTRICT_CODE,TEXT,No,No
SF_TRAFFIC,REGION_CODE,TEXT,No,No
SF_TRAFFIC,AS_OF_DATE,DATE,No,No
SF_TRAFFIC,TRAFFIC_VALUE,FLOAT,No,No
SF_TRAFFIC_TRANS,STORE_NO,FLOAT,No,No
SF_TRAFFIC_TRANS,STORE_NAME,TEXT,No,No
SF_TRAFFIC_TRANS,DISTRICT_CODE,TEXT,No,No
SF_TRAFFIC_TRANS,REGION_CODE,TEXT,No,No
SF_TRAFFIC_TRANS,AS_OF_DATE,DATE,No,No
SF_TRAFFIC_TRANS,TRAFFIC_TRANS,FLOAT,No,No
SF_TRAFFIC_TRANS_WITHOUT_BOSS,STORE_NO,FLOAT,No,No
SF_TRAFFIC_TRANS_WITHOUT_BOSS,STORE_NAME,TEXT,No,No
SF_TRAFFIC_TRANS_WITHOUT_BOSS,DISTRICT_CODE,TEXT,No,No
SF_TRAFFIC_TRANS_WITHOUT_BOSS,REGION_CODE,TEXT,No,No
SF_TRAFFIC_TRANS_WITHOUT_BOSS,AS_OF_DATE,DATE,No,No
SF_TRAFFIC_TRANS_WITHOUT_BOSS,TRAFFIC_VALUE,FLOAT,No,No
SF_UBEREAT_REVENUE_PLAN_FORECAST,DATE,DATE,No,No
SF_UBEREAT_REVENUE_PLAN_FORECAST,UBEREATS_FORECAST,NUMBER,No,No
SF_UBEREAT_REVENUE_PLAN_FORECAST,UBEREATS_PLAN,NUMBER,No,No
SF_V_DISTRICT_BOSS_TRANS,DISTRICT_CODE,TEXT,No,No
SF_V_DISTRICT_BOSS_TRANS,AS_OF_DATE,DATE,No,No
SF_V_DISTRICT_BOSS_TRANS,BOSS_TRANS,FLOAT,No,No
SF_V_DISTRICT_CONVERSION,DISTRICT_CODE,TEXT,No,No
SF_V_DISTRICT_CONVERSION,AS_OF_DATE,DATE,No,No
SF_V_DISTRICT_CONVERSION,CONVERSION,FLOAT,No,No
SF_V_DISTRICT_TRAFFIC_TRANS,DISTRICT_CODE,TEXT,No,No
SF_V_DISTRICT_TRAFFIC_TRANS,AS_OF_DATE,DATE,No,No
SF_V_DISTRICT_TRAFFIC_TRANS,TRAFFIC_VALUE,FLOAT,No,No
SF_V_REGION_BOSS_TRANS,REGION_CODE,TEXT,No,No
SF_V_REGION_BOSS_TRANS,AS_OF_DATE,DATE,No,No
SF_V_REGION_BOSS_TRANS,BOSS_TRANS,FLOAT,No,No
SF_V_REGION_CONVERSION,REGION_CODE,TEXT,No,No
SF_V_REGION_CONVERSION,AS_OF_DATE,DATE,No,No
SF_V_REGION_CONVERSION,CONVERSION,FLOAT,No,No
SF_V_REGION_TRAFFIC_TRANS,REGION_CODE,TEXT,No,No
SF_V_REGION_TRAFFIC_TRANS,AS_OF_DATE,DATE,No,No
SF_V_REGION_TRAFFIC_TRANS,TRAFFIC_VALUE,FLOAT,No,No
SF_V_REGION_TRANS,REGION_CODE,TEXT,No,No
SF_V_REGION_TRANS,AS_OF_DATE,DATE,No,No
SF_V_REGION_TRANS,TRAFFIC_VALUE,FLOAT,No,No
SF_V_TRAFFIC_TRANS,DISTRICT_CODE,TEXT,No,No
SF_V_TRAFFIC_TRANS,AS_OF_DATE,DATE,No,No
SF_V_TRAFFIC_TRANS,TRAFFIC_VALUE,FLOAT,No,No
SF_WOS_INVENTORY_DATA,CALENDAR_DATE,DATE,No,No
SF_WOS_INVENTORY_DATA,STORE_NO,NUMBER,No,No
SF_WOS_INVENTORY_DATA,SKU_NO,NUMBER,No,No
SF_WOS_INVENTORY_DATA,ITEM_DESCRIPTION,TEXT,No,No
SF_WOS_INVENTORY_DATA,STATUS_CODE,TEXT,No,No
SF_WOS_INVENTORY_DATA,MANUF_NO,NUMBER,No,No
SF_WOS_INVENTORY_DATA,VENDOR_NO,NUMBER,No,No
SF_WOS_INVENTORY_DATA,VENDOR_NAME,TEXT,No,No
SF_WOS_INVENTORY_DATA,SALES,NUMBER,No,No
SF_WOS_INVENTORY_DATA,OH_UNITS,NUMBER,No,No
SF_WOS_INVENTORY_DATA,OH_COSTS,NUMBER,No,No
SF_WOS_INVENTORY_DATA,CURRENT_INVENTORY_UNITS,NUMBER,No,No
SF_WOS_INVENTORY_DATA,AVG_LAST_EIGHTWEEKS_UNITS_SOLD,NUMBER,No,No
SKU_COST,SKU_ID,NUMBER,No,No
SKU_COST,DATELOADED,DATE,No,No
SKU_COST,COST,NUMBER,No,No
SKU_CURRENT_COST,START_DATE,DATE,No,No
SKU_CURRENT_COST,NEXT_DATE,DATE,No,No
SKU_CURRENT_COST,CURRENT_COST,NUMBER,No,No
SKU_CURRENT_COST,VENDOR_NUMBER,NUMBER,No,No
SKU_CURRENT_COST,SKU_ID,NUMBER,No,No
SKU_INFO,SKU_ID,TEXT,No,No
SKU_INFO,SKU_DESCRIPTION,TEXT,No,No
SKU_INFO,VENDOR_CODE,TEXT,No,No
SKU_INFO,VENDOR_NAME,TEXT,No,No
SKU_INFO,BRAND,TEXT,No,No
SKU_INFO,DEPARTMENT,TEXT,No,No
SKU_INFO,SUBDEPARTMENT,TEXT,No,No
SKU_INFO,CLASS,TEXT,No,No
SKU_INFO,SUBCLASS,TEXT,No,No
SKU_INFO,RETAIL_PLACEMENT,TEXT,No,No
SKU_INFO,SERVING_SIZE,TEXT,No,No
SKU_INFO,NUMBER_SERVINGS,TEXT,No,No
SKU_INFO,FORM,TEXT,No,No
SKU_INFO,ASSORTMENT_CODE,TEXT,No,No
SKU_INFO,ITEMS_NOT_ON_WEB,TEXT,No,No
SKU_INFO,CATEGORY,TEXT,No,No
SKU_INFO,MERCHANDISER_NAME,TEXT,No,No
SKU_INFO,AMOUNT_PER_ITEM,NUMBER,No,No
SKU_INFO,MANUFS_NUMBER,TEXT,No,No
SKU_INFO,UOM,TEXT,No,No
SKU_INFO,CHILD_SKU,NUMBER,No,No
SKU_INFO,VS_STATUS,TEXT,No,No
SKU_INFO,VS_ASST_CODE,TEXT,No,No
SKU_INFO,MSRP,NUMBER,No,No
SKU_INFO,ITEM_CREATE_DATE,DATE,No,No
SKU_INFO,UPC,TEXT,No,No
SKU_INFO,OVERALL_STATUS_NAME,TEXT,No,No
SKU_INFO,DIVISION,NUMBER,No,No
SKU_INFO,OWN_BRAND,TEXT,No,No
SKU_INFO,DEPARTMENT_ID,NUMBER,No,No
SKU_INFO,SUBDEPARTMENT_ID,NUMBER,No,No
SKU_INFO,CLASS_ID,NUMBER,No,No
SKU_INFO,SUBCLASS_ID,NUMBER,No,No
SKU_INFO,CBD,TEXT,No,No
SKU_INFO,FIRST_WHS_RECEIPT_DATE,DATE,No,No
SKU_INFO,FIRST_STORE_RECEIPT_DATE,DATE,No,No
SKU_INFO,FIRST_SALE_DATE,DATE,No,No
SKU_INFO,LAST_SALE_DATE,DATE,No,No
SKU_INFO,BUYER,TEXT,No,No
SKU_INFO,MERCHANDISER_NUMBER,TEXT,No,No
SKU_INFO,SET_CODE,TEXT,No,No
SKU_INFO,SKU_TYPE,TEXT,No,No
SKU_INFO,STATUS_CODE,TEXT,No,No
SKU_INFO,VELOCITY_CODE,TEXT,No,No
SKU_INFO,CHILD_QTY,NUMBER,No,No
SKU_INFO,VALUE_PRICE,NUMBER,No,No
SKU_INFO,ON_REPLENISHMENT_DATE,DATE,No,No
SKU_INFO,OFF_REPLENISHMENT_DATE,DATE,No,No
SKU_INFO,DISCONTINUED_DATE,DATE,No,No
SKU_INFO,FIRST_COST,NUMBER,No,No
SKU_INFO,CLEARANCE,TEXT,No,No
SKU_INFO,HIERARCHY,TEXT,No,No
SKU_INFO,SS_ASSORTMENT_CODE,TEXT,No,No
SKU_INFO,SS_STATUS_CODE,TEXT,No,No
SKU_INFO,SS_RTPL,TEXT,No,No
SKU_INFO,CASE_PACK,NUMBER,No,No
SKU_INFO,INNER_PACK,NUMBER,No,No
SKU_INFO,MOQ,NUMBER,No,No
SKU_INFO,UNIT_COST,NUMBER,No,No
SKU_INFO,PROMOTION_START,DATE,No,No
SKU_INFO,STRENGTH,TEXT,No,No
SKU_INFO,VALUE_PRICE_WEB,NUMBER,No,No
SKU_PRICE_COST_PLAN_FILE_PRCPLN,ITEM_NUMBER,TEXT,No,No
SKU_PRICE_COST_PLAN_FILE_PRCPLN,CHANGE_CODE_LEVEL,TEXT,No,No
SKU_PRICE_COST_PLAN_FILE_PRCPLN,STORE_NUMBER,NUMBER,No,No
SKU_PRICE_COST_PLAN_FILE_PRCPLN,VENDOR_NUMBER,NUMBER,No,No
SKU_PRICE_COST_PLAN_FILE_PRCPLN,STYLE_NUMBER,TEXT,No,No
SKU_PRICE_COST_PLAN_FILE_PRCPLN,START_DATE_CENT_CODE,NUMBER,No,No
SKU_PRICE_COST_PLAN_FILE_PRCPLN,START_DATE,DATE,No,No
SKU_PRICE_COST_PLAN_FILE_PRCPLN,PRICE_EVENT_TYPE,NUMBER,No,No
SKU_PRICE_COST_PLAN_FILE_PRCPLN,FLAG,NUMBER,No,No
SKU_PRICE_COST_PLAN_FILE_PRCPLN,PRICE_EVENT_NO,NUMBER,No,No
SKU_PRICE_COST_PLAN_FILE_PRCPLN,NEW_PRICE,NUMBER,No,No
SKU_PRICE_COST_PLAN_FILE_PRCPLN,PRICE_MULTIPLE,NUMBER,No,No
SKU_PRICE_COST_PLAN_FILE_PRCPLN,MIX_MATCH_GROUP,NUMBER,No,No
SKU_PRICE_COST_PLAN_FILE_PRCPLN,BUY_QUANTITY,NUMBER,No,No
SKU_PRICE_COST_PLAN_FILE_PRCPLN,BUY_VALUE,NUMBER,No,No
SKU_PRICE_COST_PLAN_FILE_PRCPLN,BUY_VALUE_TYPE,TEXT,No,No
SKU_PRICE_COST_PLAN_FILE_PRCPLN,QUANTITY_END,NUMBER,No,No
SKU_PRICE_COST_PLAN_FILE_PRCPLN,QUANTITY_BREAK,TEXT,No,No
SKU_PRICE_COST_PLAN_FILE_PRCPLN,END_DATE_CENT_CODE,NUMBER,No,No
SKU_PRICE_COST_PLAN_FILE_PRCPLN,END_DATE,NUMBER,No,No
SKU_PRICE_COST_PLAN_FILE_PRCPLN,RECORD_TYPE,NUMBER,No,No
SKU_PRICE_COST_PLAN_FILE_PRCPLN,DAYEND_PROCESSED,TEXT,No,No
SKU_PRICE_COST_PLAN_FILE_PRCPLN,HISTORY_TRACKED,TEXT,No,No
SKU_PRICE_COST_PLAN_FILE_PRCPLN,NOTIFY_START_CENT_CODE,NUMBER,No,No
SKU_PRICE_COST_PLAN_FILE_PRCPLN,NOTIFY_START_DATE,NUMBER,No,No
SKU_PRICE_COST_PLAN_FILE_PRCPLN,NOTIFY_END_END_CENT,NUMBER,No,No
SKU_PRICE_COST_PLAN_FILE_PRCPLN,NOTIFY_END_DATE,NUMBER,No,No
SKU_PRICE_COST_PLAN_FILE_PRCPLN,APPLY_C_S_D_OVERRIDE,TEXT,No,No
SKU_PRICE_COST_PLAN_FILE_PRCPLN,APPLY_LOC_OVERRIDE,TEXT,No,No
SKU_PRICE_COST_PLAN_FILE_PRCPLN,DEAL_PRICE_METHOD,NUMBER,No,No
SKU_PRICE_COST_PLAN_FILE_PRCPLN,DEAL_PRICE_QUANTITY,NUMBER,No,No
SKU_PRICE_COST_PLAN_FILE_PRCPLN,DEAL_PRICE_AMOUNT,NUMBER,No,No
SKU_PRICE_COST_PLAN_FILE_PRCPLN,PRODUCT_CODE,NUMBER,No,No
SKU_PRICE_COST_PLAN_FILE_PRCPLN,UPC_TYPE,TEXT,No,No
SKU_PRICE_COST_PLAN_FILE_PRCPLN,CURRENCY_CODE,TEXT,No,No
SKU_PRICE_COST_PLAN_FILE_PRCPLN,PRICE_TYPE,TEXT,No,No
SKU_PRICE_COST_PLAN_FILE_PRCPLN,APPLY_UPC_OVERRIDE,TEXT,No,No
STORES_DATA,STORE_NO,NUMBER,No,No
STORES_DATA,CITY,TEXT,No,No
STORES_DATA,STATE_CODE,TEXT,No,No
STORES_DATA,ZIP_CODE,TEXT,No,No
STORE_AVG,CALENDAR_DATE,DATE,No,No
STORE_AVG,SKU_ID,TEXT,No,No
STORE_AVG,STORE,NUMBER,No,No
STORE_AVG,WEEKS_AVAIL,NUMBER,No,No
STORE_AVG_LY,CALENDAR_DATE,DATE,No,No
STORE_AVG_LY,SKU_ID,TEXT,No,No
STORE_AVG_LY,STORE,NUMBER,No,No
STORE_AVG_LY,WEEKS_AVAIL,NUMBER,No,No
STORE_BALANCE_REPORT,STORE_NO,NUMBER,No,No
STORE_BALANCE_REPORT,LINE_OBJECT_DESCRIPTION,TEXT,No,No
STORE_BALANCE_REPORT,LINE_ACTION_DISPLAY_DESCR,TEXT,No,No
STORE_BALANCE_REPORT,SALE_LINE_ITEM_TYPE,TEXT,No,No
STORE_BALANCE_REPORT,DEBIT,NUMBER,No,No
STORE_BALANCE_REPORT,CREDIT,NUMBER,No,No
STORE_BALANCE_REPORT_DAILY,TRANSACTION_DATE,DATE,No,No
STORE_BALANCE_REPORT_DAILY,STORE_NO,NUMBER,No,No
STORE_BALANCE_REPORT_DAILY,LINE_OBJECT_DESCRIPTION,TEXT,No,No
STORE_BALANCE_REPORT_DAILY,LINE_ACTION_DISPLAY_DESCR,TEXT,No,No
STORE_BALANCE_REPORT_DAILY,SALE_LINE_ITEM_TYPE,TEXT,No,No
STORE_BALANCE_REPORT_DAILY,DEBIT,NUMBER,No,No
STORE_BALANCE_REPORT_DAILY,CREDIT,NUMBER,No,No
STORE_BALANCE_REPORT_DAILY,SALES,NUMBER,No,No
STORE_BALANCE_REPORT_DAILY,RETURNS,NUMBER,No,No
STORE_BALANCE_REPORT_DAILY,ISSUED,NUMBER,No,No
STORE_BALANCE_REPORT_DAILY,REDEEMED,NUMBER,No,No
STORE_BALANCE_REPORT_DAILY,PAID_OUT,NUMBER,No,No
STORE_BALANCE_REPORT_DAILY,PAID_INS,NUMBER,No,No
STORE_BALANCE_REPORT_DAILY,REVENUE,NUMBER,No,No
STORE_BALANCE_REPORT_DAILY,COST,NUMBER,No,No
STORE_BALANCE_REPORT_DAILY,SEQUENCE,NUMBER,No,No
STORE_BALANCE_REPORT_DAILY,DISCOUNT_AMOUNT,NUMBER,No,No
STORE_BALANCE_REPORT_DAILY_S,SEQUENCE,NUMBER,No,No
STORE_BALANCE_REPORT_DAILY_S,TRANSACTION_DATE,DATE,No,No
STORE_BALANCE_REPORT_DAILY_S,STORE_NO,NUMBER,No,No
STORE_BALANCE_REPORT_DAILY_S,LINE_OBJECT_DESCRIPTION,TEXT,No,No
STORE_BALANCE_REPORT_DAILY_S,LINE_ACTION_DISPLAY_DESCR,TEXT,No,No
STORE_BALANCE_REPORT_DAILY_S,SALE_LINE_ITEM_TYPE,TEXT,No,No
STORE_BALANCE_REPORT_DAILY_S,DEBIT,NUMBER,No,No
STORE_BALANCE_REPORT_DAILY_S,CREDIT,NUMBER,No,No
STORE_BALANCE_REPORT_DAILY_S,SALES,NUMBER,No,No
STORE_BALANCE_REPORT_DAILY_S,RETURNS,NUMBER,No,No
STORE_BALANCE_REPORT_DAILY_S,ISSUED,NUMBER,No,No
STORE_BALANCE_REPORT_DAILY_S,REDEEMED,NUMBER,No,No
STORE_BALANCE_REPORT_DAILY_S,PAID_OUT,NUMBER,No,No
STORE_BALANCE_REPORT_DAILY_S,PAID_INS,NUMBER,No,No
STORE_BALANCE_REPORT_DAILY_S,REVENUE,NUMBER,No,No
STORE_BALANCE_REPORT_DAILY_S,COST,NUMBER,No,No
STORE_BALANCE_REPORT_MONTH,MONTH_ENDING_DATE,DATE,No,No
STORE_BALANCE_REPORT_MONTH,STORE_NO,NUMBER,No,No
STORE_BALANCE_REPORT_MONTH,LINE_OBJECT_DESCRIPTION,TEXT,No,No
STORE_BALANCE_REPORT_MONTH,LINE_ACTION_DISPLAY_DESCR,TEXT,No,No
STORE_BALANCE_REPORT_MONTH,SALE_LINE_ITEM_TYPE,TEXT,No,No
STORE_BALANCE_REPORT_MONTH,DEBIT,NUMBER,No,No
STORE_BALANCE_REPORT_MONTH,CREDIT,NUMBER,No,No
STORE_BALANCE_REPORT_MONTH,SALES,NUMBER,No,No
STORE_BALANCE_REPORT_MONTH,RETURNS,NUMBER,No,No
STORE_BALANCE_REPORT_MONTH,ISSUED,NUMBER,No,No
STORE_BALANCE_REPORT_MONTH,REDEEMED,NUMBER,No,No
STORE_BALANCE_REPORT_MONTH,PAID_OUT,NUMBER,No,No
STORE_BALANCE_REPORT_MONTH,PAID_INS,NUMBER,No,No
STORE_BALANCE_REPORT_MONTH,REVENUE,NUMBER,No,No
STORE_BALANCE_REPORT_MONTH,REFUNDS,NUMBER,No,No
STORE_BALANCE_REPORT_MONTH,COST,NUMBER,No,No
STORE_BALANCE_REPORT_MONTHLY,MONTH_ENDING_DATE,DATE,No,No
STORE_BALANCE_REPORT_MONTHLY,STORE_NO,NUMBER,No,No
STORE_BALANCE_REPORT_MONTHLY,LINE_OBJECT_DESCRIPTION,TEXT,No,No
STORE_BALANCE_REPORT_MONTHLY,LINE_ACTION_DISPLAY_DESCR,TEXT,No,No
STORE_BALANCE_REPORT_MONTHLY,SALE_LINE_ITEM_TYPE,TEXT,No,No
STORE_BALANCE_REPORT_MONTHLY,DEBIT,NUMBER,No,No
STORE_BALANCE_REPORT_MONTHLY,CREDIT,NUMBER,No,No
STORE_BALANCE_REPORT_MONTHLY,SALES,NUMBER,No,No
STORE_BALANCE_REPORT_MONTHLY,RETURNS,NUMBER,No,No
STORE_BALANCE_REPORT_MONTHLY,ISSUED,NUMBER,No,No
STORE_BALANCE_REPORT_MONTHLY,REDEEMED,NUMBER,No,No
STORE_BALANCE_REPORT_MONTHLY,PAID_OUT,NUMBER,No,No
STORE_BALANCE_REPORT_MONTHLY,PAID_INS,NUMBER,No,No
STORE_BALANCE_REPORT_MONTHLY,REVENUE,NUMBER,No,No
STORE_BALANCE_REPORT_MONTHLY,COST,NUMBER,No,No
STORE_BALANCE_REPORT_MONTHLY_BACKP,MONTH_ENDING_DATE,DATE,No,No
STORE_BALANCE_REPORT_MONTHLY_BACKP,STORE_NO,NUMBER,No,No
STORE_BALANCE_REPORT_MONTHLY_BACKP,LINE_OBJECT_DESCRIPTION,TEXT,No,No
STORE_BALANCE_REPORT_MONTHLY_BACKP,LINE_ACTION_DISPLAY_DESCR,TEXT,No,No
STORE_BALANCE_REPORT_MONTHLY_BACKP,SALE_LINE_ITEM_TYPE,TEXT,No,No
STORE_BALANCE_REPORT_MONTHLY_BACKP,DEBIT,NUMBER,No,No
STORE_BALANCE_REPORT_MONTHLY_BACKP,CREDIT,NUMBER,No,No
STORE_BALANCE_REPORT_MONTHLY_BACKP,SALES,NUMBER,No,No
STORE_BALANCE_REPORT_MONTHLY_BACKP,RETURNS,NUMBER,No,No
STORE_BALANCE_REPORT_MONTHLY_BACKP,ISSUED,NUMBER,No,No
STORE_BALANCE_REPORT_MONTHLY_BACKP,REDEEMED,NUMBER,No,No
STORE_BALANCE_REPORT_MONTHLY_BACKP,PAID_OUT,NUMBER,No,No
STORE_BALANCE_REPORT_MONTHLY_BACKP,PAID_INS,NUMBER,No,No
STORE_BALANCE_REPORT_MONTHLY_BACKP,REVENUE,NUMBER,No,No
STORE_BALANCE_REPORT_MONTHLY_BACKP,COST,NUMBER,No,No
STORE_BALANCE_REPORT_MONTHLY_H,MONTH_ENDING_DATE,DATE,No,No
STORE_BALANCE_REPORT_MONTHLY_H,STORE_NO,NUMBER,No,No
STORE_BALANCE_REPORT_MONTHLY_H,LINE_OBJECT_DESCRIPTION,TEXT,No,No
STORE_BALANCE_REPORT_MONTHLY_H,LINE_ACTION_DISPLAY_DESCR,TEXT,No,No
STORE_BALANCE_REPORT_MONTHLY_H,SALE_LINE_ITEM_TYPE,TEXT,No,No
STORE_BALANCE_REPORT_MONTHLY_H,DEBIT,NUMBER,No,No
STORE_BALANCE_REPORT_MONTHLY_H,CREDIT,NUMBER,No,No
STORE_BALANCE_REPORT_MONTHLY_H,SALES,NUMBER,No,No
STORE_BALANCE_REPORT_MONTHLY_H,RETURNS,NUMBER,No,No
STORE_BALANCE_REPORT_MONTHLY_H,ISSUED,NUMBER,No,No
STORE_BALANCE_REPORT_MONTHLY_H,REDEEMED,NUMBER,No,No
STORE_BALANCE_REPORT_MONTHLY_H,PAID_OUT,NUMBER,No,No
STORE_BALANCE_REPORT_MONTHLY_H,PAID_INS,NUMBER,No,No
STORE_BALANCE_REPORT_MONTHLY_H,REVENUE,NUMBER,No,No
STORE_BALANCE_REPORT_MONTHLY_H,REFUNDS,NUMBER,No,No
STORE_BALANCE_REPORT_MONTHLY_H,COST,NUMBER,No,No
STORE_BALANCE_REPORT_NEW,TRANSACTION_DATE,DATE,No,No
STORE_BALANCE_REPORT_NEW,STORE_NO,NUMBER,No,No
STORE_BALANCE_REPORT_NEW,LINE_OBJECT_DESCRIPTION,TEXT,No,No
STORE_BALANCE_REPORT_NEW,LINE_ACTION_DISPLAY_DESCR,TEXT,No,No
STORE_BALANCE_REPORT_NEW,SALE_LINE_ITEM_TYPE,TEXT,No,No
STORE_BALANCE_REPORT_NEW,DEBIT,NUMBER,No,No
STORE_BALANCE_REPORT_NEW,CREDIT,NUMBER,No,No
STORE_BALANCE_REPORT_NEW,SALES,NUMBER,No,No
STORE_BALANCE_REPORT_NEW,RETURNS,NUMBER,No,No
STORE_BALANCE_REPORT_NEW,ISSUED,NUMBER,No,No
STORE_BALANCE_REPORT_NEW,REDEEMED,NUMBER,No,No
STORE_BALANCE_REPORT_NEW,PAID_OUT,NUMBER,No,No
STORE_BALANCE_REPORT_NEW,PAID_INS,NUMBER,No,No
STORE_BALANCE_REPORT_NEW,REVENUE,NUMBER,No,No
STORE_BALANCE_REPORT_NEW,REFUNDS,NUMBER,No,No
STORE_BFR_DATAMART_AA,STORE_NO,NUMBER,No,No
STORE_BFR_DATAMART_AA,SKU,NUMBER,No,No
STORE_BFR_DATAMART_AA,TOTAL_SALES,NUMBER,No,No
STORE_BFR_DATAMART_AA,TOTAL_UNITS,NUMBER,No,No
STORE_BFR_DATAMART_AA,COGS,NUMBER,No,No
STORE_BFR_DATAMART_NEW_FRANCHISE,STORE_NO,NUMBER,No,No
STORE_BFR_DATAMART_NEW_FRANCHISE,STORE_LAYER,TEXT,No,No
STORE_BFR_DATAMART_NEW_FRANCHISE,DISTRICT_NUMBER,TEXT,No,No
STORE_BFR_DATAMART_NEW_FRANCHISE,DISTRICT_NAME,TEXT,No,No
STORE_BFR_DATAMART_NEW_FRANCHISE,REGION_NUMBER,TEXT,No,No
STORE_BFR_DATAMART_NEW_FRANCHISE,REGION_NAME,TEXT,No,No
STORE_BFR_DATAMART_NEW_FRANCHISE,BRAND,TEXT,No,No
STORE_BFR_DATAMART_NEW_FRANCHISE,BRAND_DESCRIPTION,TEXT,No,No
STORE_BFR_DATAMART_NEW_FRANCHISE,VENDOR_NUMBR,NUMBER,No,No
STORE_BFR_DATAMART_NEW_FRANCHISE,VENDOR_NAME,TEXT,No,No
STORE_BFR_DATAMART_NEW_FRANCHISE,ATTRIBUTE_2,TEXT,No,No
STORE_BFR_DATAMART_NEW_FRANCHISE,MERCHANDISER,TEXT,No,No
STORE_BFR_DATAMART_NEW_FRANCHISE,MERCHANDISER_NAME,TEXT,No,No
STORE_BFR_DATAMART_NEW_FRANCHISE,DEPARTMENT,TEXT,No,No
STORE_BFR_DATAMART_NEW_FRANCHISE,SUBDEPARTMENT,TEXT,No,No
STORE_BFR_DATAMART_NEW_FRANCHISE,CLASS,TEXT,No,No
STORE_BFR_DATAMART_NEW_FRANCHISE,SUB_CLASS,TEXT,No,No
STORE_BFR_DATAMART_NEW_FRANCHISE,SKU,TEXT,No,No
STORE_BFR_DATAMART_NEW_FRANCHISE,SKU_NUMBR,NUMBER,No,No
STORE_BFR_DATAMART_NEW_FRANCHISE,ITEM_DESCRIPTION,TEXT,No,No
STORE_BFR_DATAMART_NEW_FRANCHISE,RETAIL_PLACEMENT_VALUE,TEXT,No,No
STORE_BFR_DATAMART_NEW_FRANCHISE,RETAIL_PLACEMENT_NAME,TEXT,No,No
STORE_BFR_DATAMART_NEW_FRANCHISE,BUYER,TEXT,No,No
STORE_BFR_DATAMART_NEW_FRANCHISE,CHANNEL,TEXT,No,No
STORE_BFR_DATAMART_NEW_FRANCHISE,TOTAL_SALES,NUMBER,No,No
STORE_BFR_DATAMART_NEW_FRANCHISE,TOTAL_UNITS,NUMBER,No,No
STORE_BFR_DATAMART_NEW_FRANCHISE,COGS,NUMBER,No,No
STORE_BFR_DATAMART_NEW_FRANCHISE,REG_SALES,NUMBER,No,No
STORE_BFR_DATAMART_NEW_FRANCHISE,MERCH_SALES,NUMBER,No,No
STORE_BFR_DATAMART_NEW_FRANCHISE,TY_COMP,NUMBER,No,No
STORE_BFR_DATAMART_NEW_FRANCHISE,LY_COMP,NUMBER,No,No
STORE_BFR_DATAMART_NEW_FRANCHISE,TY_COMP_UNITS,NUMBER,No,No
STORE_BFR_DATAMART_NEW_FRANCHISE,LY_COMP_UNITS,NUMBER,No,No
STORE_BFR_DATAMART_NEW_FRANCHISE,PLAN_COMP,NUMBER,No,No
STORE_BFR_DATAMART_NEW_FRANCHISE,DEPARTMENT_ID,NUMBER,No,No
STORE_BFR_DATAMART_NEW_FRANCHISE,SUB_DEPARTMENT_ID,NUMBER,No,No
STORE_BFR_DATAMART_NEW_FRANCHISE,CLASS_ID,NUMBER,No,No
STORE_BFR_DATAMART_NEW_FRANCHISE,SUBCLASS_ID,NUMBER,No,No
STORE_BFR_DATAMART_NEW_FRANCHISE,SCAN_DOLLARS,NUMBER,No,No
STORE_BFR_DATAMART_NEW_FRANCHISE,CHILD_SKU,NUMBER,No,No
STORE_BFR_DATAMART_NEW_FRANCHISE,CHILD_SKU_DESCRIPTION,TEXT,No,No
STORE_BFR_DATAMART_NEW_FRANCHISE,UNITS_PER_SET,NUMBER,No,No
STORE_BFR_DATAMART_NEW_FRANCHISE,CHILD_SKU_QUANITITY,NUMBER,No,No
STORE_BFR_DATAMART_NEW_FRANCHISE,SS_ASSORTMENT_CODE,TEXT,No,No
STORE_BFR_DATAMART_NEW_FRANCHISE,OVERALL_STATUS_CODE,TEXT,No,No
STORE_BFR_DATAMART_NEW_FRANCHISE,OVERALL_STATUS_NAME,TEXT,No,No
STORE_BFR_DATAMART_NEW_FRANCHISE,VSI_STATUS_CODE,TEXT,No,No
STORE_BFR_DATAMART_NEW_FRANCHISE,VSI_STATUS_NAME,TEXT,No,No
STORE_BFR_DATAMART_NEW_FRANCHISE,SS_STATUS_CODE,TEXT,No,No
STORE_BFR_DATAMART_NEW_FRANCHISE,SS_STATUS_NAME,TEXT,No,No
STORE_BFR_DATAMART_NEW_FRANCHISE,SS_MERCHANDISER,TEXT,No,No
STORE_BFR_DATAMART_NEW_FRANCHISE,SS_MERCHANDISER_NAME,TEXT,No,No
STORE_BFR_DATAMART_NEW_FRANCHISE,SS_RETAIL_PLACEMENT_VAL,TEXT,No,No
STORE_BFR_DATAMART_NEW_FRANCHISE,REPLENISHMENT_STATUS,NUMBER,No,No
STORE_BFR_DATAMART_NEW_FRANCHISE,SS_RETAIL_PLACEMENT_NAME,TEXT,No,No
STORE_BFR_DATAMART_NEW_FRANCHISE,PLAN_NET_SALES,NUMBER,No,No
STORE_BFR_DATAMART_NEW_FRANCHISE,PLAN_UNITS,NUMBER,No,No
STORE_BFR_DATAMART_NEW_FRANCHISE,PLAN_VP_SALES,NUMBER,No,No
STORE_BFR_DATAMART_NEW_FRANCHISE,PLAN_COST,NUMBER,No,No
STORE_BFR_DATAMART_NEW_FRANCHISE,PLAN_PROM,NUMBER,No,No
STORE_BFR_DATAMART_NEW_FRANCHISE,PLSCN,NUMBER,No,No
STORE_BFR_DATAMART_NEW_FRANCHISE,PLPMS,NUMBER,No,No
STORE_BFR_DATAMART_NEW_FRANCHISE,PLPMSP,NUMBER,No,No
STORE_BFR_DATAMART_NEW_FRANCHISE,COMPANY_NAME,TEXT,No,No
STORE_BFR_DATAMART_NEW_FRANCHISE,G_L_COMPANY_NO,NUMBER,No,No
STORE_BFR_DATAMART_NEW_FRANCHISE,WEEK_NAME,TEXT,No,No
STORE_BFR_DATAMART_NEW_FRANCHISE,STORE_TYPE,TEXT,No,No
STORE_BFR_DATAMART_NEW_FRANCHISE,WEEKEND,DATE,No,No
STORE_BFR_DATAMART_NEW_FRANCHISE,OH_UNITS,NUMBER,No,No
STORE_BFR_DATAMART_NEW_FRANCHISE,OH_COST,NUMBER,No,No
STORE_BFR_DATAMART_NEW_WHOLSALE,STORE_NO,NUMBER,No,No
STORE_BFR_DATAMART_NEW_WHOLSALE,STORE_LAYER,TEXT,No,No
STORE_BFR_DATAMART_NEW_WHOLSALE,DISTRICT_NUMBER,TEXT,No,No
STORE_BFR_DATAMART_NEW_WHOLSALE,DISTRICT_NAME,TEXT,No,No
STORE_BFR_DATAMART_NEW_WHOLSALE,REGION_NUMBER,TEXT,No,No
STORE_BFR_DATAMART_NEW_WHOLSALE,REGION_NAME,TEXT,No,No
STORE_BFR_DATAMART_NEW_WHOLSALE,BRAND,TEXT,No,No
STORE_BFR_DATAMART_NEW_WHOLSALE,BRAND_DESCRIPTION,TEXT,No,No
STORE_BFR_DATAMART_NEW_WHOLSALE,VENDOR_NUMBR,NUMBER,No,No
STORE_BFR_DATAMART_NEW_WHOLSALE,VENDOR_NAME,TEXT,No,No
STORE_BFR_DATAMART_NEW_WHOLSALE,ATTRIBUTE_2,TEXT,No,No
STORE_BFR_DATAMART_NEW_WHOLSALE,MERCHANDISER,TEXT,No,No
STORE_BFR_DATAMART_NEW_WHOLSALE,MERCHANDISER_NAME,TEXT,No,No
STORE_BFR_DATAMART_NEW_WHOLSALE,DEPARTMENT,TEXT,No,No
STORE_BFR_DATAMART_NEW_WHOLSALE,SUBDEPARTMENT,TEXT,No,No
STORE_BFR_DATAMART_NEW_WHOLSALE,CLASS,TEXT,No,No
STORE_BFR_DATAMART_NEW_WHOLSALE,SUB_CLASS,TEXT,No,No
STORE_BFR_DATAMART_NEW_WHOLSALE,SKU,TEXT,No,No
STORE_BFR_DATAMART_NEW_WHOLSALE,SKU_NUMBR,NUMBER,No,No
STORE_BFR_DATAMART_NEW_WHOLSALE,ITEM_DESCRIPTION,TEXT,No,No
STORE_BFR_DATAMART_NEW_WHOLSALE,RETAIL_PLACEMENT_VALUE,TEXT,No,No
STORE_BFR_DATAMART_NEW_WHOLSALE,RETAIL_PLACEMENT_NAME,TEXT,No,No
STORE_BFR_DATAMART_NEW_WHOLSALE,BUYER,TEXT,No,No
STORE_BFR_DATAMART_NEW_WHOLSALE,CHANNEL,TEXT,No,No
STORE_BFR_DATAMART_NEW_WHOLSALE,TOTAL_SALES,NUMBER,No,No
STORE_BFR_DATAMART_NEW_WHOLSALE,TOTAL_UNITS,NUMBER,No,No
STORE_BFR_DATAMART_NEW_WHOLSALE,COGS,NUMBER,No,No
STORE_BFR_DATAMART_NEW_WHOLSALE,REG_SALES,NUMBER,No,No
STORE_BFR_DATAMART_NEW_WHOLSALE,MERCH_SALES,NUMBER,No,No
STORE_BFR_DATAMART_NEW_WHOLSALE,TY_COMP,NUMBER,No,No
STORE_BFR_DATAMART_NEW_WHOLSALE,LY_COMP,NUMBER,No,No
STORE_BFR_DATAMART_NEW_WHOLSALE,TY_COMP_UNITS,NUMBER,No,No
STORE_BFR_DATAMART_NEW_WHOLSALE,LY_COMP_UNITS,NUMBER,No,No
STORE_BFR_DATAMART_NEW_WHOLSALE,PLAN_COMP,NUMBER,No,No
STORE_BFR_DATAMART_NEW_WHOLSALE,DEPARTMENT_ID,NUMBER,No,No
STORE_BFR_DATAMART_NEW_WHOLSALE,SUB_DEPARTMENT_ID,NUMBER,No,No
STORE_BFR_DATAMART_NEW_WHOLSALE,CLASS_ID,NUMBER,No,No
STORE_BFR_DATAMART_NEW_WHOLSALE,SUBCLASS_ID,NUMBER,No,No
STORE_BFR_DATAMART_NEW_WHOLSALE,SCAN_DOLLARS,NUMBER,No,No
STORE_BFR_DATAMART_NEW_WHOLSALE,CHILD_SKU,NUMBER,No,No
STORE_BFR_DATAMART_NEW_WHOLSALE,CHILD_SKU_DESCRIPTION,TEXT,No,No
STORE_BFR_DATAMART_NEW_WHOLSALE,UNITS_PER_SET,NUMBER,No,No
STORE_BFR_DATAMART_NEW_WHOLSALE,CHILD_SKU_QUANITITY,NUMBER,No,No
STORE_BFR_DATAMART_NEW_WHOLSALE,SS_ASSORTMENT_CODE,TEXT,No,No
STORE_BFR_DATAMART_NEW_WHOLSALE,OVERALL_STATUS_CODE,TEXT,No,No
STORE_BFR_DATAMART_NEW_WHOLSALE,OVERALL_STATUS_NAME,TEXT,No,No
STORE_BFR_DATAMART_NEW_WHOLSALE,VSI_STATUS_CODE,TEXT,No,No
STORE_BFR_DATAMART_NEW_WHOLSALE,VSI_STATUS_NAME,TEXT,No,No
STORE_BFR_DATAMART_NEW_WHOLSALE,SS_STATUS_CODE,TEXT,No,No
STORE_BFR_DATAMART_NEW_WHOLSALE,SS_STATUS_NAME,TEXT,No,No
STORE_BFR_DATAMART_NEW_WHOLSALE,SS_MERCHANDISER,TEXT,No,No
STORE_BFR_DATAMART_NEW_WHOLSALE,SS_MERCHANDISER_NAME,TEXT,No,No
STORE_BFR_DATAMART_NEW_WHOLSALE,SS_RETAIL_PLACEMENT_VAL,TEXT,No,No
STORE_BFR_DATAMART_NEW_WHOLSALE,REPLENISHMENT_STATUS,NUMBER,No,No
STORE_BFR_DATAMART_NEW_WHOLSALE,SS_RETAIL_PLACEMENT_NAME,TEXT,No,No
STORE_BFR_DATAMART_NEW_WHOLSALE,PLAN_NET_SALES,NUMBER,No,No
STORE_BFR_DATAMART_NEW_WHOLSALE,PLAN_UNITS,NUMBER,No,No
STORE_BFR_DATAMART_NEW_WHOLSALE,PLAN_VP_SALES,NUMBER,No,No
STORE_BFR_DATAMART_NEW_WHOLSALE,PLAN_COST,NUMBER,No,No
STORE_BFR_DATAMART_NEW_WHOLSALE,PLAN_PROM,NUMBER,No,No
STORE_BFR_DATAMART_NEW_WHOLSALE,PLSCN,NUMBER,No,No
STORE_BFR_DATAMART_NEW_WHOLSALE,PLPMS,NUMBER,No,No
STORE_BFR_DATAMART_NEW_WHOLSALE,PLPMSP,NUMBER,No,No
STORE_BFR_DATAMART_NEW_WHOLSALE,COMPANY_NAME,TEXT,No,No
STORE_BFR_DATAMART_NEW_WHOLSALE,G_L_COMPANY_NO,NUMBER,No,No
STORE_BFR_DATAMART_NEW_WHOLSALE,WEEK_NAME,TEXT,No,No
STORE_BFR_DATAMART_NEW_WHOLSALE,STORE_TYPE,TEXT,No,No
STORE_BFR_DATAMART_NEW_WHOLSALE,WEEKEND,DATE,No,No
STORE_BREAKUP_PLAN,PLNYR,FLOAT,No,No
STORE_BREAKUP_PLAN,STORE_NO,FLOAT,No,No
STORE_BREAKUP_PLAN,TRANSACTION_DATE,TIMESTAMP_NTZ,No,No
STORE_BREAKUP_PLAN,TOTAL_SALES_PLAN,FLOAT,No,No
STORE_BREAKUP_PLAN,TOTAL_UNITS_PLAN,FLOAT,No,No
STORE_BREAKUP_PLAN,TOTAL_TRANSACTIONS_PLAN,FLOAT,No,No
STORE_BREAKUP_PLAN,TOTAL_TRAFFIC_PLAN,FLOAT,No,No
STORE_BREAKUP_PLAN,TOTAL_TRAFFIC_TRANSACTIONS_PLAN,FLOAT,No,No
STORE_BREAKUP_PLAN,TOTAL_PB_PLAN,FLOAT,No,No
STORE_BREAKUP_PLAN,STORE_SALES_PLAN,FLOAT,No,No
STORE_BREAKUP_PLAN,STORE_UNITS_PLAN,FLOAT,No,No
STORE_BREAKUP_PLAN,STORE_TRANSACTIONS_PLAN,FLOAT,No,No
STORE_BREAKUP_PLAN,STORE_TRAFFIC_PLAN,FLOAT,No,No
STORE_BREAKUP_PLAN,STORE_TRAFFIC_TRANSACTIONS_PLAN,FLOAT,No,No
STORE_BREAKUP_PLAN,STORE_PB_PLAN,FLOAT,No,No
STORE_BREAKUP_PLAN,BOPUS_SALES_PLAN,FLOAT,No,No
STORE_BREAKUP_PLAN,BOPUS_UNITS_PLAN,FLOAT,No,No
STORE_BREAKUP_PLAN,BOPUS_TRANSACTIONS_PLAN,FLOAT,No,No
STORE_BREAKUP_PLAN,BOPUS_TRAFFIC_PLAN,FLOAT,No,No
STORE_BREAKUP_PLAN,BOPUS_TRAFFIC_TRANSACTIONS_PLAN,FLOAT,No,No
STORE_BREAKUP_PLAN,BOPUS_PB_PLAN,FLOAT,No,No
STORE_BREAKUP_PLAN,BOSS_SALES_PLAN,FLOAT,No,No
STORE_BREAKUP_PLAN,BOSS_UNITS_PLAN,FLOAT,No,No
STORE_BREAKUP_PLAN,BOSS_TRANSACTIONS_PLAN,FLOAT,No,No
STORE_BREAKUP_PLAN,BOSS_TRAFFIC_PLAN,FLOAT,No,No
STORE_BREAKUP_PLAN,BOSS_TRAFFIC_TRANSACTIONS_PLAN,FLOAT,No,No
STORE_BREAKUP_PLAN,BOSS_PB_SALES_PLAN,FLOAT,No,No
STORE_COMP_DATES_VSCOMP,STORE,NUMBER,No,No
STORE_COMP_DATES_VSCOMP,CMPFDT,NUMBER,No,No
STORE_COMP_DATES_VSCOMP,CMPFRS,TEXT,No,No
STORE_COMP_DATES_VSCOMP,CMPTDT,NUMBER,No,No
STORE_COMP_DATES_VSCOMP,CMPFRE,TEXT,No,No
STORE_COMP_DATES_VSCOMP,LOAD_DATE,DATE,No,No
STORE_COMP_NONCOMP,CALENDAR_DATE,DATE,No,No
STORE_COMP_NONCOMP,STORE_NO,NUMBER,No,No
STORE_COMP_NONCOMP,COMP_STATUS,TEXT,No,No
STORE_INFORMATION_TBLSTR,STRNUM,NUMBER,No,No
STORE_INFORMATION_TBLSTR,STRNAM,TEXT,No,No
STORE_INFORMATION_TBLSTR,STADD1,TEXT,No,No
STORE_INFORMATION_TBLSTR,STADD2,TEXT,No,No
STORE_INFORMATION_TBLSTR,STADD3,TEXT,No,No
STORE_INFORMATION_TBLSTR,STCITY,TEXT,No,No
STORE_INFORMATION_TBLSTR,STPVST,TEXT,No,No
STORE_INFORMATION_TBLSTR,STCNTY,TEXT,No,No
STORE_INFORMATION_TBLSTR,STCTRY,TEXT,No,No
STORE_INFORMATION_TBLSTR,STZIP,TEXT,No,No
STORE_INFORMATION_TBLSTR,STPHON,TEXT,No,No
STORE_INFORMATION_TBLSTR,STFAXN,TEXT,No,No
STORE_INFORMATION_TBLSTR,STSHRT,TEXT,No,No
STORE_INFORMATION_TBLSTR,REGNUM,NUMBER,No,No
STORE_INFORMATION_TBLSTR,STMNGR,TEXT,No,No
STORE_INFORMATION_TBLSTR,STSDAT,NUMBER,No,No
STORE_INFORMATION_TBLSTR,STRETL,NUMBER,No,No
STORE_INFORMATION_TBLSTR,STPOLL,TEXT,No,No
STORE_INFORMATION_TBLSTR,STSNDY,TEXT,No,No
STORE_INFORMATION_TBLSTR,STRHDO,TEXT,No,No
STORE_INFORMATION_TBLSTR,STBACT,NUMBER,No,No
STORE_INFORMATION_TBLSTR,STRWHS,NUMBER,No,No
STORE_INFORMATION_TBLSTR,STRDST,NUMBER,No,No
STORE_INFORMATION_TBLSTR,STRCMP,TEXT,No,No
STORE_INFORMATION_TBLSTR,STRTYP,TEXT,No,No
STORE_INFORMATION_TBLSTR,STOUTQ,TEXT,No,No
STORE_INFORMATION_TBLSTR,STCOMP,NUMBER,No,No
STORE_INFORMATION_TBLSTR,STCNTR,TEXT,No,No
STORE_INFORMATION_TBLSTR,STGLYN,TEXT,No,No
STORE_INFORMATION_TBLSTR,STAPYN,TEXT,No,No
STORE_INFORMATION_TBLSTR,STARYN,TEXT,No,No
STORE_INFORMATION_TBLSTR,STLCNN,NUMBER,No,No
STORE_INFORMATION_TBLSTR,ZONNUM,NUMBER,No,No
STORE_INFORMATION_TBLSTR,STAVGC,TEXT,No,No
STORE_INFORMATION_TBLSTR,STSCLK,TEXT,No,No
STORE_INFORMATION_TBLSTR,STMSTK,TEXT,No,No
STORE_INFORMATION_TBLSTR,STAYES,TEXT,No,No
STORE_INFORMATION_TBLSTR,STAFCT,NUMBER,No,No
STORE_INFORMATION_TBLSTR,RPLZN,NUMBER,No,No
STORE_INFORMATION_TBLSTR,STPRMS,TEXT,No,No
STORE_INFORMATION_TBLSTR,STRPON,TEXT,No,No
STORE_INFORMATION_TBLSTR,STCLDT,NUMBER,No,No
STORE_INFORMATION_TBLSTR,STRCOD,TEXT,No,No
STORE_INFORMATION_TBLSTR,STRTXC,TEXT,No,No
STORE_INFORMATION_TBLSTR,STRLAN,TEXT,No,No
STORE_INFORMATION_TBLSTR,DATELOADED,DATE,No,No
STORE_IN_STOCK,CALENDAR_DATE,DATE,No,No
STORE_IN_STOCK,STORE,NUMBER,No,No
STORE_IN_STOCK,VELOCITY_CODE,TEXT,No,No
STORE_IN_STOCK,BRAND,TEXT,No,No
STORE_IN_STOCK,COUNT_OF_SKUS_WITH_OH,NUMBER,No,No
STORE_IN_STOCK,COUNT_OF_SKUS,NUMBER,No,No
STORE_IN_STOCK,COUNT_OF_SKUS_WITH_OH_TOTAL_INSTOCK,NUMBER,No,No
STORE_IN_STOCK,COUNT_OF_SKUS_TOTAL_INSTOCK,NUMBER,No,No
STORE_IN_STOCK,STATUS_CODE,TEXT,No,No
STORE_IN_STOCK,ASSORTMENT_CODE,TEXT,No,No
STORE_IN_STOCK,PROMOTION_TYPE,TEXT,No,No
STORE_IN_STOCK,SKU_ID,NUMBER,No,No
STORE_IN_STOCK_DASHBOARD,SKU_NUMBER,NUMBER,No,No
STORE_IN_STOCK_DASHBOARD,SKU_STATUS,TEXT,No,No
STORE_IN_STOCK_DASHBOARD,ASSORTMENT_CODE,TEXT,No,No
STORE_IN_STOCK_DASHBOARD,COUNT_OF_STORES_WITH_OH,NUMBER,No,No
STORE_IN_STOCK_DASHBOARD,COUNT_OF_STORES_OUT_OF_STOCK,NUMBER,No,No
STORE_IN_STOCK_DASHBOARD,COUNT_OF_STORES,NUMBER,No,No
STORE_IN_STOCK_DASHBOARD,SALES,NUMBER,No,No
STORE_IN_STOCK_DASHBOARD,COST,NUMBER,No,No
STORE_IN_STOCK_DASHBOARD,UNITS,NUMBER,No,No
STORE_IN_STOCK_DASHBOARD,SCANS,NUMBER,No,No
STORE_IN_STOCK_DASHBOARD,SQUARE_FEET,TEXT,No,No
STORE_IN_STOCK_DASHBOARD,STORE_NO,NUMBER,No,No
STORE_IN_STOCK_DASHBOARD,TRANSACTION_DATE,DATE,No,No
STORE_IN_STOCK_DASHBOARD,BOSS_TYPE,TEXT,No,No
STORE_IN_STOCK_TESTING,VELOCITY_CODE,TEXT,No,No
STORE_IN_STOCK_TESTING,DATELOADED,DATE,No,No
STORE_IN_STOCK_TESTING,ISTORE,NUMBER,No,No
STORE_IN_STOCK_TESTING,INUMBR,NUMBER,No,No
STORE_IN_STOCK_TESTING,COUNT_OF_SKUS_WITH_OH_TOTAL_INSTOCK,TEXT,No,No
STORE_IN_STOCK_TESTING,COUNT_OF_SKUS_TOTAL_INSTOCK,TEXT,No,No
STORE_IN_STOCK_TOTAL_STORES,CALENDAR_DATE,DATE,No,No
STORE_IN_STOCK_TOTAL_STORES,STORES,NUMBER,No,No
STORE_SA,STORE_NO,NUMBER,No,No
STORE_SA,STORE_NAME,TEXT,No,No
STORE_SA,STORE_SHORT_NAME,TEXT,No,No
STORE_SA,STORE_STATUS_CODE,TEXT,No,No
STORE_SA,STORE_MANAGER,TEXT,No,No
STORE_SA,SELLING_SPACE,NUMBER,No,No
STORE_SA,OPEN_PERIOD,NUMBER,No,No
STORE_SA,COMP_PERIOD,NUMBER,No,No
STORE_SA,CLOSED_DATE,TIMESTAMP_NTZ,No,No
STORE_SA,SELLING_NONSELLING_FLAG,NUMBER,No,No
STORE_SA,DIVISION_CODE,NUMBER,No,No
STORE_SA,REGION_CODE,TEXT,No,No
STORE_SA,DISTRICT_CODE,TEXT,No,No
STORE_SA,PHONE_NO,TEXT,No,No
STORE_SA,TIME_STAMP,TEXT,No,No
STORE_SA,LOCATION_ID,NUMBER,No,No
STORE_SA,COMP_DATE,TIMESTAMP_NTZ,No,No
STORE_SA,OPEN_DATE,TIMESTAMP_NTZ,No,No
STORE_SA,OPEN_TO_RECEIVE_DATE,TIMESTAMP_NTZ,No,No
STORE_SA,SETTLEMENT_BILLING_NAME,TEXT,No,No
STORE_SA,COUNTRY_CODE,TEXT,No,No
STORE_SA,CITY,TEXT,No,No
STORE_SA,STATE_CODE,TEXT,No,No
STORE_SA,ZIP_CODE,TEXT,No,No
STORE_SA,CNTRY_CODE_ISO3,TEXT,No,No
STORE_SA,ZONE_CODE,NUMBER,No,No
STORE_SALES,TRANSACTION_DATE,TIMESTAMP_NTZ,No,No
STORE_SALES,STORE_NO,NUMBER,No,No
STORE_SALES,COMPSTATUS,NUMBER,No,No
STORE_SALES,NETAMOUNT,FLOAT,No,No
STORE_SALES,PLAN_NETAMOUNT,FLOAT,No,No
STORE_SALES,VS_NETAMOUNT,FLOAT,No,No
STORE_SALES,VS_PLANNETAMOUNT,FLOAT,No,No
STORE_SALES,UNITS,FLOAT,No,No
STORE_SALES,PLAN_UNITS,FLOAT,No,No
STORE_SALES,TRANSACTIONS,NUMBER,No,No
STORE_SALES,PLAN_TRANSACTIONS,NUMBER,No,No
STORE_SALES,BOPUS_NETAMOUNT,FLOAT,No,No
STORE_SALES,BOPUS_PLANNETAMOUNT,FLOAT,No,No
STORE_SALES,BOSS_NETAMOUNT,FLOAT,No,No
STORE_SALES,BOSS_PLANNETAMOUNT,FLOAT,No,No
STORE_SALES,VS_BOSS_NETAMOUNT,FLOAT,No,No
STORE_SALES,VS_BOSS_PLANNETAMOUNT,FLOAT,No,No
STORE_SALES,ADP_NETAMOUNT,FLOAT,No,No
STORE_SALES,ADP_PLANNETAMOUNT,FLOAT,No,No
STORE_SALES,ADP_VSNETAMOUNT,FLOAT,No,No
STORE_SALES,VS_ADPPLANNETAMOUNT,FLOAT,No,No
STORE_SALES,EXISTING_CUSTOMERS_SALES,FLOAT,No,No
STORE_SALES,EXISTING_CUSTOMERS_PLAN_SALES,FLOAT,No,No
STORE_SALES,NEW_CUSTOMERS_SALES,FLOAT,No,No
STORE_SALES,NEW_CUSTOMERS__PLAN_SALES,FLOAT,No,No
STORE_SALES,CUSTOMER_TRAFFIC,NUMBER,No,No
STORE_SALES,CUSTOMER_TRAFFIC_COMP,NUMBER,No,No
STORE_SALES,CUSTOMER_TRAFFIC_PLAN,NUMBER,No,No
STORE_SALES,TRAFFIC_NETAMOUNT,FLOAT,No,No
STORE_SALES,TRAFFIC_PLAN_NETAMOUNT,FLOAT,No,No
STORE_SALES,TRAFFIC_TRANSACTIONS,NUMBER,No,No
STORE_SALES,TRAFFIC_TRANSACTIONS_PLAN,NUMBER,No,No
STORE_SALES,NEW_SUBSCRIPTION_UNITS,NUMBER,No,No
STORE_SALES,ES_NETAMOUNT,FLOAT,No,No
STORE_SALES,ES_PLANNETAMOUNT,FLOAT,No,No
STORE_SALES,HA_SIGNUPS,NUMBER,No,No
STORE_SALES,AD_SIGNUPS,NUMBER,No,No
STORE_SALES,PLAN_HA_SIGNUPS,NUMBER,No,No
STORE_SALES,TOT_HRS,FLOAT,No,No
STORE_SALES,PLAN_TOT_HRS,FLOAT,No,No
STORE_SALES,TOTAL_CUSTOMERS,NUMBER,No,No
STORE_SALES,EMAILABLE_CUSTOMERS,NUMBER,No,No
STORE_SALES,EMAIL_CAPTURE_RATE,FLOAT,No,No
STORE_SALES,PLAN_EMAIL_CAPTURE_RATE,FLOAT,No,No
STORE_SALES,PLAN_AD_SIGNUPS,NUMBER,No,No
STORE_SALES,CONV_PLAN,NUMBER,No,No
STORE_SALESAUDIT,STORE_NO,NUMBER,No,No
STORE_SALESAUDIT,TAX_JURISDICTION,TEXT,No,No
STORE_SALESAUDIT,TAX_STRIP_TABLE_NO,NUMBER,No,No
STORE_SALESAUDIT,MEDIA_PARAMETER_TABLE_NO,NUMBER,No,No
STORE_SALESAUDIT,BALANCING_METHOD,NUMBER,No,No
STORE_SALESAUDIT,DEPOSIT_BALANCING_METHOD,NUMBER,No,No
STORE_SALESAUDIT,PETTY_CASH_LINE_OBJECT,NUMBER,No,No
STORE_SALESAUDIT,MULTIPLE_MEDIACOUNTS_ADDED,NUMBER,No,No
STORE_SALESAUDIT,AUTOACCEPT_FLAG,NUMBER,No,No
STORE_SALESAUDIT,TAX_STRIP_FLAG,NUMBER,No,No
STORE_SALESAUDIT,OUTLET_STORE_FLAG,NUMBER,No,No
STORE_SALESAUDIT,SETTLEMENT_BILLING_NAME,TEXT,No,No
STORE_SALESAUDIT,STORE_DEPOSIT_DESTINATION,NUMBER,No,No
STORE_SALESAUDIT,INTERSTORE_EXPORT_REGION,NUMBER,No,No
STORE_SALESAUDIT,GL_COMPANY,NUMBER,No,No
STORE_SALESAUDIT,GL_STORE,TEXT,No,No
STORE_SALESAUDIT,COUNTRY_ID,NUMBER,No,No
STORE_SALESAUDIT,TIMEZONE_OFFSET_HOURS,NUMBER,No,No
STORE_SALESAUDIT,CITY,TEXT,No,No
STORE_SALESAUDIT,STATE_CODE,TEXT,No,No
STORE_SALESAUDIT,ZIP_CODE,TEXT,No,No
STORE_SALESAUDIT,COMP_DATE,DATE,No,No
STORE_SALESAUDIT,STORE_EXPORT_CODE,TEXT,No,No
STORE_SALESAUDIT,OPEN_DATE,DATE,No,No
STORE_SALESAUDIT,LOG_TAX_OVERRIDE,NUMBER,No,No
STORE_SALESAUDIT,CURRENCY_ID,NUMBER,No,No
STORE_SALESAUDIT,EMAIL_ADDRESS,TEXT,No,No
STORE_SALESAUDIT,OPEN_TO_RECEIVE_DATE,DATE,No,No
STORE_SALES_BOSS_V,MERCHANDISE_MONTH_SEQUENCE,NUMBER,No,No
STORE_SALES_BOSS_V,FISCAL_MONTH_DISPLAY,TEXT,No,No
STORE_SALES_BOSS_V,MERCHANDISE_SEASON_SEQUENCE,NUMBER,No,No
STORE_SALES_BOSS_V,MERCHANDISE_WEEK_SEQUENCE,NUMBER,No,No
STORE_SALES_BOSS_V,WEEKNO,TEXT,No,No
STORE_SALES_BOSS_V,MERCHANDISE_YEAR_SEQUENCE,NUMBER,No,No
STORE_SALES_BOSS_V,TRANSACTION_DATE,DATE,No,No
STORE_SALES_BOSS_V,STORE_NO,NUMBER,No,No
STORE_SALES_BOSS_V,STORE_SALES,NUMBER,No,No
STORE_SALES_BOSS_V,STORE_UNITS,NUMBER,No,No
STORE_SALES_BOSS_V,STORE_TRANSACTIONS,NUMBER,No,No
STORE_SALES_BOSS_V,BOSS_SALES,NUMBER,No,No
STORE_SALES_BOSS_V,BOSS_UNITS,NUMBER,No,No
STORE_SALES_BOSS_V,ITEM_COST,FLOAT,No,No
STORE_SALES_BOSS_V,REGISTER_NO,NUMBER,No,No
STORE_SALES_BOSS_V,ORIGINATING_STORE,NUMBER,No,No
STORE_SALES_BOSS_V,BOPUS_SALES,NUMBER,No,No
STORE_SALES_BOSS_V,BOPUS_UNITS,NUMBER,No,No
STORE_SALES_BOSS_V,BOPUS_TRANSACTIONS,NUMBER,No,No
STORE_SALES_BOSS_V,BOSS_TRANSACTIONS,NUMBER,No,No
STORE_SALES_REPORTING_V,TRANSACTION_DATE,DATE,No,No
STORE_SALES_REPORTING_V,STORE_NO,NUMBER,No,No
STORE_SALES_REPORTING_V,STORE_SALES,NUMBER,No,No
STORE_SA_BACK,STORE_NO,NUMBER,No,No
STORE_SA_BACK,STORE_NAME,TEXT,No,No
STORE_SA_BACK,STORE_SHORT_NAME,TEXT,No,No
STORE_SA_BACK,STORE_STATUS_CODE,TEXT,No,No
STORE_SA_BACK,STORE_MANAGER,TEXT,No,No
STORE_SA_BACK,SELLING_SPACE,NUMBER,No,No
STORE_SA_BACK,OPEN_PERIOD,NUMBER,No,No
STORE_SA_BACK,COMP_PERIOD,NUMBER,No,No
STORE_SA_BACK,CLOSED_DATE,TIMESTAMP_NTZ,No,No
STORE_SA_BACK,SELLING_NONSELLING_FLAG,NUMBER,No,No
STORE_SA_BACK,DIVISION_CODE,NUMBER,No,No
STORE_SA_BACK,REGION_CODE,TEXT,No,No
STORE_SA_BACK,DISTRICT_CODE,TEXT,No,No
STORE_SA_BACK,PHONE_NO,TEXT,No,No
STORE_SA_BACK,TIME_STAMP,TEXT,No,No
STORE_SA_BACK,LOCATION_ID,NUMBER,No,No
STORE_SA_BACK,COMP_DATE,TIMESTAMP_NTZ,No,No
STORE_SA_BACK,OPEN_DATE,TIMESTAMP_NTZ,No,No
STORE_SA_BACK,OPEN_TO_RECEIVE_DATE,TIMESTAMP_NTZ,No,No
STORE_SA_BACK,SETTLEMENT_BILLING_NAME,TEXT,No,No
STORE_SA_BACK,COUNTRY_CODE,TEXT,No,No
STORE_SA_BACK,CITY,TEXT,No,No
STORE_SA_BACK,STATE_CODE,TEXT,No,No
STORE_SA_BACK,ZIP_CODE,TEXT,No,No
STORE_SA_BACK,CNTRY_CODE_ISO3,TEXT,No,No
STORE_SA_BACK,ZONE_CODE,NUMBER,No,No
STORE_SA_BACKUP,STORE_NO,NUMBER,No,No
STORE_SA_BACKUP,STORE_NAME,TEXT,No,No
STORE_SA_BACKUP,STORE_SHORT_NAME,TEXT,No,No
STORE_SA_BACKUP,STORE_STATUS_CODE,TEXT,No,No
STORE_SA_BACKUP,STORE_MANAGER,TEXT,No,No
STORE_SA_BACKUP,SELLING_SPACE,NUMBER,No,No
STORE_SA_BACKUP,OPEN_PERIOD,NUMBER,No,No
STORE_SA_BACKUP,COMP_PERIOD,NUMBER,No,No
STORE_SA_BACKUP,CLOSED_DATE,TIMESTAMP_NTZ,No,No
STORE_SA_BACKUP,SELLING_NONSELLING_FLAG,NUMBER,No,No
STORE_SA_BACKUP,DIVISION_CODE,NUMBER,No,No
STORE_SA_BACKUP,REGION_CODE,TEXT,No,No
STORE_SA_BACKUP,DISTRICT_CODE,TEXT,No,No
STORE_SA_BACKUP,PHONE_NO,TEXT,No,No
STORE_SA_BACKUP,TIME_STAMP,TEXT,No,No
STORE_SA_BACKUP,LOCATION_ID,NUMBER,No,No
STORE_SA_BACKUP,COMP_DATE,TIMESTAMP_NTZ,No,No
STORE_SA_BACKUP,OPEN_DATE,TIMESTAMP_NTZ,No,No
STORE_SA_BACKUP,OPEN_TO_RECEIVE_DATE,TIMESTAMP_NTZ,No,No
STORE_SA_BACKUP,SETTLEMENT_BILLING_NAME,TEXT,No,No
STORE_SA_BACKUP,COUNTRY_CODE,TEXT,No,No
STORE_SA_BACKUP,CITY,TEXT,No,No
STORE_SA_BACKUP,STATE_CODE,TEXT,No,No
STORE_SA_BACKUP,ZIP_CODE,TEXT,No,No
STORE_SA_MONTHLY,FISCAL_YEAR,NUMBER,No,No
STORE_SA_MONTHLY,FISCAL_MONTH,NUMBER,No,No
STORE_SA_MONTHLY,STORE_NO,NUMBER,No,No
STORE_SA_MONTHLY,STORE_NAME,TEXT,No,No
STORE_SA_MONTHLY,STORE_SHORT_NAME,TEXT,No,No
STORE_SA_MONTHLY,STORE_STATUS_CODE,TEXT,No,No
STORE_SA_MONTHLY,STORE_MANAGER,TEXT,No,No
STORE_SA_MONTHLY,SELLING_SPACE,NUMBER,No,No
STORE_SA_MONTHLY,OPEN_PERIOD,NUMBER,No,No
STORE_SA_MONTHLY,COMP_PERIOD,NUMBER,No,No
STORE_SA_MONTHLY,CLOSED_DATE,TIMESTAMP_NTZ,No,No
STORE_SA_MONTHLY,SELLING_NONSELLING_FLAG,NUMBER,No,No
STORE_SA_MONTHLY,DIVISION_CODE,NUMBER,No,No
STORE_SA_MONTHLY,REGION_CODE,TEXT,No,No
STORE_SA_MONTHLY,DISTRICT_CODE,TEXT,No,No
STORE_SA_MONTHLY,PHONE_NO,TEXT,No,No
STORE_SA_MONTHLY,TIME_STAMP,TEXT,No,No
STORE_SA_MONTHLY,LOCATION_ID,NUMBER,No,No
STORE_SA_MONTHLY,COMP_DATE,TIMESTAMP_NTZ,No,No
STORE_SA_MONTHLY,OPEN_DATE,TIMESTAMP_NTZ,No,No
STORE_SA_MONTHLY,OPEN_TO_RECEIVE_DATE,TIMESTAMP_NTZ,No,No
STORE_SA_MONTHLY,SETTLEMENT_BILLING_NAME,TEXT,No,No
STORE_SA_MONTHLY,COUNTRY_CODE,TEXT,No,No
STORE_SA_MONTHLY,CITY,TEXT,No,No
STORE_SA_MONTHLY,STATE_CODE,TEXT,No,No
STORE_SA_MONTHLY,ZIP_CODE,TEXT,No,No
STORE_SA_MONTHLY,CNTRY_CODE_ISO3,TEXT,No,No
STORE_SA_V,STORE_NO,NUMBER,No,No
STORE_SA_V,STORE_NAME,TEXT,No,No
STORE_SA_V,STORE_SHORT_NAME,TEXT,No,No
STORE_SA_V,STORE_STATUS_CODE,TEXT,No,No
STORE_SA_V,STORE_MANAGER,TEXT,No,No
STORE_SA_V,SELLING_SPACE,NUMBER,No,No
STORE_SA_V,OPEN_PERIOD,NUMBER,No,No
STORE_SA_V,COMP_PERIOD,NUMBER,No,No
STORE_SA_V,CLOSED_DATE,DATE,No,No
STORE_SA_V,SELLING_NONSELLING_FLAG,NUMBER,No,No
STORE_SA_V,DIVISION_CODE,NUMBER,No,No
STORE_SA_V,REGION_CODE,TEXT,No,No
STORE_SA_V,DISTRICT_CODE,TEXT,No,No
STORE_SA_V,PHONE_NO,TEXT,No,No
STORE_SA_V,LOCATION_ID,NUMBER,No,No
STORE_SA_V,COMP_DATE,DATE,No,No
STORE_SA_V,OPEN_DATE,DATE,No,No
STORE_SA_V,OPEN_TO_RECEIVE_DATE,DATE,No,No
STORE_SA_V,SETTLEMENT_BILLING_NAME,TEXT,No,No
STORE_SA_V,COUNTRY_CODE,TEXT,No,No
STORE_SA_V,CITY,TEXT,No,No
STORE_SA_V,STATE_CODE,TEXT,No,No
STORE_SA_V,ZIP_CODE,TEXT,No,No
STORE_SA_V,ZONE_CODE,TEXT,No,No
STORE_SERVICING_DC,STORE_NO,NUMBER,No,No
STORE_SERVICING_DC,SERVICING_DC,NUMBER,No,No
STORE_SHORTNAMES,STORE_NO,FLOAT,No,No
STORE_SHORTNAMES,STR_SNAME,TEXT,No,No
STORE_SHORTNAMES,LENGTH,FLOAT,No,No
STR_TEMP,STORE_NO,NUMBER,No,No
STR_TEMP,OPEN_DATE,DATE,No,No
STR_TEMP,OPEN_DATE_TSF,DATE,No,No
TOP_25_BESTSELLERS_SALES_V,TRANSACTION_DATE,DATE,No,No
TOP_25_BESTSELLERS_SALES_V,NET_AMOUNT,FLOAT,No,No
TOP_25_BESTSELLERS_SALES_V,UNITS,NUMBER,No,No
TOP_25_BESTSELLERS_SALES_V,BRAND,TEXT,No,No
TOP_25_BESTSELLERS_SALES_V,SKU_ID,NUMBER,No,No
TOP_25_BESTSELLERS_SALES_V,DESCRIPTION,TEXT,No,No
TOP_25_BESTSELLERS_SALES_V,STORE_NO,TEXT,No,No
TOP_25_BESTSELLERS_SALES_V,DISTRICT_CODE,TEXT,No,No
TOP_25_BESTSELLERS_SALES_V,DISTRICT_NAME,TEXT,No,No
TOP_25_BESTSELLERS_SALES_V,REGION_CODE,TEXT,No,No
TOP_25_BESTSELLERS_SALES_V,REGION_NAME,TEXT,No,No
TOP_25_BESTSELLERS_UNITS_V,SKU_ID,NUMBER,No,No
TOP_25_BESTSELLERS_UNITS_V,UNITS,NUMBER,No,No
TOP_25_BESTSELLERS_UNITS__V,TRANSACTION_DATE,DATE,No,No
TOP_25_BESTSELLERS_UNITS__V,NET_AMOUNT,NUMBER,No,No
TOP_25_BESTSELLERS_UNITS__V,UNITS,NUMBER,No,No
TOP_25_BESTSELLERS_UNITS__V,BRAND,TEXT,No,No
TOP_25_BESTSELLERS_UNITS__V,SKU_ID,NUMBER,No,No
TOP_25_BESTSELLERS_UNITS__V,DESCRIPTION,TEXT,No,No
TOP_25_BESTSELLERS_UNITS__V,STORE_NO,TEXT,No,No
TOP_25_BESTSELLERS_UNITS__V,DISTRICT_CODE,TEXT,No,No
TOP_25_BESTSELLERS_UNITS__V,DISTRICT_NAME,TEXT,No,No
TOP_25_BESTSELLERS_UNITS__V,REGION_CODE,TEXT,No,No
TOP_25_BESTSELLERS_UNITS__V,REGION_NAME,TEXT,No,No
TOP_25_BESTSELLERS_V,TRANSACTION_DATE,DATE,No,No
TOP_25_BESTSELLERS_V,NET_AMOUNT,NUMBER,No,No
TOP_25_BESTSELLERS_V,UNITS,NUMBER,No,No
TOP_25_BESTSELLERS_V,BRAND,TEXT,No,No
TOP_25_BESTSELLERS_V,SKU_ID,NUMBER,No,No
TOP_25_BESTSELLERS_V,DESCRIPTION,TEXT,No,No
TOP_25_BESTSELLERS_V,STORE_NO,TEXT,No,No
TOP_25_BESTSELLERS_V,DISTRICT_CODE,TEXT,No,No
TOP_25_BESTSELLERS_V,DISTRICT_NAME,TEXT,No,No
TOP_25_BESTSELLERS_V,REGION_CODE,TEXT,No,No
TOP_25_BESTSELLERS_V,REGION_NAME,TEXT,No,No
TRANSACTION_DETAIL_ENTRY_DATETIME,TRANSACTION_ID,NUMBER,No,No
TRANSACTION_DETAIL_ENTRY_DATETIME,STORE_NO,NUMBER,No,No
TRANSACTION_DETAIL_ENTRY_DATETIME,REGISTER_NO,NUMBER,No,No
TRANSACTION_DETAIL_ENTRY_DATETIME,TRANSACTION_NO,NUMBER,No,No
TRANSACTION_DETAIL_ENTRY_DATETIME,TRANSACTION_DATE,TIMESTAMP_NTZ,No,No
TRANSACTION_DETAIL_ENTRY_DATETIME,ENTRY_DATE_TIME,TIMESTAMP_NTZ,No,No
TRANSACTION_DETAIL_ENTRY_DATETIME,LINE_ID,NUMBER,No,No
TRANSACTION_DETAIL_ENTRY_DATETIME,LINE_SEQUENCE,NUMBER,No,No
TRANSACTION_DETAIL_ENTRY_DATETIME,LINE_OBJECT_DESCRIPTION,TEXT,No,No
TRANSACTION_DETAIL_ENTRY_DATETIME,LINE_ACTION_DISPLAY_DESCR,TEXT,No,No
TRANSACTION_DETAIL_ENTRY_DATETIME,UNITS,NUMBER,No,No
TRANSACTION_DETAIL_ENTRY_DATETIME,GROSS_LINE_AMOUNT,NUMBER,No,No
TRANSACTION_DETAIL_ENTRY_DATETIME,POS_DISCOUNT_AMOUNT,NUMBER,No,No
TRANSACTION_DETAIL_ENTRY_DATETIME,EMPLOYEE_NO,NUMBER,No,No
TRANSACTION_DETAIL_ENTRY_DATETIME,UPC_NO,NUMBER,No,No
TRANSACTION_DETAIL_ENTRY_DATETIME,SKU_ID,NUMBER,No,No
TRANSACTION_DETAIL_ENTRY_DATETIME,STYLE_LONG_DESCRIPTION,TEXT,No,No
TRANSACTION_DETAIL_ENTRY_DATETIME,REFERENCE_NO,TEXT,No,No
TRANSACTION_DETAIL_ENTRY_DATETIME,POS_DISCOUNT_TYPE,NUMBER,No,No
TRANSACTION_DETAIL_ENTRY_DATETIME,AUDIT_UNAUDIT,TEXT,No,No
TRANSACTION_HEADER_V,TRANSACTION_ID,NUMBER,No,No
TRANSACTION_HEADER_V,STORE_NO,NUMBER,No,No
TRANSACTION_HEADER_V,REGISTER_NO,NUMBER,No,No
TRANSACTION_HEADER_V,TRANSACTION_DATE,TIMESTAMP_NTZ,No,No
TRANSACTION_HEADER_V,DATE_REJECT_ID,NUMBER,No,No
TRANSACTION_HEADER_V,TRANSACTION_SERIES,TEXT,No,No
TRANSACTION_HEADER_V,TRANSACTION_NO,NUMBER,No,No
TRANSACTION_HEADER_V,ENTRY_DATE_TIME,TIMESTAMP_NTZ,No,No
TRANSACTION_HEADER_V,CASHIER_NO,NUMBER,No,No
TRANSACTION_HEADER_V,TRANSACTION_CATEGORY,NUMBER,No,No
TRANSACTION_HEADER_V,TENDER_TOTAL,NUMBER,No,No
TRANSACTION_HEADER_V,TRANSACTION_VOID_FLAG,NUMBER,No,No
TRANSACTION_HEADER_V,CUSTOMER_INFO_EXISTS,NUMBER,No,No
TRANSACTION_HEADER_V,EXCEPTION_FLAG,NUMBER,No,No
TRANSACTION_HEADER_V,SA_REJECTION_FLAG,NUMBER,No,No
TRANSACTION_HEADER_V,IF_REJECTION_FLAG,NUMBER,No,No
TRANSACTION_HEADER_V,DEPOSIT_DECLARATION_FLAG,NUMBER,No,No
TRANSACTION_HEADER_V,CLOSEOUT_FLAG,NUMBER,No,No
TRANSACTION_HEADER_V,MEDIA_COUNT_FLAG,NUMBER,No,No
TRANSACTION_HEADER_V,CUSTOMER_MODIFIED_FLAG,NUMBER,No,No
TRANSACTION_HEADER_V,TAX_OVERRIDE_FLAG,NUMBER,No,No
TRANSACTION_HEADER_V,POS_TAX_JURISDICTION,TEXT,No,No
TRANSACTION_HEADER_V,EDIT_PROGRESS_FLAG,NUMBER,No,No
TRANSACTION_HEADER_V,EDIT_TIMESTAMP,FLOAT,No,No
TRANSACTION_HEADER_V,EMPLOYEE_NO,NUMBER,No,No
TRANSACTION_HEADER_V,TRANSACTION_REMARK,TEXT,No,No
TRANSACTION_HEADER_V,COPY_TRANSACTION_ID,NUMBER,No,No
TRANSACTION_HEADER_V,LAST_MODIFIED_DATE_TIME,TIMESTAMP_NTZ,No,No
TRANSACTION_HEADER_V,IN_USE_TIMESTAMP,TIMESTAMP_NTZ,No,No
TRANSACTION_HEADER_V,TILL_NO,NUMBER,No,No
TRANSACTION_HEADER_V,UPDATED_BY_USER_ID,NUMBER,No,No
TRANSACTION_HEADER_V,MOVE_SOURCE_DATE,TIMESTAMP_NTZ,No,No
TRANSACTION_LINE_V,TRANSACTION_ID,NUMBER,No,No
TRANSACTION_LINE_V,LINE_ID,NUMBER,No,No
TRANSACTION_LINE_V,LINE_SEQUENCE,NUMBER,No,No
TRANSACTION_LINE_V,LINE_OBJECT_TYPE,NUMBER,No,No
TRANSACTION_LINE_V,LINE_OBJECT,NUMBER,No,No
TRANSACTION_LINE_V,LINE_ACTION,NUMBER,No,No
TRANSACTION_LINE_V,GROSS_LINE_AMOUNT,NUMBER,No,No
TRANSACTION_LINE_V,POS_DISCOUNT_AMOUNT,NUMBER,No,No
TRANSACTION_LINE_V,DB_CR_NONE,NUMBER,No,No
TRANSACTION_LINE_V,ATTACHMENT_QTY,NUMBER,No,No
TRANSACTION_LINE_V,EXCEPTION_FLAG,NUMBER,No,No
TRANSACTION_LINE_V,INTERFACE_REJECTION_FLAG,NUMBER,No,No
TRANSACTION_LINE_V,LINE_VOID_FLAG,NUMBER,No,No
TRANSACTION_LINE_V,VOIDING_REVERSAL_FLAG,NUMBER,No,No
TRANSACTION_LINE_V,LINE_MODIFIED_FLAG,NUMBER,No,No
TRANSACTION_LINE_V,EDIT_TIMESTAMP,FLOAT,No,No
TRANSACTION_LINE_V,REFERENCE_TYPE,NUMBER,No,No
TRANSACTION_LINE_V,DISCOUNTABLE_GROUP,NUMBER,No,No
TRANSACTION_LINE_V,REFERENCE_NO,TEXT,No,No
TRANSACTION_LINE_V,INVALID_REFERENCE_NO,TEXT,No,No
TRANSACTION_LINE_V,UNIT_OF_MEASURE,NUMBER,No,No
TRANSACTION_LINE_V,GL_STORE_NO,NUMBER,No,No
UNAUDITED_DAILY_TRANSACTION,TRANSACTION_ID,NUMBER,No,No
UNAUDITED_DAILY_TRANSACTION,STORE_NO,NUMBER,No,No
UNAUDITED_DAILY_TRANSACTION,REGISTER_NO,NUMBER,No,No
UNAUDITED_DAILY_TRANSACTION,TRANSACTION_NO,NUMBER,No,No
UNAUDITED_DAILY_TRANSACTION,TRANSACTION_DATE,DATE,No,No
UNAUDITED_DAILY_TRANSACTION,LINE_ID,NUMBER,No,No
UNAUDITED_DAILY_TRANSACTION,LINE_SEQUENCE,NUMBER,No,No
UNAUDITED_DAILY_TRANSACTION,LINE_OBJECT_DESCRIPTION,TEXT,No,No
UNAUDITED_DAILY_TRANSACTION,LINE_ACTION_DISPLAY_DESCR,TEXT,No,No
UNAUDITED_DAILY_TRANSACTION,UNITS,NUMBER,No,No
UNAUDITED_DAILY_TRANSACTION,GROSS_LINE_AMOUNT,NUMBER,No,No
UNAUDITED_DAILY_TRANSACTION,POS_DISCOUNT_AMOUNT,NUMBER,No,No
UNAUDITED_DAILY_TRANSACTION,EMPLOYEE_NO,NUMBER,No,No
UNAUDITED_DAILY_TRANSACTION,UPC_NO,NUMBER,No,No
UNAUDITED_DAILY_TRANSACTION,SKU_ID,NUMBER,No,No
UNAUDITED_DAILY_TRANSACTION,STYLE_LONG_DESCRIPTION,TEXT,No,No
UNAUDITED_DAILY_TRANSACTION,REFERENCE_NO,TEXT,No,No
UNAUDITED_DAILY_TRANSACTION,POS_DISCOUNT_TYPE,NUMBER,No,No
UNAUDITED_DAILY_TRANSACTION,AUDIT_UNAUDIT,TEXT,No,No
US_COVID_CASES,DATE,DATE,No,No
US_COVID_CASES,STATE,TEXT,No,No
US_COVID_CASES,STATE_CODE,TEXT,No,No
US_COVID_CASES,FIPS,NUMBER,No,No
US_COVID_CASES,CASE,NUMBER,No,No
US_COVID_CASES,DEATHS,NUMBER,No,No
VALUED_TRAFFIC_TRANS,STORE_NO,NUMBER,No,No
VALUED_TRAFFIC_TRANS,STORE_SHORT_NAME,TEXT,No,No
VALUED_TRAFFIC_TRANS,DISTRICT_CODE,TEXT,No,No
VALUED_TRAFFIC_TRANS,REGION_CODE,TEXT,No,No
VALUED_TRAFFIC_TRANS,CONVERSION,NUMBER,No,No
VENDOR_CHARGEBACK,MONTH_ENDING_DATE,DATE,No,No
VENDOR_CHARGEBACK,SKU,NUMBER,No,No
VENDOR_CHARGEBACK,PO_NUMBER,NUMBER,No,No
VENDOR_CHARGEBACK,VENDOR,NUMBER,No,No
VENDOR_CHARGEBACK,VENDOR_NAME,TEXT,No,No
VENDOR_CHARGEBACK,POLICY_CODE,NUMBER,No,No
VENDOR_CHARGEBACK,SHIP_DATE,DATE,No,No
VENDOR_CHARGEBACK,RECEIPT_DATE,DATE,No,No
VENDOR_CHARGEBACK,BUYER,TEXT,No,No
VENDOR_CHARGEBACK,COUNT_PO_NUMER,NUMBER,No,No
VENDOR_CHARGEBACK,SKU_COST_OF_PO,NUMBER,No,No
VENDOR_CHARGEBACK,IN_FULL_TEST,NUMBER,No,No
VENDOR_CHARGEBACK,LATE_TEST,NUMBER,No,No
VENDOR_CHARGEBACK,CHARGEBACK,NUMBER,No,No
VIEW_PLANOGRAM_FILE_ITXEXPPF,EXSTR,NUMBER,No,No
VIEW_PLANOGRAM_FILE_ITXEXPPF,STRNAM,TEXT,No,No
VIEW_PLANOGRAM_FILE_ITXEXPPF,PLANOGR,TEXT,No,No
VIEW_PLANOGRAM_FILE_ITXEXPPF,SECNNUM,NUMBER,No,No
VIEW_PLANOGRAM_FILE_ITXEXPPF,SHELFNO,NUMBER,No,No
VIEW_PLANOGRAM_FILE_ITXEXPPF,SHLFLOC,NUMBER,No,No
VIEW_PLANOGRAM_FILE_ITXEXPPF,EXSKU,NUMBER,No,No
VIEW_PLANOGRAM_FILE_ITXEXPPF,CATNAM,TEXT,No,No
VIEW_PLANOGRAM_FILE_ITXEXPPF,DEPTH,NUMBER,No,No
VIEW_PLANOGRAM_FILE_ITXEXPPF,WIDTH,NUMBER,No,No
VIEW_PLANOGRAM_FILE_ITXEXPPF,HEIGHT,NUMBER,No,No
VIEW_PLANOGRAM_FILE_ITXEXPPF,SHLFFAC,NUMBER,No,No
VIEW_PLANOGRAM_FILE_ITXEXPPF,SHLFCAP,NUMBER,No,No
VIEW_PLANOGRAM_FILE_ITXEXPPF,POGEFFDTE,DATE,No,No
VIEW_PLANOGRAM_FILE_ITXEXPPF,DBKEY,TEXT,No,No
VIEW_PLANOGRAM_FILE_ITXEXPPF,POGEXTDTE,TEXT,No,No
VIEW_PLANOGRAM_FILE_ITXEXPPF,DATELOADED,DATE,No,No
VIEW_PO_HEADER_POMHDR,PONUMB,FLOAT,No,No
VIEW_PO_HEADER_POMHDR,POBON,FLOAT,No,No
VIEW_PO_HEADER_POMHDR,POVNUM,FLOAT,No,No
VIEW_PO_HEADER_POMHDR,POTRMS,FLOAT,No,No
VIEW_PO_HEADER_POMHDR,POTIND,TEXT,No,No
VIEW_PO_HEADER_POMHDR,POSTAT,TEXT,No,No
VIEW_PO_HEADER_POMHDR,POTYPE,TEXT,No,No
VIEW_PO_HEADER_POMHDR,PODEST,TEXT,No,No
VIEW_PO_HEADER_POMHDR,POSTOR,NUMBER,No,No
VIEW_PO_HEADER_POMHDR,POADYN,TEXT,No,No
VIEW_PO_HEADER_POMHDR,PODMTH,TEXT,No,No
VIEW_PO_HEADER_POMHDR,POALBO,TEXT,No,No
VIEW_PO_HEADER_POMHDR,POCONF,TEXT,No,No
VIEW_PO_HEADER_POMHDR,POPHON,TEXT,No,No
VIEW_PO_HEADER_POMHDR,POBUYR,TEXT,No,No
VIEW_PO_HEADER_POMHDR,PODPT,FLOAT,No,No
VIEW_PO_HEADER_POMHDR,POSDPT,FLOAT,No,No
VIEW_PO_HEADER_POMHDR,POTHER,FLOAT,No,No
VIEW_PO_HEADER_POMHDR,POFPCD,TEXT,No,No
VIEW_PO_HEADER_POMHDR,POFOB,TEXT,No,No
VIEW_PO_HEADER_POMHDR,POSHP1,TEXT,No,No
VIEW_PO_HEADER_POMHDR,POSHP2,TEXT,No,No
VIEW_PO_HEADER_POMHDR,POSHPP,TEXT,No,No
VIEW_PO_HEADER_POMHDR,POSHPC,TEXT,No,No
VIEW_PO_HEADER_POMHDR,POECEN,NUMBER,No,No
VIEW_PO_HEADER_POMHDR,POEDAT,FLOAT,No,No
VIEW_PO_HEADER_POMHDR,POSCEN,NUMBER,No,No
VIEW_PO_HEADER_POMHDR,POSDAT,FLOAT,No,No
VIEW_PO_HEADER_POMHDR,POCCEN,NUMBER,No,No
VIEW_PO_HEADER_POMHDR,POCDAT,FLOAT,No,No
VIEW_PO_HEADER_POMHDR,PORCEN,NUMBER,No,No
VIEW_PO_HEADER_POMHDR,PORDAT,FLOAT,No,No
VIEW_PO_HEADER_POMHDR,POLCCN,NUMBER,No,No
VIEW_PO_HEADER_POMHDR,POLCHG,FLOAT,No,No
VIEW_PO_HEADER_POMHDR,PORFRQ,FLOAT,No,No
VIEW_PO_HEADER_POMHDR,POLEAD,FLOAT,No,No
VIEW_PO_HEADER_POMHDR,POORIG,TEXT,No,No
VIEW_PO_HEADER_POMHDR,PONOT1,TEXT,No,No
VIEW_PO_HEADER_POMHDR,PONOT2,TEXT,No,No
VIEW_PO_HEADER_POMHDR,PONOT3,TEXT,No,No
VIEW_PO_HEADER_POMHDR,POCOST,NUMBER,No,No
VIEW_PO_HEADER_POMHDR,POVAT,NUMBER,No,No
VIEW_PO_HEADER_POMHDR,PORETL,NUMBER,No,No
VIEW_PO_HEADER_POMHDR,POCASE,NUMBER,No,No
VIEW_PO_HEADER_POMHDR,POUNTS,NUMBER,No,No
VIEW_PO_HEADER_POMHDR,POWGHT,NUMBER,No,No
VIEW_PO_HEADER_POMHDR,POTARP,NUMBER,No,No
VIEW_PO_HEADER_POMHDR,POSTOP,NUMBER,No,No
VIEW_PO_HEADER_POMHDR,POSKID,NUMBER,No,No
VIEW_PO_HEADER_POMHDR,POOTHN,NUMBER,No,No
VIEW_PO_HEADER_POMHDR,POOTHP,NUMBER,No,No
VIEW_PO_HEADER_POMHDR,POBTCH,NUMBER,No,No
VIEW_PO_HEADER_POMHDR,PORRET,NUMBER,No,No
VIEW_PO_HEADER_POMHDR,PORVAT,NUMBER,No,No
VIEW_PO_HEADER_POMHDR,PORCST,NUMBER,No,No
VIEW_PO_HEADER_POMHDR,POTPLT,NUMBER,No,No
VIEW_PO_HEADER_POMHDR,POCUBE,NUMBER,No,No
VIEW_PO_HEADER_POMHDR,POPDCN,NUMBER,No,No
VIEW_PO_HEADER_POMHDR,POPDWN,FLOAT,No,No
VIEW_PO_HEADER_POMHDR,SHPNUM,FLOAT,No,No
VIEW_PO_HEADER_POMHDR,POPYCN,NUMBER,No,No
VIEW_PO_HEADER_POMHDR,POPYDT,FLOAT,No,No
VIEW_PO_HEADER_POMHDR,POBYTP,TEXT,No,No
VIEW_PO_HEADER_POMHDR,POMALS,NUMBER,No,No
VIEW_PO_HEADER_POMHDR,POMALV,NUMBER,No,No
VIEW_PO_HEADER_POMHDR,POMSPO,FLOAT,No,No
VIEW_PO_HEADER_POMHDR,POMSBO,FLOAT,No,No
VIEW_PO_HEADER_POMHDR,POLOAD,FLOAT,No,No
VIEW_PO_HEADER_POMHDR,POMCRT,NUMBER,No,No
VIEW_PO_HEADER_POMHDR,POMCCN,NUMBER,No,No
VIEW_PO_HEADER_POMHDR,POMCDT,NUMBER,No,No
VIEW_PO_HEADER_POMHDR,POQCKE,TEXT,No,No
VIEW_PO_HEADER_POMHDR,POMTYP,TEXT,No,No
VIEW_PO_HEADER_POMHDR,PO850F,TEXT,No,No
VIEW_PO_HEADER_POMHDR,PO860F,TEXT,No,No
VIEW_PO_HEADER_POMHDR,POTPID,TEXT,No,No
VIEW_PO_HEADER_POMHDR,POBSCN,NUMBER,No,No
VIEW_PO_HEADER_POMHDR,POBSDT,FLOAT,No,No
VIEW_PO_HEADER_POMHDR,POASCN,NUMBER,No,No
VIEW_PO_HEADER_POMHDR,POASDT,FLOAT,No,No
VIEW_PO_HEADER_POMHDR,POCODF,TEXT,No,No
VIEW_PO_HEADER_POMHDR,POCODT,TEXT,No,No
VIEW_PO_HEADER_POMHDR,POCVTP,TEXT,No,No
VIEW_PO_HEADER_POMHDR,POCVMD,TEXT,No,No
VIEW_PO_HEADER_POMHDR,POMCPY,TEXT,No,No
VIEW_PO_HEADER_POMHDR,LOAD_DATE,DATE,No,No
VITAMINSHOPPE_CRM_SUBSCRIBER_EVENTS,OG_SUBSCRIPTION_ID,TEXT,No,No
VITAMINSHOPPE_CRM_SUBSCRIBER_EVENTS,CUSTOMER_ID,TEXT,No,No
VITAMINSHOPPE_CRM_SUBSCRIBER_EVENTS,CUSTOMER_EMAIL,TEXT,No,No
VITAMINSHOPPE_CRM_SUBSCRIBER_EVENTS,SUBSCRIPTION_ACTION_EVENT,TEXT,No,No
VITAMINSHOPPE_CRM_SUBSCRIBER_EVENTS,ADDED_VALUE,TEXT,No,No
VITAMINSHOPPE_CRM_SUBSCRIBER_EVENTS,ACTIVITY_DATE,TEXT,No,No
VITAMINSHOPPE_CRM_SUBSCRIBER_EVENTS,UPLOAD_DATE,TEXT,No,No
VSCOM_SALES_BY_ZIP,TRANSACTION_ID,NUMBER,No,No
VSCOM_SALES_BY_ZIP,SALES,NUMBER,No,No
VSCOM_SALES_BY_ZIP,CUSTOMER_IDENTIFIER,TEXT,No,No
VSCOM_SALES_BY_ZIP,TRANSACTION_DATE,TIMESTAMP_NTZ,No,No
VSCOM_SALES_BY_ZIP,BRAND_CATEGORY,TEXT,No,No
VSCOM_SALES_BY_ZIP,ZIP,TEXT,No,No
VSCOM_SALES_BY_ZIP,STORE_OF_LOYALTY,NUMBER,No,No
VSCOM_SALES_BY_ZIP,REGISTER_NO,NUMBER,No,No
VSCOM_SALES_BY_ZIP,FLAG,TEXT,No,No
VSCOM_SALES_BY_ZIP_220112,TRANSACTION_ID,NUMBER,No,No
VSCOM_SALES_BY_ZIP_220112,SALES,NUMBER,No,No
VSCOM_SALES_BY_ZIP_220112,CUSTOMER_IDENTIFIER,TEXT,No,No
VSCOM_SALES_BY_ZIP_220112,TRANSACTION_DATE,TIMESTAMP_NTZ,No,No
VSCOM_SALES_BY_ZIP_220112,BRAND_CATEGORY,TEXT,No,No
VSCOM_SALES_BY_ZIP_220112,ZIP,TEXT,No,No
VSCOM_SALES_BY_ZIP_220112,STORE_OF_LOYALTY,NUMBER,No,No
VSCOM_SALES_BY_ZIP_220112,REGISTER_NO,NUMBER,No,No
VSCOM_SALES_BY_ZIP_220112,FLAG,TEXT,No,No
VSCOM_SALES_BY_ZIP_220127,TRANSACTION_ID,NUMBER,No,No
VSCOM_SALES_BY_ZIP_220127,SALES,NUMBER,No,No
VSCOM_SALES_BY_ZIP_220127,CUSTOMER_IDENTIFIER,TEXT,No,No
VSCOM_SALES_BY_ZIP_220127,TRANSACTION_DATE,TIMESTAMP_NTZ,No,No
VSCOM_SALES_BY_ZIP_220127,BRAND_CATEGORY,TEXT,No,No
VSCOM_SALES_BY_ZIP_220127,ZIP,TEXT,No,No
VSCOM_SALES_BY_ZIP_220127,STORE_OF_LOYALTY,NUMBER,No,No
VSCOM_SALES_BY_ZIP_220127,REGISTER_NO,NUMBER,No,No
VSCOM_SALES_BY_ZIP_220127,FLAG,TEXT,No,No
VSCOM_SALES_BY_ZIP_BACKUP_20220106,TRANSACTION_ID,NUMBER,No,No
VSCOM_SALES_BY_ZIP_BACKUP_20220106,SALES,NUMBER,No,No
VSCOM_SALES_BY_ZIP_BACKUP_20220106,CUSTOMER_IDENTIFIER,TEXT,No,No
VSCOM_SALES_BY_ZIP_BACKUP_20220106,TRANSACTION_DATE,TIMESTAMP_NTZ,No,No
VSCOM_SALES_BY_ZIP_BACKUP_20220106,BRAND_CATEGORY,TEXT,No,No
VSCOM_SALES_BY_ZIP_BACKUP_20220106,ZIP,TEXT,No,No
VSCOM_SALES_BY_ZIP_BACKUP_20220106,STORE_OF_LOYALTY,NUMBER,No,No
VSCOM_SALES_BY_ZIP_BACKUP_20220106,REGISTER_NO,NUMBER,No,No
VSCOM_SALES_BY_ZIP_BACKUP_20220106,FLAG,TEXT,No,No
VSSDTEPF_AA,SKU,NUMBER,No,No
VSSDTEPF_AA,DATE_LAST_ORDERED,DATE,No,No
VSSDTEPF_AA,PO_OVERRIDE_DATE,DATE,No,No
V_ADP_DSTATUS_INV_CHECK,CALENDAR_DATE,DATE,No,No
V_ADP_DSTATUS_INV_CHECK,SKU_ID,NUMBER,No,No
V_ADP_DSTATUS_INV_CHECK,FACET,TEXT,No,No
V_ADP_DSTATUS_INV_CHECK,FACVAL,TEXT,No,No
V_ADP_DSTATUS_INV_CHECK,VENDOR_NUMBER,TEXT,No,No
V_ADP_DSTATUS_INV_CHECK,MANUFS_NUMBER,TEXT,No,No
V_ADP_DSTATUS_INV_CHECK,ITEM_DESCRIPTION,TEXT,No,No
V_ADP_DSTATUS_INV_CHECK,STATUS_CODE,TEXT,No,No
V_ADP_DSTATUS_INV_CHECK,MERCHANDISER,TEXT,No,No
V_ADP_DSTATUS_INV_CHECK,BRAND,TEXT,No,No
V_ADP_DSTATUS_INV_CHECK,ON_HAND,NUMBER,No,No
V_ADP_DSTATUS_INV_CHECK,PO_ON_ORDER_QTY,NUMBER,No,No
V_ADP_DSTATUS_INV_CHECK,HOLD_QUANTITY,NUMBER,No,No
V_ADP_SHIPPED_SALES,TRANSACTION_DTAE,DATE,No,No
V_ADP_SHIPPED_SALES,ORIGINATING_STORE,TEXT,No,No
V_ADP_SHIPPED_SALES,GROSSAMOUNT,NUMBER,No,No
V_ADP_SHIPPED_SALES,DISCOUNTAMOUNT,NUMBER,No,No
V_ADP_SHIPPED_SALES,NETAMOUNT,NUMBER,No,No
V_ADP_SHIPPED_SALES,UNITS,NUMBER,No,No
V_ADP_SHIPPED_SALES,SKU_ID,NUMBER,No,No
V_ADP_SHIPPED_SALES,SKU_DESCRIPTION,TEXT,No,No
V_ADP_SHIPPED_SALES,TRANSACTION_ID,NUMBER,No,No
V_ADP_SHIPPED_SALES,REGISTER_NO,NUMBER,No,No
V_ADP_SHIPPED_SALES,REFERENCE_NO,TEXT,No,No
V_ADP_SHIPPED_SALES,CATEGORY,TEXT,No,No
V_ALL_SF_TABLES_METRICS,TABLE_CATALOG,TEXT,No,No
V_ALL_SF_TABLES_METRICS,TABLE_SCHEMA,TEXT,No,No
V_ALL_SF_TABLES_METRICS,TABLE_NAME,TEXT,No,No
V_ALL_SF_TABLES_METRICS,TABLE_OWNER,TEXT,No,No
V_ALL_SF_TABLES_METRICS,TABLE_TYPE,TEXT,No,No
V_ALL_SF_TABLES_METRICS,ROW_COUNT,NUMBER,No,No
V_ALL_SF_TABLES_METRICS,BYTES,NUMBER,No,No
V_ALL_SF_TABLES_METRICS,RETENTION_TIME,NUMBER,No,No
V_ALL_SF_TABLES_METRICS,CREATED,TIMESTAMP_LTZ,No,No
V_ALL_SF_TABLES_METRICS,LAST_ALTERED,TIMESTAMP_LTZ,No,No
V_AUDITED_DAILY_TRANSACTIONS,TRANSACTION_DATE,DATE,No,No
V_AUDITED_DAILY_TRANSACTIONS,LINE_ACTION_DISPLAY_DESCR,TEXT,No,No
V_AUDITED_DAILY_TRANSACTIONS,NET_AMOUNT,NUMBER,No,No
V_AUDITED_DAILY_TRANSACTIONS,UNITS,NUMBER,No,No
V_AUDITED_DAILY_TRANSACTIONS,REGISTER_NO,NUMBER,No,No
V_AUDITED_DAILY_TRANSACTIONS,AV_TRANSACTION_ID,NUMBER,No,No
V_AUDITED_DAILY_TRANSACTIONS,STORE_NO,NUMBER,No,No
V_BESTSELLERS_REGION,NET_AMOUNT,NUMBER,No,No
V_BESTSELLERS_REGION,BRAND,TEXT,No,No
V_BESTSELLERS_REGION,SKU_ID,NUMBER,No,No
V_BESTSELLERS_REGION,DESCRIPTION,TEXT,No,No
V_BESTSELLERS_REGION,UNITS,NUMBER,No,No
V_BESTSELLERS_REGION,CHILD_UNITS,NUMBER,No,No
V_BESTSELLERS_REGION,REGION_CODE,TEXT,No,No
V_BESTSELLERS_REGION,REGION_NAME,TEXT,No,No
V_BESTSELLERS_REGION_DISTRICT,NET_AMOUNT,NUMBER,No,No
V_BESTSELLERS_REGION_DISTRICT,BRAND,TEXT,No,No
V_BESTSELLERS_REGION_DISTRICT,SKU_ID,NUMBER,No,No
V_BESTSELLERS_REGION_DISTRICT,DESCRIPTION,TEXT,No,No
V_BESTSELLERS_REGION_DISTRICT,UNITS,NUMBER,No,No
V_BESTSELLERS_REGION_DISTRICT,STORE_NO,NUMBER,No,No
V_BESTSELLERS_REGION_DISTRICT,STORE_NAME,TEXT,No,No
V_BESTSELLERS_REGION_DISTRICT,DISTRICT_CODE,TEXT,No,No
V_BESTSELLERS_REGION_DISTRICT,DISTRICT_NAME,TEXT,No,No
V_BESTSELLERS_REGION_DISTRICT,REGION_CODE,TEXT,No,No
V_BESTSELLERS_REGION_DISTRICT,REGION_NAME,TEXT,No,No
V_BESTSELLERS_REGION_DISTRICT,PARENTCHILD,TEXT,No,No
V_BESTSELLERS_SALES,SALES_RANK,NUMBER,No,No
V_BESTSELLERS_SALES,SKUCOUNT,NUMBER,No,No
V_BESTSELLERS_SALES,NET_AMOUNT,NUMBER,No,No
V_BESTSELLERS_SALES,BRAND,TEXT,No,No
V_BESTSELLERS_SALES,SKU_ID,NUMBER,No,No
V_BESTSELLERS_SALES,DESCRIPTION,TEXT,No,No
V_BESTSELLERS_SALES,UNITS,NUMBER,No,No
V_BESTSELLERS_SALES,STORE_NO,NUMBER,No,No
V_BESTSELLERS_SALES,DISTRICT_CODE,TEXT,No,No
V_BESTSELLERS_SALES,DISTRICT_NAME,TEXT,No,No
V_BESTSELLERS_SALES,REGION_CODE,TEXT,No,No
V_BESTSELLERS_SALES,REGION_NAME,TEXT,No,No
V_BESTSELLERS_SALES_RANK,SALES_RANK,NUMBER,No,No
V_BESTSELLERS_SALES_RANK,SKU_ID,NUMBER,No,No
V_BESTSELLERS_SALES_RANK,BRAND,TEXT,No,No
V_BESTSELLERS_SALES_RANK,DESCRIPTION,TEXT,No,No
V_BESTSELLERS_SALES_RANK,NET_AMOUNT,NUMBER,No,No
V_BESTSELLERS_SALES_RANK,SKUCOUNT,NUMBER,No,No
V_BESTSELLERS_SALES_RANK,UNITS,NUMBER,No,No
V_BESTSELLERS_UNITS,UNITS_RANK,NUMBER,No,No
V_BESTSELLERS_UNITS,SKUCOUNT,NUMBER,No,No
V_BESTSELLERS_UNITS,NET_AMOUNT,NUMBER,No,No
V_BESTSELLERS_UNITS,BRAND,TEXT,No,No
V_BESTSELLERS_UNITS,SKU_ID,NUMBER,No,No
V_BESTSELLERS_UNITS,DESCRIPTION,TEXT,No,No
V_BESTSELLERS_UNITS,UNITS,NUMBER,No,No
V_BESTSELLERS_UNITS,STORE_NO,NUMBER,No,No
V_BESTSELLERS_UNITS,DISTRICT_CODE,TEXT,No,No
V_BESTSELLERS_UNITS,DISTRICT_NAME,TEXT,No,No
V_BESTSELLERS_UNITS,REGION_CODE,TEXT,No,No
V_BESTSELLERS_UNITS,REGION_NAME,TEXT,No,No
V_BRAND_CODES_NAMES,FIELD_NAME,TEXT,No,No
V_BRAND_CODES_NAMES,CALENDAR_DATE,DATE,No,No
V_BRAND_CODES_NAMES,FIELD_VALUE,TEXT,No,No
V_BRAND_CODES_NAMES,DESCRIPTION,TEXT,No,No
V_DISTRICT_BOSS_TRANS,DISTRICT_CODE,TEXT,No,No
V_DISTRICT_BOSS_TRANS,AS_OF_DATE,DATE,No,No
V_DISTRICT_BOSS_TRANS,BOSS_TRANS,FLOAT,No,No
V_DISTRICT_CONVERSION,DISTRICT,TEXT,No,No
V_DISTRICT_CONVERSION,AS_OF_DATE,DATE,No,No
V_DISTRICT_CONVERSION,CONVERSION,FLOAT,No,No
V_DISTRICT_TRANS,DISTRICT,TEXT,No,No
V_DISTRICT_TRANS,AS_OF_DATE,DATE,No,No
V_DISTRICT_TRANS,TRAFFIC_VALUE,FLOAT,No,No
V_EMPLOYEE_DISCOUNT_LIST,CALENDAR_DATE,DATE,No,No
V_EMPLOYEE_DISCOUNT_LIST,SKU_ID,NUMBER,No,No
V_EMPLOYEE_DISCOUNT_LIST,ITEM_DESCRIPTION,TEXT,No,No
V_EMPLOYEE_DISCOUNT_LIST,BRAND,TEXT,No,No
V_EMPLOYEE_DISCOUNT_LIST,COORDINATE_GROUP_NUMBER,TEXT,No,No
V_EMPLOYEE_DISCOUNT_LIST,STATUS_CODE,TEXT,No,No
V_EMPLOYEE_DISCOUNT_LIST,DEPARTMENT,NUMBER,No,No
V_EMPLOYEE_DISCOUNT_LIST,EMPLOYEE_NO,NUMBER,No,No
V_EMPLOYEE_DISCOUNT_LIST,GROSS_AMOUNT,NUMBER,No,No
V_EMPLOYEE_DISCOUNT_LIST,POS_DISCOUNT_AMOUNT,NUMBER,No,No
V_FULFILED_BOSS_ORDERS,TRANSACTION_ID,NUMBER,No,No
V_FULFILED_BOSS_ORDERS,TRANSACTION_DATE,TIMESTAMP_NTZ,No,No
V_FULFILED_BOSS_ORDERS,STORE_NO,NUMBER,No,No
V_FULFILED_BOSS_ORDERS,REGISTER_NO,NUMBER,No,No
V_FULFILED_BOSS_ORDERS,SKU_ID,NUMBER,No,No
V_FULFILED_BOSS_ORDERS,STYLE_LONG_DESCRIPTION,TEXT,No,No
V_FULFILED_BOSS_ORDERS,UPC_NO,NUMBER,No,No
V_FULFILED_BOSS_ORDERS,UNITS_SOLD,NUMBER,No,No
V_FULFILED_BOSS_ORDERS,NET_SALES,NUMBER,No,No
V_FULFILED_BOSS_ORDERS,BOSS_STORE,NUMBER,No,No
V_FULFILED_BOSS_ORDERS,ADP_STORE,NUMBER,No,No
V_FULFILED_BOSS_ORDERS,ITEM_COST,NUMBER,No,No
V_FULFILED_BOSS_ORDERS_SHIPPING_FEES,TRANSACTION_ID,NUMBER,No,No
V_FULFILED_BOSS_ORDERS_SHIPPING_FEES,TRANSACTION_DATE,TIMESTAMP_NTZ,No,No
V_FULFILED_BOSS_ORDERS_SHIPPING_FEES,STORE_NO,NUMBER,No,No
V_FULFILED_BOSS_ORDERS_SHIPPING_FEES,BOSS_STORE,NUMBER,No,No
V_FULFILED_BOSS_ORDERS_SHIPPING_FEES,ADP_STORE,NUMBER,No,No
V_FULFILED_BOSS_ORDERS_SHIPPING_FEES,REGISTER_NO,NUMBER,No,No
V_FULFILED_BOSS_ORDERS_SHIPPING_FEES,NET_SALES,NUMBER,No,No
V_FULFILED_BOSS_ORDERS_SHIPPING_FEES,SHIPPING_FEES,NUMBER,No,No
V_HA_STORE_SIGNUPS,ROW_NUMBER,NUMBER,No,No
V_HA_STORE_SIGNUPS,CUSTOMER_ID,NUMBER,No,No
V_HA_STORE_SIGNUPS,FIRST_NAME,TEXT,No,No
V_HA_STORE_SIGNUPS,LAST_NAME,TEXT,No,No
V_HA_STORE_SIGNUPS,CREATE_SOURCE,NUMBER,No,No
V_HA_STORE_SIGNUPS,CREATE_DATE,DATE,No,No
V_HIERARCHY_MAINTAINANCE_INFO,CALENDAR_DATE,DATE,No,No
V_HIERARCHY_MAINTAINANCE_INFO,FACET,TEXT,No,No
V_HIERARCHY_MAINTAINANCE_INFO,FACVAL,TEXT,No,No
V_HIERARCHY_MAINTAINANCE_INFO,DEPARTMENT,NUMBER,No,No
V_HIERARCHY_MAINTAINANCE_INFO,CLASS,NUMBER,No,No
V_HIERARCHY_MAINTAINANCE_INFO,SUB_DEPARTMENT,NUMBER,No,No
V_HIERARCHY_MAINTAINANCE_INFO,SUB_CLASS,NUMBER,No,No
V_MONDAY_REPORT_IGZSRT,CALENDAR_DATE,DATE,No,No
V_MONDAY_REPORT_IGZSRT,SKU_ID,NUMBER,No,No
V_MONDAY_REPORT_IGZSRT,SORT_ORDER,NUMBER,No,No
V_MONDAY_REPORT_IGZSRT,INGREDIENT_NAME,TEXT,No,No
V_MONDAY_REPORT_IGZSRT,INGREDIENT_DETAIL,TEXT,No,No
V_MONDAY_REPORT_IGZSRT,AMOUNT,NUMBER,No,No
V_MONDAY_REPORT_IGZSRT,UNITS,TEXT,No,No
V_MONDAY_REPORT_IGZSRT,RDA_PERCENT,TEXT,No,No
V_MONDAY_REPORT_INVBAL_FACETSD,SKU_ID,NUMBER,No,No
V_MONDAY_REPORT_INVBAL_FACETSD,STORE_NO,TEXT,No,No
V_MONDAY_REPORT_INVBAL_FACETSD,ON_HAND,NUMBER,No,No
V_MONDAY_REPORT_INVBAL_FACETSD,PO_ON_ORDER_QTY,NUMBER,No,No
V_MONDAY_REPORT_INVBAL_FACETSD,HOLD_QUANTITY,NUMBER,No,No
V_MONDAY_REPORT_INVBAL_FACETSD,CALENDAR_DATE,DATE,No,No
V_MONDAY_REPORT_INVBAL_FACETSD,FACET,TEXT,No,No
V_MONDAY_REPORT_INVBAL_FACETSD,FACVAL,TEXT,No,No
V_MONDAY_REPORT_INVBAL_FACETSD,MERCHANDISER,TEXT,No,No
V_MONDAY_REPORT_INVBAL_FACETSD,ITEM_DESCRIPTION,TEXT,No,No
V_MONDAY_REPORT_INVBAL_FACETSD,STATUS_CODE,TEXT,No,No
V_MONDAY_REPORT_INVBAL_FACETSD,EDI_HAZARDOUS_CODE,TEXT,No,No
V_MONDAY_REPORT_INVBAL_FACETSD,SET_CODE,TEXT,No,No
V_MONDAY_REPORT_INVBAL_FACETSD,VENDOR_NUMBER,NUMBER,No,No
V_MONDAY_REPORT_INVBAL_FACETSD,COORDINATE_GROUP_NO,TEXT,No,No
V_MONDAY_REPORT_INVBAL_FACETSD,MANUFS_NUMBER,TEXT,No,No
V_MONDAY_REPORT_INVBAL_FACETSD,VENDORSS_NUMBER,TEXT,No,No
V_MONDAY_REPORT_INVBAL_FACETSD,DEPARTMENT,NUMBER,No,No
V_MONDAY_REPORT_INVBAL_FACETSD,CLASS,NUMBER,No,No
V_MONDAY_REPORT_INVBAL_FACETSD,SUB_DEPARTMENT,NUMBER,No,No
V_MONDAY_REPORT_INVBAL_FACETSD,SUB_CLASS,NUMBER,No,No
V_MONDAY_REPORT_INVBAL_FACETSD,BUYER,TEXT,No,No
V_MONDAY_REPORT_INVBAL_FACETSD,BRAND,TEXT,No,No
V_MONDAY_REPORT_INVBAL_FACETSD,APLHANUMERIC_PROD_CODE,TEXT,No,No
V_MONDAY_REPORT_INVBAL_FACETSD,FIELD_NAME,TEXT,No,No
V_MONDAY_REPORT_INVBAL_FACETSD,FIELD_VALUE,TEXT,No,No
V_MONDAY_REPORT_TBLSLD,CALENDAR_DATE,DATE,No,No
V_MONDAY_REPORT_TBLSLD,STYLE_VENDOR,NUMBER,No,No
V_MONDAY_REPORT_TBLSLD,STYLE_NO,TEXT,No,No
V_MONDAY_REPORT_TBLSLD,SKU_ID,NUMBER,No,No
V_MONDAY_REPORT_TBLSLD,DESC_TYPE,TEXT,No,No
V_MONDAY_REPORT_TBLSLD,DESC_SEQ,NUMBER,No,No
V_MONDAY_REPORT_TBLSLD,DESC_TEXT,TEXT,No,No
V_MONTHLY_PRICE_GROUP_CHECK,SKU_ID,NUMBER,No,No
V_MONTHLY_PRICE_GROUP_CHECK,DATE,DATE,No,No
V_MONTHLY_PRICE_GROUP_CHECK,CALENDAR_DATE,DATE,No,No
V_MONTHLY_PRICE_GROUP_CHECK,ITEM_DESCRIPTION,TEXT,No,No
V_MONTHLY_PRICE_GROUP_CHECK,STATUS_CODE,TEXT,No,No
V_MONTHLY_PRICE_GROUP_CHECK,SET_CODE,TEXT,No,No
V_MONTHLY_PRICE_GROUP_CHECK,DEPARTMENT,NUMBER,No,No
V_MONTHLY_PRICE_GROUP_CHECK,VENDOR_NUMBER,NUMBER,No,No
V_MONTHLY_PRICE_GROUP_CHECK,COORDINATE_GROUP_NUMBER,TEXT,No,No
V_MONTHLY_PRICE_GROUP_CHECK,AMOUNT_PER_ITEM,NUMBER,No,No
V_MONTHLY_PRICE_GROUP_CHECK,PHYSICAL_FORM_OF_ITEM,TEXT,No,No
V_MONTHLY_PRICE_GROUP_CHECK,AMOUNT_UOM,TEXT,No,No
V_MONTHLY_PRICE_GROUP_CHECK,FLAVOR,TEXT,No,No
V_MONTHLY_PRICE_GROUP_CHECK,COLOR_LONG_DESC,TEXT,No,No
V_MONTHLY_PRICE_GROUP_CHECK,SIZE_LONG_DESC,TEXT,No,No
V_MONTHLY_PRICE_GROUP_CHECK,SCENT,TEXT,No,No
V_MONTHLY_PRICE_GROUP_CHECK,REGULAR_RETAIL_PRICE,NUMBER,No,No
V_MONTHLY_PRICE_GROUP_CHECK,FIELD_NAME,TEXT,No,No
V_MONTHLY_PRICE_GROUP_CHECK,FIELD_VALUE,TEXT,No,No
V_MONTHLY_PRICE_GROUP_CHECK_WEB_I,CALENDAR_DATE,DATE,No,No
V_MONTHLY_PRICE_GROUP_CHECK_WEB_I,SKU_NUMBER,NUMBER,No,No
V_MONTHLY_PRICE_GROUP_CHECK_WEB_I,COMMERCIAL_INV_DESC,TEXT,No,No
V_PARENT_CHILD_SKU_AUDIT,CALENDAR_DATE,DATE,No,No
V_PARENT_CHILD_SKU_AUDIT,SKU_ID,NUMBER,No,No
V_PARENT_CHILD_SKU_AUDIT,MANUFS_NUMBER,TEXT,No,No
V_PARENT_CHILD_SKU_AUDIT,STATUS_CODE,TEXT,No,No
V_PARENT_CHILD_SKU_AUDIT,EDI_HAZARDOUS_CODE,TEXT,No,No
V_PARENT_CHILD_SKU_AUDIT,AMOUNT_PER_ITEM,NUMBER,No,No
V_PARENT_CHILD_SKU_AUDIT,PARENT_CHILD,NUMBER,No,No
V_PARENT_CHILD_SKU_AUDIT,CHILD_SKU,NUMBER,No,No
V_PARENT_CHILD_SKU_AUDIT,CHILD_MANUFS_NUMBER,TEXT,No,No
V_PARENT_CHILD_SKU_AUDIT,CHILD_STATUS_CODE,TEXT,No,No
V_PARENT_CHILD_SKU_AUDIT,CHILD_HAZARDOUS_CODE,TEXT,No,No
V_PARENT_CHILD_SKU_AUDIT,CHILD_AMOUNT_PER_ITEM,NUMBER,No,No
V_PARENT_CHILD_SKU_AUDIT,SET_QUANTITY,FLOAT,No,No
V_PARENT_CHILD_SKU_AUDIT,ITEM_DESCRIPTION,TEXT,No,No
V_PARENT_CHILD_SKU_AUDIT,MERCHANDISER,TEXT,No,No
V_PARENT_CHILD_SKU_AUDIT,VENDOR_NUMBER,NUMBER,No,No
V_PARENT_CHILD_SKU_AUDIT,DEPARTMENT,NUMBER,No,No
V_PARENT_CHILD_SKU_AUDIT,CLASS,NUMBER,No,No
V_PARENT_CHILD_SKU_AUDIT,SUB_DEPARTMENT,NUMBER,No,No
V_PARENT_CHILD_SKU_AUDIT,SUB_CLASS,NUMBER,No,No
V_PARENT_CHILD_TRACKING,PULL_DATE,DATE,No,No
V_PARENT_CHILD_TRACKING,PARENT_SKU,NUMBER,No,No
V_PARENT_CHILD_TRACKING,PARENT_DESC,TEXT,No,No
V_PARENT_CHILD_TRACKING,CHILD_SKU,NUMBER,No,No
V_PARENT_CHILD_TRACKING,TOTAL_OH_UNITS,FLOAT,No,No
V_PARENT_CHILD_TRACKING,TOTAL_OH_DOLLARS,NUMBER,No,No
V_PARENT_CHILD_TRACKING,IN_TRANSIT_UNITS,NUMBER,No,No
V_PARENT_CHILD_TRACKING,TOTAL_SALES_UNITS,FLOAT,No,No
V_PARENT_CHILD_TRACKING,TOTAL_SALES_DOLLARS,NUMBER,No,No
V_PRICING_ATTRIBUTE_CHECK,SKU_ID,FLOAT,No,No
V_PRICING_ATTRIBUTE_CHECK,CALENDAR_DATE,DATE,No,No
V_PRICING_ATTRIBUTE_CHECK,FIELD_NAME,TEXT,No,No
V_PRICING_ATTRIBUTE_CHECK,FIELD_VALUE,TEXT,No,No
V_PRICING_ATTRIBUTE_CHECK,DESCRIPTION,TEXT,No,No
V_PRICING_ATTRIBUTE_CHECK,MERCHANDISER,TEXT,No,No
V_PRICING_ATTRIBUTE_CHECK,BRAND,TEXT,No,No
V_PRICING_ATTRIBUTE_CHECK,COORDINATE_GROUP_NUMBER,TEXT,No,No
V_PRIMARY_ITEM_MASTER,SKU_NUMBER,NUMBER,No,No
V_PRIMARY_ITEM_MASTER,WEB_NAME,TEXT,No,No
V_PRIMARY_ITEM_MASTER,DESCRIPTION,TEXT,No,No
V_PRIMARY_ITEM_MASTER,CREATE_DATE,DATE,No,No
V_PRIMARY_ITEM_MASTER,CURRENT_OH,NUMBER,No,No
V_PRIMARY_ITEM_MASTER,ON_ORDER,NUMBER,No,No
V_PRIMARY_ITEM_MASTER,STATUS_CODE,TEXT,No,No
V_PRIMARY_ITEM_MASTER,EDI_HAZ_CODE,TEXT,No,No
V_PRIMARY_ITEM_MASTER,SS_STATUS,TEXT,No,No
V_PRIMARY_ITEM_MASTER,VS_STATUS,TEXT,No,No
V_PRIMARY_ITEM_MASTER,VENDOR_NAME,TEXT,No,No
V_PRIMARY_ITEM_MASTER,FREIGHT_CODE,TEXT,No,No
V_PRIMARY_ITEM_MASTER,DISTRIBUTION_METHOD,TEXT,No,No
V_PRIMARY_ITEM_MASTER,PRIMARY_VENDOR,NUMBER,No,No
V_PRIMARY_ITEM_MASTER,MANS_NUMBER,TEXT,No,No
V_PRIMARY_ITEM_MASTER,VENDORS_PART_NUMBER,TEXT,No,No
V_PRIMARY_ITEM_MASTER,MERCH_NAME,TEXT,No,No
V_PRIMARY_ITEM_MASTER,BUYER,TEXT,No,No
V_PRIMARY_ITEM_MASTER,DEPARTMENT,NUMBER,No,No
V_PRIMARY_ITEM_MASTER,DEPARTMENT_NAME,TEXT,No,No
V_PRIMARY_ITEM_MASTER,SUB_DEPT,NUMBER,No,No
V_PRIMARY_ITEM_MASTER,CLASS,NUMBER,No,No
V_PRIMARY_ITEM_MASTER,SUB_CLASS,NUMBER,No,No
V_PRIMARY_ITEM_MASTER,SKU_TYPE,TEXT,No,No
V_PRIMARY_ITEM_MASTER,RETAIL_PRICE,NUMBER,No,No
V_PRIMARY_ITEM_MASTER,NEW_ITEM_FORECAST,TEXT,No,No
V_PRIMARY_ITEM_MASTER,STANDARD_PACK,NUMBER,No,No
V_PRIMARY_ITEM_MASTER,INNER_PACK,NUMBER,No,No
V_PRIMARY_ITEM_MASTER,SET_CODE,TEXT,No,No
V_PRIMARY_ITEM_MASTER,COORDINATE_GROUP_NUM,TEXT,No,No
V_PRIMARY_ITEM_MASTER,ATTRIBUTE_2,TEXT,No,No
V_PRIMARY_ITEM_MASTER,ALPHA_CODE,TEXT,No,No
V_PRIMARY_ITEM_MASTER,FORM,TEXT,No,No
V_PRIMARY_ITEM_MASTER,RTPL1,TEXT,No,No
V_PRIMARY_ITEM_MASTER,RTPL7,TEXT,No,No
V_PRIMARY_ITEM_MASTER,PRCFAM,TEXT,No,No
V_PRIMARY_ITEM_MASTER,PUNTFM,TEXT,No,No
V_PRIMARY_ITEM_MASTER,PLGFAM,TEXT,No,No
V_PRIMARY_ITEM_MASTER,PSUFAM,TEXT,No,No
V_PRIMARY_ITEM_MASTER,SHELF1,TEXT,No,No
V_PRIMARY_ITEM_MASTER,SHELF2,TEXT,No,No
V_PRIMARY_ITEM_MASTER,ITEM_WEIGHT,NUMBER,No,No
V_PRIMARY_ITEM_MASTER,ITEM_DEPTH,NUMBER,No,No
V_PRIMARY_ITEM_MASTER,WIDTH,NUMBER,No,No
V_PRIMARY_ITEM_MASTER,HEIGHT,NUMBER,No,No
V_PRIMARY_ITEM_MASTER,AMOUNT,NUMBER,No,No
V_PRIMARY_ITEM_MASTER,AMOUNT_UOM,TEXT,No,No
V_PRIMARY_ITEM_MASTER,COLOR,TEXT,No,No
V_PRIMARY_ITEM_MASTER,SERVING_SIZE,TEXT,No,No
V_PRIMARY_ITEM_MASTER,NUMBER_OF_SERVINGS,NUMBER,No,No
V_PRIMARY_ITEM_MASTER,SHORT_SHELF_LIFE,TEXT,No,No
V_PRIMARY_ITEM_MASTER,DAYS_FOR_EXPIRATION,NUMBER,No,No
V_PRIMARY_ITEM_MASTER,SIZE,TEXT,No,No
V_PRIMARY_ITEM_MASTER,STRENGTH,TEXT,No,No
V_PRIMARY_ITEM_MASTER,FLAVOR,TEXT,No,No
V_PRIMARY_ITEM_MASTER,SCENT,TEXT,No,No
V_PRIMARY_ITEM_MASTER,WEB_ELIGABLE,TEXT,No,No
V_PRIMARY_ITEM_MASTER,SUB_AND_SAVE,TEXT,No,No
V_PRIMARY_ITEM_MASTER,AUTO_DELIVERY_DFT,TEXT,No,No
V_PRIMARY_ITEM_MASTER,AUTO_DELIVERY,TEXT,No,No
V_PROFILES,PROFILEPK,FLOAT,No,No
V_PROFILES,PROFILENAME,TEXT,No,No
V_PROFILES,FIRSTNAME,TEXT,No,No
V_PROFILES,LASTNAME,TEXT,No,No
V_PROFILES,WACCOUNT,TEXT,No,No
V_PROFILES,DEPT,TEXT,No,No
V_PROFILES,EMAIL,TEXT,No,No
V_PROFILES,UPDATETS,TIMESTAMP_NTZ,No,No
V_PROFILES,INSERTTS,TIMESTAMP_NTZ,No,No
V_PROFILES,ACCESSCODE,TEXT,No,No
V_PROFILES,DISTRICTID,FLOAT,No,No
V_PROFILES,REGIONID,TEXT,No,No
V_PROFILES,REGION,TEXT,No,No
V_PROFILES,STOREID,FLOAT,No,No
V_REDEMPTION_CPNRDMPF,COUPON,TEXT,No,No
V_REDEMPTION_CPNRDMPF,MARKETING_CAMPAIGN,TEXT,No,No
V_REDEMPTION_CPNRDMPF,REDEEMED_AT,TEXT,No,No
V_REDEMPTION_CPNRDMPF,REGISTER_NUMBER,TEXT,No,No
V_REDEMPTION_CPNRDMPF,TRANSACTION_NMBR,TEXT,No,No
V_REDEMPTION_CPNRDMPF,TRANSACTION_DATE,DATE,No,No
V_REDEMPTION_CPNRDMPF,CHANEL_USED,TEXT,No,No
V_REDEMPTION_CPNRDMPF,ISSUED_TO_EMAIL,TEXT,No,No
V_REDEMPTION_CPNRDMPF,ISSUED_TO_CUST_ID,TEXT,No,No
V_REDEMPTION_CPNRDMPF,REDEEM_TO_EMAIL,TEXT,No,No
V_REDEMPTION_CPNRDMPF,REDEEM_TO_CUST_ID,TEXT,No,No
V_REDEMPTION_CPNRDMPF,TOTAL_SALE,NUMBER,No,No
V_REDEMPTION_CPNRDMPF,DISCOUNT_AMT,NUMBER,No,No
V_REDEMPTION_CPNRDMPF,NET_SALE,NUMBER,No,No
V_REDEMPTION_CPNRDMPF,DISCOUNTED_AMT,NUMBER,No,No
V_REDEMPTION_CPNRDMPF,CAMPAIGN_DESC_1,TEXT,No,No
V_REDEMPTION_CPNRDMPF,CAMPAIGN_DESC_2,TEXT,No,No
V_REDEMPTION_CPNRDMPF,COMM_DOWN,TEXT,No,No
V_REDEMPTION_CPNRDMPF,MNGR_OVERRIDE,TEXT,No,No
V_REDEMPTION_CPNRDMPF,CREATE_USER,TEXT,No,No
V_REDEMPTION_CPNRDMPF,CREATE_DATE,DATE,No,No
V_REGION_SHORTNAMES,REGION_CODE,NUMBER,No,No
V_REGION_SHORTNAMES,REGION_NAME,TEXT,No,No
V_SALESREPORTING,TRANSACTION_DATE,TIMESTAMP_NTZ,No,No
V_SALESREPORTING,STORE_NO,NUMBER,No,No
V_SALESREPORTING,GROSSAMOUNT,NUMBER,No,No
V_SALESREPORTING,DISCOUNTAMOUNT,NUMBER,No,No
V_SALESREPORTING,NETAMOUNT,NUMBER,No,No
V_SALESREPORTING,UNITS,NUMBER,No,No
V_SALESREPORTING,TRANSACTIONS,NUMBER,No,No
V_SALESREPORTING,TRANSACTIONSTOTAL,FLOAT,No,No
V_SALESREPORTING,CATEGORY,TEXT,No,No
V_SALESREPORTING,COMPSTATUS,NUMBER,No,No
V_SALESREPORTING,DELREV,NUMBER,No,No
V_SALES_REPORTING_DETAIL,TRANSACTION_DATE,DATE,No,No
V_SALES_REPORTING_DETAIL,STORE_NO,NUMBER,No,No
V_SALES_REPORTING_DETAIL,CATEGORY,TEXT,No,No
V_SALES_REPORTING_DETAIL,REGISTER_NO,NUMBER,No,No
V_SALES_REPORTING_DETAIL,TRANSACTION_ID,NUMBER,No,No
V_SALES_REPORTING_DETAIL,SKU_ID,NUMBER,No,No
V_SALES_REPORTING_DETAIL,GROSS_AMOUNT,NUMBER,No,No
V_SALES_REPORTING_DETAIL,DISCOUNT_AMOUNT,NUMBER,No,No
V_SALES_REPORTING_DETAIL,NET_AMOUNT,NUMBER,No,No
V_SALES_REPORTING_DETAIL,UNITS,NUMBER,No,No
V_SF_BESTSELLERS_DATE_BP,DATE,DATE,No,No
V_SF_CBD_REPORT,DAY,TEXT,No,No
V_SF_CBD_REPORT,STORE_NAME,TEXT,No,No
V_SF_CBD_REPORT,REGION_NAME,TEXT,No,No
V_SF_CBD_REPORT,DISTRICT_NAME,TEXT,No,No
V_SF_CBD_REPORT,DISTRICT_CODE,TEXT,No,No
V_SF_CBD_REPORT,TRANSACTION_ID,NUMBER,No,No
V_SF_CBD_REPORT,STORE_NO,NUMBER,No,No
V_SF_CBD_REPORT,TRANSACTION_NO,NUMBER,No,No
V_SF_CBD_REPORT,TRANSACTION_DATE,DATE,No,No
V_SF_CBD_REPORT,EMPLOYEE_NO,NUMBER,No,No
V_SF_CBD_REPORT,SKU_ID,NUMBER,No,No
V_SF_CBD_REPORT,STYLE_LONG_DESCRIPTION,TEXT,No,No
V_SF_CBD_REPORT,POS_DISCOUNT_TYPE,NUMBER,No,No
V_SF_CBD_REPORT,BRAND,TEXT,No,No
V_SF_CBD_REPORT,DEPARTMENT,TEXT,No,No
V_SF_CBD_REPORT,SUBDEPARTMENT,TEXT,No,No
V_SF_CBD_REPORT,CLASS,TEXT,No,No
V_SF_CBD_REPORT,SUBCLASS,TEXT,No,No
V_SF_CBD_REPORT,RETAIL_PLACEMENT,TEXT,No,No
V_SF_CBD_REPORT,UNITS,NUMBER,No,No
V_SF_CBD_REPORT,GROSS_LINE_AMOUNT,NUMBER,No,No
V_SF_CBD_REPORT,NET_AMOUNT,NUMBER,No,No
V_SF_CBD_REPORT,POS_DISCOUNT,NUMBER,No,No
V_SF_CBD_REPORT,VALUE_PRICE,NUMBER,No,No
V_SF_CBD_REPORT,COST,NUMBER,No,No
V_SF_CBD_SALES,TRANSACTION_DATE,DATE,No,No
V_SF_CBD_SALES,UNITS,NUMBER,No,No
V_SF_CBD_SALES,GROSS_LINE_AMOUNT,NUMBER,No,No
V_SF_CBD_SALES,NET_AMOUNT,NUMBER,No,No
V_SF_IM_SKU_DAY_DC_VENDONTIME_2,CALENDAR_DATE,DATE,No,No
V_SF_IM_SKU_DAY_DC_VENDONTIME_2,STORE_NO,NUMBER,No,No
V_SF_IM_SKU_DAY_DC_VENDONTIME_2,SKU_ID,NUMBER,No,No
V_SF_IM_SKU_DAY_DC_VENDONTIME_2,SHIP_DATE,TEXT,No,No
V_SF_IM_SKU_DAY_DC_VENDONTIME_2,CANCEL_DATE,TEXT,No,No
V_SF_IM_SKU_DAY_DC_VENDONTIME_2,RECEIPT_DATE,TEXT,No,No
V_SF_IM_SKU_DAY_DC_VENDONTIME_2,VENDOR_CODE,FLOAT,No,No
V_SF_IM_SKU_DAY_DC_VENDONTIME_2,PO_ENTRY_DATE,TEXT,No,No
V_SF_IM_SKU_DAY_DC_VENDONTIME_2,PO_NUMBER,FLOAT,No,No
V_SF_IM_SKU_DAY_DC_VENDONTIME_2,ORIGINAL_QUANTITY_ORDERED,NUMBER,No,No
V_SF_IM_SKU_DAY_DC_VENDONTIME_2,RECEIVEDQTY,NUMBER,No,No
V_SF_IM_SKU_DAY_DC_VENDONTIME_2,LATEST_ORIGINAL_QUANTITY_ORDERED,NUMBER,No,No
V_SF_IM_SKU_DAY_DC_VENDONTIME_2,PO_UNIT_COST,NUMBER,No,No
V_SF_IM_SKU_DAY_DC_VENDONTIME_2,NEW_COST,NUMBER,No,No
V_SF_MARGIN,TRANSACTION_DATE,DATE,No,No
V_SF_MARGIN,CHANNEL,TEXT,No,No
V_SF_MARGIN,DIVISION_NAME,TEXT,No,No
V_SF_MARGIN,REGION_NAME,TEXT,No,No
V_SF_MARGIN,STORE_NO,NUMBER,No,No
V_SF_MARGIN,STORE_NAME,TEXT,No,No
V_SF_MARGIN,COMPSTATUS,NUMBER,No,No
V_SF_MARGIN,BRAND_CATEGORY,TEXT,No,No
V_SF_MARGIN,CATEGORY,TEXT,No,No
V_SF_MARGIN,SKU_ID,NUMBER,No,No
V_SF_MARGIN,BASKET_SPEND,NUMBER,No,No
V_SF_MARGIN,ITEMS,NUMBER,No,No
V_SF_MARGIN,COST,FLOAT,No,No
V_SF_MARGIN,SCANS,NUMBER,No,No
V_SF_MARKDOWNS_SUMMARY,MARKDOWN_DETAIL,TEXT,No,No
V_SF_MARKDOWNS_SUMMARY,MARKDOWN_SALES,FLOAT,No,No
V_SF_MARKDOWNS_SUMMARY,MARKDOWN_DISCOUNT,FLOAT,No,No
V_SF_MARKDOWNS_SUMMARY,STORE_NO,NUMBER,No,No
V_SF_MARKDOWNS_SUMMARY,MARK_DOWN,TEXT,No,No
V_SF_MARKDOWNS_SUMMARY,TRANSACTION_DATE,DATE,No,No
V_SF_MARKDOWNS_SUMMARY,CHANNEL,TEXT,No,No
V_SF_MARKDOWNS_SUMMARY,TRANSACTION_ID,NUMBER,No,No
V_SF_MARKDOWNS_SUMMARY,REGISTER_NO,NUMBER,No,No
V_SF_MSTR_MARGIN_DATE,DATE,DATE,No,No
V_SF_MSTR_PROMO_AMOUNTS,TRANSACTION_DATE,DATE,No,No
V_SF_MSTR_PROMO_AMOUNTS,STORE_NO,NUMBER,No,No
V_SF_MSTR_PROMO_AMOUNTS,CHANNEL,TEXT,No,No
V_SF_MSTR_PROMO_AMOUNTS,NETAMOUNT,FLOAT,No,No
V_SF_MSTR_PROMO_AMOUNTS,OMS_NETAMOUNT,FLOAT,No,No
V_SF_MSTR_PROMO_AMOUNTS,ADP_REPLENISHMENT_DISCOUNT,FLOAT,No,No
V_SF_MSTR_PROMO_AMOUNTS,ADP_FIRST_ORDER_DISCOUNT,FLOAT,No,No
V_SF_MSTR_PROMO_AMOUNTS,COMPLEX_PROMO_NVS_SCANS,FLOAT,No,No
V_SF_MSTR_PROMO_AMOUNTS,COMPLEX_PROMO_VS_SCANS,FLOAT,No,No
V_SF_RPC_MARGIN,STORE_NO,NUMBER,No,No
V_SF_RPC_MARGIN,TRANSACTION_DATE,DATE,No,No
V_SF_RPC_MARGIN,CATEGORY,TEXT,No,No
V_SF_RPC_MARGIN,TRANSACTION_ID,NUMBER,No,No
V_SF_RPC_MARGIN,NUMERIC,NUMBER,No,No
V_SF_RPC_MARGIN,BRAND,TEXT,No,No
V_SF_RPC_MARGIN,BRAND_CATEGORY,TEXT,No,No
V_SF_RPC_MARGIN,REGION_NAME,TEXT,No,No
V_SF_RPC_MARGIN,CHANNEL,TEXT,No,No
V_SF_RPC_MARGIN,DIVISION_NAME,NUMBER,No,No
V_SF_RPC_MARGIN,PROMOTION_TYPE,TEXT,No,No
V_SF_RPC_MARGIN,NETAMOUNT,FLOAT,No,No
V_SF_RPC_MARGIN,UNITS,FLOAT,No,No
V_SF_RPC_MARGIN,COST,FLOAT,No,No
V_SF_RPC_VENDOR,TRANSACTION_DATE,DATE,No,No
V_SF_RPC_VENDOR,STORE_NO,NUMBER,No,No
V_SF_RPC_VENDOR,PROMOTION_TYPE,TEXT,No,No
V_SF_RPC_VENDOR,DEPTNAME,TEXT,No,No
V_SF_RPC_VENDOR,BRAND,TEXT,No,No
V_SF_RPC_VENDOR,BRAND_CATEGORY,TEXT,No,No
V_SF_RPC_VENDOR,REGION_NAME,TEXT,No,No
V_SF_RPC_VENDOR,CHANNEL,TEXT,No,No
V_SF_RPC_VENDOR,SKU_ID,TEXT,No,No
V_SF_RPC_VENDOR,AMOUNT,FLOAT,No,No
V_SF_RPC_VENDOR,DIVISION_NAME,NUMBER,No,No
V_SF_RPC_VENDOR,COMPSTATUS,NUMBER,No,No
V_SF_RPC_VENDOR,FIRST_LAUNCH_DATE,DATE,No,No
V_SF_RPC_VENDOR,CATEGORY,TEXT,No,No
V_SF_RPC_VENDOR,ITEM_DESCRIPTION,TEXT,No,No
V_SF_RPC_VENDOR,DIVISION,TEXT,No,No
V_SF_RPC_VENDOR,SKU_NO,TEXT,No,No
V_SF_RPC_VENDOR,SKU_LAUNCH,TEXT,No,No
V_SF_RPC_VENDOR,PARENT_SKU,TEXT,No,No
V_SF_RPC_VENDOR,TRAIL,TEXT,No,No
V_SF_SKU_COST,SKU_ID,NUMBER,No,No
V_SF_SKU_COST,UPLOAD_DATE,DATE,No,No
V_SF_SKU_COST,COST,NUMBER,No,No
V_STORE_PROMOTION_EVENTS,VENDOR_CODE,NUMBER,No,No
V_STORE_PROMOTION_EVENTS,SKU_ID,TEXT,No,No
V_STORE_PROMOTION_EVENTS,SKU_DESCRIPTION,TEXT,No,No
V_STORE_PROMOTION_EVENTS,PROMOTION_CODE,NUMBER,No,No
V_STORE_PROMOTION_EVENTS,STORE_CODE,NUMBER,No,No
V_STORE_PROMOTION_EVENTS,PROMOTION_START,TEXT,No,No
V_STORE_PROMOTION_EVENTS,PROMOTION_END,TEXT,No,No
V_STORE_PROMOTION_EVENTS,PROMOTION_DESCRIPTION,TEXT,No,No
V_STORE_PROMOTION_EVENTS,PROMOTION_TYPE,TEXT,No,No
V_STORE_PROMOTION_EVENTS,PROMOTION_WEIGHT,NUMBER,No,No
V_STORE_PROMOTION_EVENTS,PROMOTION_REASON,TEXT,No,No
V_STORE_PROMOTION_EVENTS,EVENT_LEVEL,TEXT,No,No
V_TOP25_BESTSELLERS_SALES,SKU_ID,NUMBER,No,No
V_TOP25_BESTSELLERS_SALES,NET_AMOUNT,NUMBER,No,No
V_TOP25_BESTSELLERS_UNITS,TRANSACTION_DATE,DATE,No,No
V_TOP25_BESTSELLERS_UNITS,NET_AMOUNT,NUMBER,No,No
V_TOP25_BESTSELLERS_UNITS,UNITS,NUMBER,No,No
V_TOP25_BESTSELLERS_UNITS,BRAND,TEXT,No,No
V_TOP25_BESTSELLERS_UNITS,SKU_ID,NUMBER,No,No
V_TOP25_BESTSELLERS_UNITS,DESCRIPTION,TEXT,No,No
V_TOP25_BESTSELLERS_UNITS,STORE_NO,TEXT,No,No
V_TOP25_BESTSELLERS_UNITS,DISTRICT_CODE,TEXT,No,No
V_TOP25_BESTSELLERS_UNITS,DISTRICT_NAME,TEXT,No,No
V_TOP25_BESTSELLERS_UNITS,REGION_CODE,TEXT,No,No
V_TOP25_BESTSELLERS_UNITS,REGION_NAME,TEXT,No,No
V_TOP25_BS_BRAND_CATEGORY,SKU_ID,TEXT,No,No
V_TOP25_BS_BRAND_CATEGORY,BRAND_CATEGORY,TEXT,No,No
V_TOP25_BS_MTD,SKU_RANK,NUMBER,No,No
V_TOP25_BS_MTD,DESCRIPTION,TEXT,No,No
V_TOP25_BS_MTD,SKU_ID,NUMBER,No,No
V_TOP25_BS_MTD,NET_AMOUNT,FLOAT,No,No
V_TOP25_BS_MTD,UNITS,NUMBER,No,No
V_TOP25_BS_QTD,SKU_RANK,NUMBER,No,No
V_TOP25_BS_QTD,DESCRIPTION,TEXT,No,No
V_TOP25_BS_QTD,SKU_ID,NUMBER,No,No
V_TOP25_BS_QTD,NET_AMOUNT,FLOAT,No,No
V_TOP25_BS_QTD,UNITS,NUMBER,No,No
V_TOP25_BS_RDS_QTD,NET_AMOUNT,FLOAT,No,No
V_TOP25_BS_RDS_QTD,SKU_ID,NUMBER,No,No
V_TOP25_BS_RDS_QTD,DESCRIPTION,TEXT,No,No
V_TOP25_BS_RDS_QTD,UNITS,NUMBER,No,No
V_TOP25_BS_RDS_QTD,STORE_NO,NUMBER,No,No
V_TOP25_BS_RDS_QTD,S_SNAME,TEXT,No,No
V_TOP25_BS_RDS_QTD,DISTRICT_CODE,TEXT,No,No
V_TOP25_BS_RDS_QTD,D_SNAME,TEXT,No,No
V_TOP25_BS_RDS_QTD,REGION_CODE,TEXT,No,No
V_TOP25_BS_RDS_QTD,REGION_NAME,TEXT,No,No
V_TOP25_BS_RDS_UNITS_MTD,NET_AMOUNT,FLOAT,No,No
V_TOP25_BS_RDS_UNITS_MTD,SKU_ID,NUMBER,No,No
V_TOP25_BS_RDS_UNITS_MTD,DESCRIPTION,TEXT,No,No
V_TOP25_BS_RDS_UNITS_MTD,UNITS,NUMBER,No,No
V_TOP25_BS_RDS_UNITS_MTD,STORE_NO,NUMBER,No,No
V_TOP25_BS_RDS_UNITS_MTD,S_SNAME,TEXT,No,No
V_TOP25_BS_RDS_UNITS_MTD,DISTRICT_CODE,TEXT,No,No
V_TOP25_BS_RDS_UNITS_MTD,D_SNAME,TEXT,No,No
V_TOP25_BS_RDS_UNITS_MTD,REGION_CODE,TEXT,No,No
V_TOP25_BS_RDS_UNITS_MTD,REGION_NAME,TEXT,No,No
V_TOP25_BS_RDS_UNITS_QTD,NET_AMOUNT,FLOAT,No,No
V_TOP25_BS_RDS_UNITS_QTD,SKU_ID,NUMBER,No,No
V_TOP25_BS_RDS_UNITS_QTD,DESCRIPTION,TEXT,No,No
V_TOP25_BS_RDS_UNITS_QTD,UNITS,NUMBER,No,No
V_TOP25_BS_RDS_UNITS_QTD,STORE_NO,NUMBER,No,No
V_TOP25_BS_RDS_UNITS_QTD,S_SNAME,TEXT,No,No
V_TOP25_BS_RDS_UNITS_QTD,DISTRICT_CODE,TEXT,No,No
V_TOP25_BS_RDS_UNITS_QTD,D_SNAME,TEXT,No,No
V_TOP25_BS_RDS_UNITS_QTD,REGION_CODE,TEXT,No,No
V_TOP25_BS_RDS_UNITS_QTD,REGION_NAME,TEXT,No,No
V_TOP25_BS_RDS_UNITS_VS_MTD,NET_AMOUNT,FLOAT,No,No
V_TOP25_BS_RDS_UNITS_VS_MTD,SKU_ID,NUMBER,No,No
V_TOP25_BS_RDS_UNITS_VS_MTD,DESCRIPTION,TEXT,No,No
V_TOP25_BS_RDS_UNITS_VS_MTD,UNITS,NUMBER,No,No
V_TOP25_BS_RDS_UNITS_VS_MTD,STORE_NO,NUMBER,No,No
V_TOP25_BS_RDS_UNITS_VS_MTD,S_SNAME,TEXT,No,No
V_TOP25_BS_RDS_UNITS_VS_MTD,DISTRICT_CODE,TEXT,No,No
V_TOP25_BS_RDS_UNITS_VS_MTD,D_SNAME,TEXT,No,No
V_TOP25_BS_RDS_UNITS_VS_MTD,REGION_CODE,TEXT,No,No
V_TOP25_BS_RDS_UNITS_VS_MTD,REGION_NAME,TEXT,No,No
V_TOP25_BS_RDS_UNITS_VS_QTD,NET_AMOUNT,FLOAT,No,No
V_TOP25_BS_RDS_UNITS_VS_QTD,SKU_ID,NUMBER,No,No
V_TOP25_BS_RDS_UNITS_VS_QTD,DESCRIPTION,TEXT,No,No
V_TOP25_BS_RDS_UNITS_VS_QTD,UNITS,NUMBER,No,No
V_TOP25_BS_RDS_UNITS_VS_QTD,STORE_NO,NUMBER,No,No
V_TOP25_BS_RDS_UNITS_VS_QTD,S_SNAME,TEXT,No,No
V_TOP25_BS_RDS_UNITS_VS_QTD,DISTRICT_CODE,TEXT,No,No
V_TOP25_BS_RDS_UNITS_VS_QTD,D_SNAME,TEXT,No,No
V_TOP25_BS_RDS_UNITS_VS_QTD,REGION_CODE,TEXT,No,No
V_TOP25_BS_RDS_UNITS_VS_QTD,REGION_NAME,TEXT,No,No
V_TOP25_BS_RDS_UNITS_VS_WTD,NET_AMOUNT,FLOAT,No,No
V_TOP25_BS_RDS_UNITS_VS_WTD,SKU_ID,NUMBER,No,No
V_TOP25_BS_RDS_UNITS_VS_WTD,DESCRIPTION,TEXT,No,No
V_TOP25_BS_RDS_UNITS_VS_WTD,UNITS,NUMBER,No,No
V_TOP25_BS_RDS_UNITS_VS_WTD,STORE_NO,NUMBER,No,No
V_TOP25_BS_RDS_UNITS_VS_WTD,S_SNAME,TEXT,No,No
V_TOP25_BS_RDS_UNITS_VS_WTD,DISTRICT_CODE,TEXT,No,No
V_TOP25_BS_RDS_UNITS_VS_WTD,D_SNAME,TEXT,No,No
V_TOP25_BS_RDS_UNITS_VS_WTD,REGION_CODE,TEXT,No,No
V_TOP25_BS_RDS_UNITS_VS_WTD,REGION_NAME,TEXT,No,No
V_TOP25_BS_RDS_UNITS_VS_YES,NET_AMOUNT,FLOAT,No,No
V_TOP25_BS_RDS_UNITS_VS_YES,SKU_ID,NUMBER,No,No
V_TOP25_BS_RDS_UNITS_VS_YES,DESCRIPTION,TEXT,No,No
V_TOP25_BS_RDS_UNITS_VS_YES,UNITS,NUMBER,No,No
V_TOP25_BS_RDS_UNITS_VS_YES,STORE_NO,NUMBER,No,No
V_TOP25_BS_RDS_UNITS_VS_YES,S_SNAME,TEXT,No,No
V_TOP25_BS_RDS_UNITS_VS_YES,DISTRICT_CODE,TEXT,No,No
V_TOP25_BS_RDS_UNITS_VS_YES,D_SNAME,TEXT,No,No
V_TOP25_BS_RDS_UNITS_VS_YES,REGION_CODE,TEXT,No,No
V_TOP25_BS_RDS_UNITS_VS_YES,REGION_NAME,TEXT,No,No
V_TOP25_BS_RDS_UNITS_VS_YTD,NET_AMOUNT,FLOAT,No,No
V_TOP25_BS_RDS_UNITS_VS_YTD,SKU_ID,NUMBER,No,No
V_TOP25_BS_RDS_UNITS_VS_YTD,DESCRIPTION,TEXT,No,No
V_TOP25_BS_RDS_UNITS_VS_YTD,UNITS,NUMBER,No,No
V_TOP25_BS_RDS_UNITS_VS_YTD,STORE_NO,NUMBER,No,No
V_TOP25_BS_RDS_UNITS_VS_YTD,S_SNAME,TEXT,No,No
V_TOP25_BS_RDS_UNITS_VS_YTD,DISTRICT_CODE,TEXT,No,No
V_TOP25_BS_RDS_UNITS_VS_YTD,D_SNAME,TEXT,No,No
V_TOP25_BS_RDS_UNITS_VS_YTD,REGION_CODE,TEXT,No,No
V_TOP25_BS_RDS_UNITS_VS_YTD,REGION_NAME,TEXT,No,No
V_TOP25_BS_RDS_UNITS_WTD,NET_AMOUNT,FLOAT,No,No
V_TOP25_BS_RDS_UNITS_WTD,SKU_ID,NUMBER,No,No
V_TOP25_BS_RDS_UNITS_WTD,DESCRIPTION,TEXT,No,No
V_TOP25_BS_RDS_UNITS_WTD,UNITS,NUMBER,No,No
V_TOP25_BS_RDS_UNITS_WTD,STORE_NO,NUMBER,No,No
V_TOP25_BS_RDS_UNITS_WTD,S_SNAME,TEXT,No,No
V_TOP25_BS_RDS_UNITS_WTD,DISTRICT_CODE,TEXT,No,No
V_TOP25_BS_RDS_UNITS_WTD,D_SNAME,TEXT,No,No
V_TOP25_BS_RDS_UNITS_WTD,REGION_CODE,TEXT,No,No
V_TOP25_BS_RDS_UNITS_WTD,REGION_NAME,TEXT,No,No
V_TOP25_BS_RDS_UNITS_YES,NET_AMOUNT,FLOAT,No,No
V_TOP25_BS_RDS_UNITS_YES,SKU_ID,NUMBER,No,No
V_TOP25_BS_RDS_UNITS_YES,DESCRIPTION,TEXT,No,No
V_TOP25_BS_RDS_UNITS_YES,UNITS,NUMBER,No,No
V_TOP25_BS_RDS_UNITS_YES,STORE_NO,NUMBER,No,No
V_TOP25_BS_RDS_UNITS_YES,S_SNAME,TEXT,No,No
V_TOP25_BS_RDS_UNITS_YES,DISTRICT_CODE,TEXT,No,No
V_TOP25_BS_RDS_UNITS_YES,D_SNAME,TEXT,No,No
V_TOP25_BS_RDS_UNITS_YES,REGION_CODE,TEXT,No,No
V_TOP25_BS_RDS_UNITS_YES,REGION_NAME,TEXT,No,No
V_TOP25_BS_RDS_UNITS_YTD,NET_AMOUNT,FLOAT,No,No
V_TOP25_BS_RDS_UNITS_YTD,SKU_ID,NUMBER,No,No
V_TOP25_BS_RDS_UNITS_YTD,DESCRIPTION,TEXT,No,No
V_TOP25_BS_RDS_UNITS_YTD,UNITS,NUMBER,No,No
V_TOP25_BS_RDS_UNITS_YTD,STORE_NO,NUMBER,No,No
V_TOP25_BS_RDS_UNITS_YTD,S_SNAME,TEXT,No,No
V_TOP25_BS_RDS_UNITS_YTD,DISTRICT_CODE,TEXT,No,No
V_TOP25_BS_RDS_UNITS_YTD,D_SNAME,TEXT,No,No
V_TOP25_BS_RDS_UNITS_YTD,REGION_CODE,TEXT,No,No
V_TOP25_BS_RDS_UNITS_YTD,REGION_NAME,TEXT,No,No
V_TOP25_BS_RDS_VS_MTD,NET_AMOUNT,FLOAT,No,No
V_TOP25_BS_RDS_VS_MTD,SKU_ID,NUMBER,No,No
V_TOP25_BS_RDS_VS_MTD,DESCRIPTION,TEXT,No,No
V_TOP25_BS_RDS_VS_MTD,UNITS,NUMBER,No,No
V_TOP25_BS_RDS_VS_MTD,STORE_NO,NUMBER,No,No
V_TOP25_BS_RDS_VS_MTD,S_SNAME,TEXT,No,No
V_TOP25_BS_RDS_VS_MTD,DISTRICT_CODE,TEXT,No,No
V_TOP25_BS_RDS_VS_MTD,D_SNAME,TEXT,No,No
V_TOP25_BS_RDS_VS_MTD,REGION_CODE,TEXT,No,No
V_TOP25_BS_RDS_VS_MTD,REGION_NAME,TEXT,No,No
V_TOP25_BS_RDS_VS_QTD,NET_AMOUNT,FLOAT,No,No
V_TOP25_BS_RDS_VS_QTD,SKU_ID,NUMBER,No,No
V_TOP25_BS_RDS_VS_QTD,DESCRIPTION,TEXT,No,No
V_TOP25_BS_RDS_VS_QTD,UNITS,NUMBER,No,No
V_TOP25_BS_RDS_VS_QTD,STORE_NO,NUMBER,No,No
V_TOP25_BS_RDS_VS_QTD,S_SNAME,TEXT,No,No
V_TOP25_BS_RDS_VS_QTD,DISTRICT_CODE,TEXT,No,No
V_TOP25_BS_RDS_VS_QTD,D_SNAME,TEXT,No,No
V_TOP25_BS_RDS_VS_QTD,REGION_CODE,TEXT,No,No
V_TOP25_BS_RDS_VS_QTD,REGION_NAME,TEXT,No,No
V_TOP25_BS_RDS_VS_WTD,NET_AMOUNT,FLOAT,No,No
V_TOP25_BS_RDS_VS_WTD,SKU_ID,NUMBER,No,No
V_TOP25_BS_RDS_VS_WTD,DESCRIPTION,TEXT,No,No
V_TOP25_BS_RDS_VS_WTD,UNITS,NUMBER,No,No
V_TOP25_BS_RDS_VS_WTD,STORE_NO,NUMBER,No,No
V_TOP25_BS_RDS_VS_WTD,S_SNAME,TEXT,No,No
V_TOP25_BS_RDS_VS_WTD,DISTRICT_CODE,TEXT,No,No
V_TOP25_BS_RDS_VS_WTD,D_SNAME,TEXT,No,No
V_TOP25_BS_RDS_VS_WTD,REGION_CODE,TEXT,No,No
V_TOP25_BS_RDS_VS_WTD,REGION_NAME,TEXT,No,No
V_TOP25_BS_RDS_VS_YES,NET_AMOUNT,FLOAT,No,No
V_TOP25_BS_RDS_VS_YES,SKU_ID,NUMBER,No,No
V_TOP25_BS_RDS_VS_YES,DESCRIPTION,TEXT,No,No
V_TOP25_BS_RDS_VS_YES,UNITS,NUMBER,No,No
V_TOP25_BS_RDS_VS_YES,STORE_NO,NUMBER,No,No
V_TOP25_BS_RDS_VS_YES,S_SNAME,TEXT,No,No
V_TOP25_BS_RDS_VS_YES,DISTRICT_CODE,TEXT,No,No
V_TOP25_BS_RDS_VS_YES,D_SNAME,TEXT,No,No
V_TOP25_BS_RDS_VS_YES,REGION_CODE,TEXT,No,No
V_TOP25_BS_RDS_VS_YES,REGION_NAME,TEXT,No,No
V_TOP25_BS_RDS_VS_YTD,NET_AMOUNT,FLOAT,No,No
V_TOP25_BS_RDS_VS_YTD,SKU_ID,NUMBER,No,No
V_TOP25_BS_RDS_VS_YTD,DESCRIPTION,TEXT,No,No
V_TOP25_BS_RDS_VS_YTD,UNITS,NUMBER,No,No
V_TOP25_BS_RDS_VS_YTD,STORE_NO,NUMBER,No,No
V_TOP25_BS_RDS_VS_YTD,S_SNAME,TEXT,No,No
V_TOP25_BS_RDS_VS_YTD,DISTRICT_CODE,TEXT,No,No
V_TOP25_BS_RDS_VS_YTD,D_SNAME,TEXT,No,No
V_TOP25_BS_RDS_VS_YTD,REGION_CODE,TEXT,No,No
V_TOP25_BS_RDS_VS_YTD,REGION_NAME,TEXT,No,No
V_TOP25_BS_RDS_WTD,NET_AMOUNT,FLOAT,No,No
V_TOP25_BS_RDS_WTD,SKU_ID,NUMBER,No,No
V_TOP25_BS_RDS_WTD,DESCRIPTION,TEXT,No,No
V_TOP25_BS_RDS_WTD,UNITS,NUMBER,No,No
V_TOP25_BS_RDS_WTD,STORE_NO,NUMBER,No,No
V_TOP25_BS_RDS_WTD,S_SNAME,TEXT,No,No
V_TOP25_BS_RDS_WTD,DISTRICT_CODE,TEXT,No,No
V_TOP25_BS_RDS_WTD,D_SNAME,TEXT,No,No
V_TOP25_BS_RDS_WTD,REGION_CODE,TEXT,No,No
V_TOP25_BS_RDS_WTD,REGION_NAME,TEXT,No,No
V_TOP25_BS_RDS_YES,NET_AMOUNT,FLOAT,No,No
V_TOP25_BS_RDS_YES,SKU_ID,NUMBER,No,No
V_TOP25_BS_RDS_YES,DESCRIPTION,TEXT,No,No
V_TOP25_BS_RDS_YES,UNITS,NUMBER,No,No
V_TOP25_BS_RDS_YES,STORE_NO,NUMBER,No,No
V_TOP25_BS_RDS_YES,S_SNAME,TEXT,No,No
V_TOP25_BS_RDS_YES,DISTRICT_CODE,TEXT,No,No
V_TOP25_BS_RDS_YES,D_SNAME,TEXT,No,No
V_TOP25_BS_RDS_YES,REGION_CODE,TEXT,No,No
V_TOP25_BS_RDS_YES,REGION_NAME,TEXT,No,No
V_TOP25_BS_RDS_YTD,NET_AMOUNT,FLOAT,No,No
V_TOP25_BS_RDS_YTD,SKU_ID,NUMBER,No,No
V_TOP25_BS_RDS_YTD,DESCRIPTION,TEXT,No,No
V_TOP25_BS_RDS_YTD,UNITS,NUMBER,No,No
V_TOP25_BS_RDS_YTD,STORE_NO,NUMBER,No,No
V_TOP25_BS_RDS_YTD,S_SNAME,TEXT,No,No
V_TOP25_BS_RDS_YTD,DISTRICT_CODE,TEXT,No,No
V_TOP25_BS_RDS_YTD,D_SNAME,TEXT,No,No
V_TOP25_BS_RDS_YTD,REGION_CODE,TEXT,No,No
V_TOP25_BS_RDS_YTD,REGION_NAME,TEXT,No,No
V_TOP25_BS_UNITS_MTD,SKU_RANK,NUMBER,No,No
V_TOP25_BS_UNITS_MTD,DESCRIPTION,TEXT,No,No
V_TOP25_BS_UNITS_MTD,SKU_ID,NUMBER,No,No
V_TOP25_BS_UNITS_MTD,NET_AMOUNT,FLOAT,No,No
V_TOP25_BS_UNITS_MTD,UNITS,NUMBER,No,No
V_TOP25_BS_UNITS_QTD,SKU_RANK,NUMBER,No,No
V_TOP25_BS_UNITS_QTD,DESCRIPTION,TEXT,No,No
V_TOP25_BS_UNITS_QTD,SKU_ID,NUMBER,No,No
V_TOP25_BS_UNITS_QTD,UNITS,NUMBER,No,No
V_TOP25_BS_UNITS_QTD,NET_AMOUNT,FLOAT,No,No
V_TOP25_BS_UNITS_VS_MTD,SKU_RANK,NUMBER,No,No
V_TOP25_BS_UNITS_VS_MTD,DESCRIPTION,TEXT,No,No
V_TOP25_BS_UNITS_VS_MTD,SKU_ID,NUMBER,No,No
V_TOP25_BS_UNITS_VS_MTD,NET_AMOUNT,FLOAT,No,No
V_TOP25_BS_UNITS_VS_MTD,UNITS,NUMBER,No,No
V_TOP25_BS_UNITS_VS_QTD,SKU_RANK,NUMBER,No,No
V_TOP25_BS_UNITS_VS_QTD,DESCRIPTION,TEXT,No,No
V_TOP25_BS_UNITS_VS_QTD,SKU_ID,NUMBER,No,No
V_TOP25_BS_UNITS_VS_QTD,UNITS,NUMBER,No,No
V_TOP25_BS_UNITS_VS_QTD,NET_AMOUNT,FLOAT,No,No
V_TOP25_BS_UNITS_VS_WTD,SKU_RANK,NUMBER,No,No
V_TOP25_BS_UNITS_VS_WTD,DESCRIPTION,TEXT,No,No
V_TOP25_BS_UNITS_VS_WTD,SKU_ID,NUMBER,No,No
V_TOP25_BS_UNITS_VS_WTD,UNITS,NUMBER,No,No
V_TOP25_BS_UNITS_VS_WTD,NET_AMOUNT,FLOAT,No,No
V_TOP25_BS_UNITS_VS_YES,SKU_RANK,NUMBER,No,No
V_TOP25_BS_UNITS_VS_YES,DESCRIPTION,TEXT,No,No
V_TOP25_BS_UNITS_VS_YES,SKU_ID,NUMBER,No,No
V_TOP25_BS_UNITS_VS_YES,UNITS,NUMBER,No,No
V_TOP25_BS_UNITS_VS_YES,NET_AMOUNT,FLOAT,No,No
V_TOP25_BS_UNITS_VS_YTD,SKU_RANK,NUMBER,No,No
V_TOP25_BS_UNITS_VS_YTD,DESCRIPTION,TEXT,No,No
V_TOP25_BS_UNITS_VS_YTD,SKU_ID,NUMBER,No,No
V_TOP25_BS_UNITS_VS_YTD,UNITS,NUMBER,No,No
V_TOP25_BS_UNITS_VS_YTD,NET_AMOUNT,FLOAT,No,No
V_TOP25_BS_UNITS_WTD,SKU_RANK,NUMBER,No,No
V_TOP25_BS_UNITS_WTD,DESCRIPTION,TEXT,No,No
V_TOP25_BS_UNITS_WTD,SKU_ID,NUMBER,No,No
V_TOP25_BS_UNITS_WTD,UNITS,NUMBER,No,No
V_TOP25_BS_UNITS_WTD,NET_AMOUNT,FLOAT,No,No
V_TOP25_BS_UNITS_YES,SKU_RANK,NUMBER,No,No
V_TOP25_BS_UNITS_YES,DESCRIPTION,TEXT,No,No
V_TOP25_BS_UNITS_YES,SKU_ID,NUMBER,No,No
V_TOP25_BS_UNITS_YES,UNITS,NUMBER,No,No
V_TOP25_BS_UNITS_YES,NET_AMOUNT,FLOAT,No,No
V_TOP25_BS_UNITS_YTD,SKU_RANK,NUMBER,No,No
V_TOP25_BS_UNITS_YTD,DESCRIPTION,TEXT,No,No
V_TOP25_BS_UNITS_YTD,SKU_ID,NUMBER,No,No
V_TOP25_BS_UNITS_YTD,UNITS,NUMBER,No,No
V_TOP25_BS_UNITS_YTD,NET_AMOUNT,FLOAT,No,No
V_TOP25_BS_VS_MTD,SKU_RANK,NUMBER,No,No
V_TOP25_BS_VS_MTD,DESCRIPTION,TEXT,No,No
V_TOP25_BS_VS_MTD,SKU_ID,NUMBER,No,No
V_TOP25_BS_VS_MTD,NET_AMOUNT,FLOAT,No,No
V_TOP25_BS_VS_MTD,UNITS,NUMBER,No,No
V_TOP25_BS_VS_QTD,SKU_RANK,NUMBER,No,No
V_TOP25_BS_VS_QTD,DESCRIPTION,TEXT,No,No
V_TOP25_BS_VS_QTD,SKU_ID,NUMBER,No,No
V_TOP25_BS_VS_QTD,NET_AMOUNT,FLOAT,No,No
V_TOP25_BS_VS_QTD,UNITS,NUMBER,No,No
V_TOP25_BS_VS_WTD,SKU_RANK,NUMBER,No,No
V_TOP25_BS_VS_WTD,DESCRIPTION,TEXT,No,No
V_TOP25_BS_VS_WTD,SKU_ID,NUMBER,No,No
V_TOP25_BS_VS_WTD,NET_AMOUNT,FLOAT,No,No
V_TOP25_BS_VS_WTD,UNITS,NUMBER,No,No
V_TOP25_BS_VS_YES,SKU_RANK,NUMBER,No,No
V_TOP25_BS_VS_YES,DESCRIPTION,TEXT,No,No
V_TOP25_BS_VS_YES,SKU_ID,NUMBER,No,No
V_TOP25_BS_VS_YES,NET_AMOUNT,FLOAT,No,No
V_TOP25_BS_VS_YES,UNITS,NUMBER,No,No
V_TOP25_BS_VS_YTD,SKU_RANK,NUMBER,No,No
V_TOP25_BS_VS_YTD,DESCRIPTION,TEXT,No,No
V_TOP25_BS_VS_YTD,SKU_ID,NUMBER,No,No
V_TOP25_BS_VS_YTD,NET_AMOUNT,FLOAT,No,No
V_TOP25_BS_VS_YTD,UNITS,NUMBER,No,No
V_TOP25_BS_WTD,SKU_RANK,NUMBER,No,No
V_TOP25_BS_WTD,DESCRIPTION,TEXT,No,No
V_TOP25_BS_WTD,SKU_ID,NUMBER,No,No
V_TOP25_BS_WTD,NET_AMOUNT,FLOAT,No,No
V_TOP25_BS_WTD,UNITS,NUMBER,No,No
V_TOP25_BS_YES,SKU_RANK,NUMBER,No,No
V_TOP25_BS_YES,DESCRIPTION,TEXT,No,No
V_TOP25_BS_YES,SKU_ID,NUMBER,No,No
V_TOP25_BS_YES,NET_AMOUNT,FLOAT,No,No
V_TOP25_BS_YES,UNITS,NUMBER,No,No
V_TOP25_BS_YTD,SKU_RANK,NUMBER,No,No
V_TOP25_BS_YTD,DESCRIPTION,TEXT,No,No
V_TOP25_BS_YTD,SKU_ID,NUMBER,No,No
V_TOP25_BS_YTD,NET_AMOUNT,FLOAT,No,No
V_TOP25_BS_YTD,UNITS,NUMBER,No,No
V_TRAFFIC_TRANSACTIONS,STORE_NO,NUMBER,No,No
V_TRAFFIC_TRANSACTIONS,TRANSACTION_DATE,DATE,No,No
V_TRAFFIC_TRANSACTIONS,TRAFFIC,NUMBER,No,No
V_TRAFFIC_TRANSACTIONS,TRAFFIC_TRANSACTIONS,NUMBER,No,No
V_TRANSACTION_DETAIL_ENTRY_DATETIME,TRANSACTION_ID,NUMBER,No,No
V_TRANSACTION_DETAIL_ENTRY_DATETIME,STORE_NO,NUMBER,No,No
V_TRANSACTION_DETAIL_ENTRY_DATETIME,REGISTER_NO,NUMBER,No,No
V_TRANSACTION_DETAIL_ENTRY_DATETIME,TRANSACTION_NO,NUMBER,No,No
V_TRANSACTION_DETAIL_ENTRY_DATETIME,TRANSACTION_DATE,TIMESTAMP_NTZ,No,No
V_TRANSACTION_DETAIL_ENTRY_DATETIME,ENTRY_DATE_TIME,TIMESTAMP_NTZ,No,No
V_TRANSACTION_DETAIL_ENTRY_DATETIME,LINE_ID,NUMBER,No,No
V_TRANSACTION_DETAIL_ENTRY_DATETIME,LINE_SEQUENCE,NUMBER,No,No
V_TRANSACTION_DETAIL_ENTRY_DATETIME,LINE_OBJECT_DESCRIPTION,TEXT,No,No
V_TRANSACTION_DETAIL_ENTRY_DATETIME,LINE_ACTION_DISPLAY_DESCR,TEXT,No,No
V_TRANSACTION_DETAIL_ENTRY_DATETIME,UNITS,NUMBER,No,No
V_TRANSACTION_DETAIL_ENTRY_DATETIME,GROSS_LINE_AMOUNT,NUMBER,No,No
V_TRANSACTION_DETAIL_ENTRY_DATETIME,POS_DISCOUNT_AMOUNT,NUMBER,No,No
V_TRANSACTION_DETAIL_ENTRY_DATETIME,EMPLOYEE_NO,NUMBER,No,No
V_TRANSACTION_DETAIL_ENTRY_DATETIME,UPC_NO,NUMBER,No,No
V_TRANSACTION_DETAIL_ENTRY_DATETIME,SKU_ID,NUMBER,No,No
V_TRANSACTION_DETAIL_ENTRY_DATETIME,STYLE_LONG_DESCRIPTION,TEXT,No,No
V_TRANSACTION_DETAIL_ENTRY_DATETIME,REFERENCE_NO,TEXT,No,No
V_TRANSACTION_DETAIL_ENTRY_DATETIME,POS_DISCOUNT_TYPE,NUMBER,No,No
V_TRANSACTION_DETAIL_ENTRY_DATETIME,AUDIT_UNAUDIT,TEXT,No,No
V_VENDOR_COMPLIANCE,VENDOR,FLOAT,No,No
V_VENDOR_COMPLIANCE,VENDOR_NAME,TEXT,No,No
V_VENDOR_COMPLIANCE,POLICY CODE,TEXT,No,No
V_VENDOR_COMPLIANCE,BUYER,TEXT,No,No
V_VENDOR_COMPLIANCE,LOCATION,NUMBER,No,No
V_VENDOR_COMPLIANCE,PO_NUMBER,FLOAT,No,No
V_VENDOR_COMPLIANCE,SKU,NUMBER,No,No
V_VENDOR_COMPLIANCE,SKU_DESC,TEXT,No,No
V_VENDOR_COMPLIANCE,UPC,TEXT,No,No
V_VENDOR_COMPLIANCE,VENDORS_NUMBER,TEXT,No,No
V_VENDOR_COMPLIANCE,SHIP_DATE,DATE,No,No
V_VENDOR_COMPLIANCE,RECEIPT_DATE,DATE,No,No
V_VENDOR_COMPLIANCE,DAYS_LATE,NUMBER,No,No
V_VENDOR_COMPLIANCE,ORIGINAL_QTY,NUMBER,No,No
V_VENDOR_COMPLIANCE,QUANTITY_RECEIVED,NUMBER,No,No
V_VENDOR_COMPLIANCE,FILL_RATE,NUMBER,No,No
V_VENDOR_COMPLIANCE,SKU_COST_OF_PO,NUMBER,No,No
V_VENDOR_COMPLIANCE,CHARGEBACK,NUMBER,No,No
V_VSION_AZ_PALLETS,AREA,TEXT,No,No
V_VSION_AZ_PALLETS,RACK_PALLETS,NUMBER,No,No
V_VSION_AZ_PALLETS,TOTAL_LOCS,NUMBER,No,No
V_VSION_AZ_PALLETS,AZ_FULL_PALLET_OCCUPANCY,NUMBER,No,No
V_VSION_BOSS_ORDERS,DATE,DATE,No,No
V_VSION_BOSS_ORDERS,ORDERS_DROPPED,NUMBER,No,No
V_VSION_BOSS_ORDERS,ORDERS_SHIPPED,NUMBER,No,No
V_VSION_BOSS_ORDERS,TOTAL_REVENUE,NUMBER,No,No
V_VSION_BOSS_ORDERS,AOV,NUMBER,No,No
V_VSION_DC_HALF_QUARTER_PALLET,LOC_TYPE,TEXT,No,No
V_VSION_DC_HALF_QUARTER_PALLET,OCC_LOCS,NUMBER,No,No
V_VSION_DC_HALF_QUARTER_PALLET,LOCS,NUMBER,No,No
V_VSION_DC_HALF_QUARTER_PALLET,OCC_RATE,NUMBER,No,No
V_VSION_DTC_SAME_NEXT_DAY,DC,NUMBER,No,No
V_VSION_DTC_SAME_NEXT_DAY,CREATE_DATE,DATE,No,No
V_VSION_DTC_SAME_NEXT_DAY,ORDERS,NUMBER,No,No
V_VSION_DTC_SAME_NEXT_DAY,SAME_DAY_PERCENT,NUMBER,No,No
V_VSION_DTC_SAME_NEXT_DAY,SHIPPED_ONSAME_DAY,NUMBER,No,No
V_VSION_DTC_SAME_NEXT_DAY,SAME_NEXT_DAY_PERCENT,NUMBER,No,No
V_VSION_DTC_SAME_NEXT_DAY,SHIPPED_NEXT_DAY,NUMBER,No,No
V_VSION_INBOUND_OUTBOUND,DC,TEXT,No,No
V_VSION_INBOUND_OUTBOUND,INBOUND_UNITS,NUMBER,No,No
V_VSION_INBOUND_OUTBOUND,OUTBOUND_UNITS,NUMBER,No,No
V_VSION_INBOUND_OUTBOUND,UNITS_VARIANCE,NUMBER,No,No
V_VSION_INBOUND_OUTBOUND,MTDINBOUND_UNITS,NUMBER,No,No
V_VSION_INBOUND_OUTBOUND,MTDOUTBOUND_UNITS,NUMBER,No,No
V_VSION_INBOUND_OUTBOUND,MTDUNITS_VARIANCE,NUMBER,No,No
V_VSION_RETAIL_AGING_BUCKETS,DC,NUMBER,No,No
V_VSION_RETAIL_AGING_BUCKETS,AGE_BUCKET,TEXT,No,No
V_VSION_RETAIL_AGING_BUCKETS,DC_PROCESS,TEXT,No,No
V_VSION_RETAIL_AGING_BUCKETS,UNITS,NUMBER,No,No
V_VSION_RETAIL_PROCESSED_YESTERDAY,DC,NUMBER,No,No
V_VSION_RETAIL_PROCESSED_YESTERDAY,DLM,DATE,No,No
V_VSION_RETAIL_PROCESSED_YESTERDAY,UNITS,NUMBER,No,No
V_VSION_RETAIL_RTD_AGING,DC,TEXT,No,No
V_VSION_RETAIL_RTD_AGING,AGE_BUCKET,TEXT,No,No
V_VSION_RETAIL_RTD_AGING,TOTAL_CASES,NUMBER,No,No
V_VSION_RETAIL_RTD_WORKLOAD,DC,TEXT,No,No
V_VSION_RETAIL_RTD_WORKLOAD,TOTAL_CASES,NUMBER,No,No
V_VSION_RETAIL_RTD_WORKLOAD,AVG_CASES,NUMBER,No,No
V_VSION_RETAIL_RTD_WORKLOAD,WORKLOAD_DAYS,NUMBER,No,No
V_VSION_RETAIL_RTD_WORKLOAD,WORKLOAD_DAYS_CHAR,TEXT,No,No
V_VSION_RETAIL_UNITS_DROPPED,O_FACILITY_ALIAS_ID,TEXT,No,No
V_VSION_RETAIL_UNITS_DROPPED,TODAY_UNITS,NUMBER,No,No
V_VSION_RETAIL_UNITS_OUTSTANDING,WHSE,TEXT,No,No
V_VSION_RETAIL_UNITS_OUTSTANDING,DATE,DATE,No,No
V_VSION_RETAIL_UNITS_OUTSTANDING,DOW,NUMBER,No,No
V_VSION_RETAIL_UNITS_OUTSTANDING,BACKLOG,NUMBER,No,No
V_VSION_RETAIL_WORKLOAD,DC,NUMBER,No,No
V_VSION_RETAIL_WORKLOAD,TODAY_UNITS,NUMBER,No,No
V_VSION_RETAIL_WORKLOAD,BACKLOG,NUMBER,No,No
V_VSION_RETAIL_WORKLOAD,DOW_AVG_UNITS,NUMBER,No,No
V_VSION_RETAIL_WORKLOAD,WORKLOAD_DAYS,NUMBER,No,No
V_VSION_RETAIL_WORKLOAD,WORKLOAD_DAYS_CHAR,TEXT,No,No
V_VSION_RIVERSIDE_STORAGE,FY,FLOAT,No,No
V_VSION_RIVERSIDE_STORAGE,FW,FLOAT,No,No
V_VSION_RIVERSIDE_STORAGE,PALLETS,NUMBER,No,No
V_VSION_RIVERSIDE_STORAGE,MAX_PALLETS,NUMBER,No,No
V_VSION_TRANS_INQUIRIES_TABLE_WTD,DC,NUMBER,No,No
V_VSION_TRANS_INQUIRIES_TABLE_WTD,DATE,DATE,No,No
V_VSION_TRANS_INQUIRIES_TABLE_WTD,NO_DELIVERY,NUMBER,No,No
V_VSION_TRANS_INQUIRIES_TABLE_WTD,LATE_DELIVERY,NUMBER,No,No
V_VSION_TRANS_INQUIRIES_TABLE_YESTERDAY,NO_DELIVERY,NUMBER,No,No
V_VSION_TRANS_INQUIRIES_TABLE_YESTERDAY,LATE_DELIVERY,NUMBER,No,No
V_VSION_VA_FLOOR_PALLET,FLOOR_PALLETS,NUMBER,No,No
V_VSION_VA_FLOOR_PALLET,LOCATIONS,NUMBER,No,No
V_VSION_VA_FULL_PALLET_OCCUPANCY,VA_FULL_PALLET_OCCUPANCY,NUMBER,No,No
V_VSION_WEEKLY_INBOUND_UNITS,FY,FLOAT,No,No
V_VSION_WEEKLY_INBOUND_UNITS,FP,FLOAT,No,No
V_VSION_WEEKLY_INBOUND_UNITS,FW,FLOAT,No,No
V_VSION_WEEKLY_INBOUND_UNITS,DC,TEXT,No,No
V_VSION_WEEKLY_INBOUND_UNITS,TOTAL_UNITS,NUMBER,No,No
V_VSION_WEEKLY_OUTBOUND_UNITS,FY,FLOAT,No,No
V_VSION_WEEKLY_OUTBOUND_UNITS,FP,FLOAT,No,No
V_VSION_WEEKLY_OUTBOUND_UNITS,FW,FLOAT,No,No
V_VSION_WEEKLY_OUTBOUND_UNITS,O_FACILITY_ALIAS_ID,TEXT,No,No
V_VSION_WEEKLY_OUTBOUND_UNITS,UNITS,NUMBER,No,No
V_VSION_WORKLOAD_DATA_AND_HISTORY,DC,NUMBER,No,No
V_VSION_WORKLOAD_DATA_AND_HISTORY,DATE,DATE,No,No
V_VSION_WORKLOAD_DATA_AND_HISTORY,DROPPED_UNITS,NUMBER,No,No
V_VSION_WORKLOAD_DATA_AND_HISTORY,WORKLOAD_DAYS,NUMBER,No,No
V_VSION_WORKLOAD_DATA_AND_HISTORY,HIST_AVG_WL_DAYS,NUMBER,No,No
V_VS_TOP25_BS_MTD,SKU_RANK,NUMBER,No,No
V_VS_TOP25_BS_MTD,DESCRIPTION,TEXT,No,No
V_VS_TOP25_BS_MTD,SKU_ID,NUMBER,No,No
V_VS_TOP25_BS_MTD,NET_AMOUNT,FLOAT,No,No
V_VS_TOP25_BS_MTD,UNITS,NUMBER,No,No
V_VS_TOP25_BS_QTD,SKU_RANK,NUMBER,No,No
V_VS_TOP25_BS_QTD,DESCRIPTION,TEXT,No,No
V_VS_TOP25_BS_QTD,SKU_ID,NUMBER,No,No
V_VS_TOP25_BS_QTD,NET_AMOUNT,FLOAT,No,No
V_VS_TOP25_BS_QTD,UNITS,NUMBER,No,No
V_VS_TOP25_BS_RDS_MTD,NET_AMOUNT,FLOAT,No,No
V_VS_TOP25_BS_RDS_MTD,SKU_ID,NUMBER,No,No
V_VS_TOP25_BS_RDS_MTD,DESCRIPTION,TEXT,No,No
V_VS_TOP25_BS_RDS_MTD,UNITS,NUMBER,No,No
V_VS_TOP25_BS_RDS_MTD,STORE_NO,TEXT,No,No
V_VS_TOP25_BS_RDS_MTD,S_SNAME,TEXT,No,No
V_VS_TOP25_BS_RDS_MTD,DISTRICT_CODE,TEXT,No,No
V_VS_TOP25_BS_RDS_MTD,D_SNAME,TEXT,No,No
V_VS_TOP25_BS_RDS_MTD,REGION_CODE,TEXT,No,No
V_VS_TOP25_BS_RDS_MTD,REGION_NAME,TEXT,No,No
V_VS_TOP25_BS_RDS_QTD,NET_AMOUNT,FLOAT,No,No
V_VS_TOP25_BS_RDS_QTD,SKU_ID,NUMBER,No,No
V_VS_TOP25_BS_RDS_QTD,DESCRIPTION,TEXT,No,No
V_VS_TOP25_BS_RDS_QTD,UNITS,NUMBER,No,No
V_VS_TOP25_BS_RDS_QTD,STORE_NO,TEXT,No,No
V_VS_TOP25_BS_RDS_QTD,S_SNAME,TEXT,No,No
V_VS_TOP25_BS_RDS_QTD,DISTRICT_CODE,TEXT,No,No
V_VS_TOP25_BS_RDS_QTD,D_SNAME,TEXT,No,No
V_VS_TOP25_BS_RDS_QTD,REGION_CODE,TEXT,No,No
V_VS_TOP25_BS_RDS_QTD,REGION_NAME,TEXT,No,No
V_VS_TOP25_BS_RDS_UNITS_MTD,NET_AMOUNT,FLOAT,No,No
V_VS_TOP25_BS_RDS_UNITS_MTD,SKU_ID,NUMBER,No,No
V_VS_TOP25_BS_RDS_UNITS_MTD,DESCRIPTION,TEXT,No,No
V_VS_TOP25_BS_RDS_UNITS_MTD,UNITS,NUMBER,No,No
V_VS_TOP25_BS_RDS_UNITS_MTD,STORE_NO,TEXT,No,No
V_VS_TOP25_BS_RDS_UNITS_MTD,S_SNAME,TEXT,No,No
V_VS_TOP25_BS_RDS_UNITS_MTD,DISTRICT_CODE,TEXT,No,No
V_VS_TOP25_BS_RDS_UNITS_MTD,D_SNAME,TEXT,No,No
V_VS_TOP25_BS_RDS_UNITS_MTD,REGION_CODE,TEXT,No,No
V_VS_TOP25_BS_RDS_UNITS_MTD,REGION_NAME,TEXT,No,No
V_VS_TOP25_BS_RDS_UNITS_QTD,NET_AMOUNT,FLOAT,No,No
V_VS_TOP25_BS_RDS_UNITS_QTD,SKU_ID,NUMBER,No,No
V_VS_TOP25_BS_RDS_UNITS_QTD,DESCRIPTION,TEXT,No,No
V_VS_TOP25_BS_RDS_UNITS_QTD,UNITS,NUMBER,No,No
V_VS_TOP25_BS_RDS_UNITS_QTD,STORE_NO,TEXT,No,No
V_VS_TOP25_BS_RDS_UNITS_QTD,S_SNAME,TEXT,No,No
V_VS_TOP25_BS_RDS_UNITS_QTD,DISTRICT_CODE,TEXT,No,No
V_VS_TOP25_BS_RDS_UNITS_QTD,D_SNAME,TEXT,No,No
V_VS_TOP25_BS_RDS_UNITS_QTD,REGION_CODE,TEXT,No,No
V_VS_TOP25_BS_RDS_UNITS_QTD,REGION_NAME,TEXT,No,No
V_VS_TOP25_BS_RDS_UNITS_WTD,NET_AMOUNT,FLOAT,No,No
V_VS_TOP25_BS_RDS_UNITS_WTD,SKU_ID,NUMBER,No,No
V_VS_TOP25_BS_RDS_UNITS_WTD,DESCRIPTION,TEXT,No,No
V_VS_TOP25_BS_RDS_UNITS_WTD,UNITS,NUMBER,No,No
V_VS_TOP25_BS_RDS_UNITS_WTD,STORE_NO,TEXT,No,No
V_VS_TOP25_BS_RDS_UNITS_WTD,S_SNAME,TEXT,No,No
V_VS_TOP25_BS_RDS_UNITS_WTD,DISTRICT_CODE,TEXT,No,No
V_VS_TOP25_BS_RDS_UNITS_WTD,D_SNAME,TEXT,No,No
V_VS_TOP25_BS_RDS_UNITS_WTD,REGION_CODE,TEXT,No,No
V_VS_TOP25_BS_RDS_UNITS_WTD,REGION_NAME,TEXT,No,No
V_VS_TOP25_BS_RDS_UNITS_YES,NET_AMOUNT,FLOAT,No,No
V_VS_TOP25_BS_RDS_UNITS_YES,SKU_ID,NUMBER,No,No
V_VS_TOP25_BS_RDS_UNITS_YES,DESCRIPTION,TEXT,No,No
V_VS_TOP25_BS_RDS_UNITS_YES,UNITS,NUMBER,No,No
V_VS_TOP25_BS_RDS_UNITS_YES,STORE_NO,TEXT,No,No
V_VS_TOP25_BS_RDS_UNITS_YES,S_SNAME,TEXT,No,No
V_VS_TOP25_BS_RDS_UNITS_YES,DISTRICT_CODE,TEXT,No,No
V_VS_TOP25_BS_RDS_UNITS_YES,D_SNAME,TEXT,No,No
V_VS_TOP25_BS_RDS_UNITS_YES,REGION_CODE,TEXT,No,No
V_VS_TOP25_BS_RDS_UNITS_YES,REGION_NAME,TEXT,No,No
V_VS_TOP25_BS_RDS_WTD,NET_AMOUNT,FLOAT,No,No
V_VS_TOP25_BS_RDS_WTD,SKU_ID,NUMBER,No,No
V_VS_TOP25_BS_RDS_WTD,DESCRIPTION,TEXT,No,No
V_VS_TOP25_BS_RDS_WTD,UNITS,NUMBER,No,No
V_VS_TOP25_BS_RDS_WTD,STORE_NO,TEXT,No,No
V_VS_TOP25_BS_RDS_WTD,S_SNAME,TEXT,No,No
V_VS_TOP25_BS_RDS_WTD,DISTRICT_CODE,TEXT,No,No
V_VS_TOP25_BS_RDS_WTD,D_SNAME,TEXT,No,No
V_VS_TOP25_BS_RDS_WTD,REGION_CODE,TEXT,No,No
V_VS_TOP25_BS_RDS_WTD,REGION_NAME,TEXT,No,No
V_VS_TOP25_BS_RDS_YES,NET_AMOUNT,FLOAT,No,No
V_VS_TOP25_BS_RDS_YES,SKU_ID,NUMBER,No,No
V_VS_TOP25_BS_RDS_YES,DESCRIPTION,TEXT,No,No
V_VS_TOP25_BS_RDS_YES,UNITS,NUMBER,No,No
V_VS_TOP25_BS_RDS_YES,STORE_NO,TEXT,No,No
V_VS_TOP25_BS_RDS_YES,S_SNAME,TEXT,No,No
V_VS_TOP25_BS_RDS_YES,DISTRICT_CODE,TEXT,No,No
V_VS_TOP25_BS_RDS_YES,D_SNAME,TEXT,No,No
V_VS_TOP25_BS_RDS_YES,REGION_CODE,TEXT,No,No
V_VS_TOP25_BS_RDS_YES,REGION_NAME,TEXT,No,No
V_VS_TOP25_BS_RDS_YTD,NET_AMOUNT,FLOAT,No,No
V_VS_TOP25_BS_RDS_YTD,SKU_ID,NUMBER,No,No
V_VS_TOP25_BS_RDS_YTD,DESCRIPTION,TEXT,No,No
V_VS_TOP25_BS_RDS_YTD,UNITS,NUMBER,No,No
V_VS_TOP25_BS_RDS_YTD,STORE_NO,TEXT,No,No
V_VS_TOP25_BS_RDS_YTD,S_SNAME,TEXT,No,No
V_VS_TOP25_BS_RDS_YTD,DISTRICT_CODE,TEXT,No,No
V_VS_TOP25_BS_RDS_YTD,D_SNAME,TEXT,No,No
V_VS_TOP25_BS_RDS_YTD,REGION_CODE,TEXT,No,No
V_VS_TOP25_BS_RDS_YTD,REGION_NAME,TEXT,No,No
V_VS_TOP25_BS_UNITS_MTD,SKU_RANK,NUMBER,No,No
V_VS_TOP25_BS_UNITS_MTD,DESCRIPTION,TEXT,No,No
V_VS_TOP25_BS_UNITS_MTD,SKU_ID,NUMBER,No,No
V_VS_TOP25_BS_UNITS_MTD,UNITS,NUMBER,No,No
V_VS_TOP25_BS_UNITS_MTD,NET_AMOUNT,FLOAT,No,No
V_VS_TOP25_BS_UNITS_QTD,SKU_RANK,NUMBER,No,No
V_VS_TOP25_BS_UNITS_QTD,DESCRIPTION,TEXT,No,No
V_VS_TOP25_BS_UNITS_QTD,SKU_ID,NUMBER,No,No
V_VS_TOP25_BS_UNITS_QTD,UNITS,NUMBER,No,No
V_VS_TOP25_BS_UNITS_QTD,NET_AMOUNT,FLOAT,No,No
V_VS_TOP25_BS_UNITS_WTD,SKU_RANK,NUMBER,No,No
V_VS_TOP25_BS_UNITS_WTD,DESCRIPTION,TEXT,No,No
V_VS_TOP25_BS_UNITS_WTD,SKU_ID,NUMBER,No,No
V_VS_TOP25_BS_UNITS_WTD,UNITS,NUMBER,No,No
V_VS_TOP25_BS_UNITS_WTD,NET_AMOUNT,FLOAT,No,No
V_VS_TOP25_BS_UNITS_YES,SKU_RANK,NUMBER,No,No
V_VS_TOP25_BS_UNITS_YES,DESCRIPTION,TEXT,No,No
V_VS_TOP25_BS_UNITS_YES,SKU_ID,NUMBER,No,No
V_VS_TOP25_BS_UNITS_YES,UNITS,NUMBER,No,No
V_VS_TOP25_BS_UNITS_YES,NET_AMOUNT,FLOAT,No,No
V_VS_TOP25_BS_UNITS_YTD,SKU_RANK,NUMBER,No,No
V_VS_TOP25_BS_UNITS_YTD,DESCRIPTION,TEXT,No,No
V_VS_TOP25_BS_UNITS_YTD,SKU_ID,NUMBER,No,No
V_VS_TOP25_BS_UNITS_YTD,UNITS,NUMBER,No,No
V_VS_TOP25_BS_UNITS_YTD,NET_AMOUNT,FLOAT,No,No
V_VS_TOP25_BS_WTD,SKU_RANK,NUMBER,No,No
V_VS_TOP25_BS_WTD,DESCRIPTION,TEXT,No,No
V_VS_TOP25_BS_WTD,SKU_ID,NUMBER,No,No
V_VS_TOP25_BS_WTD,NET_AMOUNT,FLOAT,No,No
V_VS_TOP25_BS_WTD,UNITS,NUMBER,No,No
V_VS_TOP25_BS_YES,SKU_RANK,NUMBER,No,No
V_VS_TOP25_BS_YES,DESCRIPTION,TEXT,No,No
V_VS_TOP25_BS_YES,SKU_ID,NUMBER,No,No
V_VS_TOP25_BS_YES,NET_AMOUNT,FLOAT,No,No
V_VS_TOP25_BS_YES,UNITS,NUMBER,No,No
V_VS_TOP25_BS_YTD,SKU_RANK,NUMBER,No,No
V_VS_TOP25_BS_YTD,DESCRIPTION,TEXT,No,No
V_VS_TOP25_BS_YTD,SKU_ID,NUMBER,No,No
V_VS_TOP25_BS_YTD,NET_AMOUNT,FLOAT,No,No
V_VS_TOP25_BS_YTD,UNITS,NUMBER,No,No
V_WEB_SALES,AV_TRANSACTION_ID,NUMBER,No,No
V_WEB_SALES,TRANSACTION_DATE,DATE,No,No
V_WEB_SALES,SKU_ID,NUMBER,No,No
V_WEB_SALES,NEW_CUSTOMER_NO,NUMBER,No,No
V_WEB_SALES,BRAND,TEXT,No,No
V_WEB_SALES,TRANSACTION_TOTAL,NUMBER,No,No
V_WEB_SALES,HOME_STORE_FINAL,TEXT,No,No
V_WEB_SALES,REGISTER_NO,NUMBER,No,No
V_WEB_SALES,ZIP,TEXT,No,No
V_WEB_SALES,FLAG,TEXT,No,No
V__VS_TOP25_BS_RDS_UNITS_YTD,NET_AMOUNT,FLOAT,No,No
V__VS_TOP25_BS_RDS_UNITS_YTD,SKU_ID,NUMBER,No,No
V__VS_TOP25_BS_RDS_UNITS_YTD,DESCRIPTION,TEXT,No,No
V__VS_TOP25_BS_RDS_UNITS_YTD,UNITS,NUMBER,No,No
V__VS_TOP25_BS_RDS_UNITS_YTD,STORE_NO,TEXT,No,No
V__VS_TOP25_BS_RDS_UNITS_YTD,S_SNAME,TEXT,No,No
V__VS_TOP25_BS_RDS_UNITS_YTD,DISTRICT_CODE,TEXT,No,No
V__VS_TOP25_BS_RDS_UNITS_YTD,D_SNAME,TEXT,No,No
V__VS_TOP25_BS_RDS_UNITS_YTD,REGION_CODE,TEXT,No,No
V__VS_TOP25_BS_RDS_UNITS_YTD,REGION_NAME,TEXT,No,No
WEB_SALES_ZIP,TRANSACTION_DATE,DATE,No,No
WEB_SALES_ZIP,NET_AMOUNT,NUMBER,No,No
WEB_SALES_ZIP,ZIP,TEXT,No,No
WEB_SALES_ZIP,STATE_CODE,TEXT,No,No
WEB_SALES_ZIP,STATE,TEXT,No,No
WEEKLY_BEST_SELLERS,TRANSACTION_DATE,DATE,No,No
WEEKLY_BEST_SELLERS,SKU_ID,NUMBER,No,No
WEEKLY_BEST_SELLERS,SKU_DESCRIPTION,TEXT,No,No
WEEKLY_BEST_SELLERS,BRAND,TEXT,No,No
WEEKLY_BEST_SELLERS,BRAND_NAME,TEXT,No,No
WEEKLY_BEST_SELLERS,GROSS_MARGIN,NUMBER,No,No
WEEKLY_BEST_SELLERS,NETAMOUNT,NUMBER,No,No
WEEKLY_BEST_SELLERS,TOP_SKUS,NUMBER,No,No
WEEKLY_BEST_SELLERS,UNITS,NUMBER,No,No
WEEKLY_BEST_SELLERS,VA_WAREHOUSE,NUMBER,No,No
WEEKLY_BEST_SELLERS,AZ_WAREHOUSE,NUMBER,No,No
WEEKLY_BEST_SELLERS,INSTOCK,NUMBER,No,No
WEEKLY_BEST_SELLERS,ON_ORDER,NUMBER,No,No
WEEKLY_BEST_SELLERS,IN_TRANSIT_UNITS,NUMBER,No,No
WEEKLY_BEST_SELLERS,DC_ALLOCATED_NOT_SHIPPED,NUMBER,No,No
WEEKLY_BEST_SELLERS,WOS,NUMBER,No,No
WEEKLY_BEST_SELLERS,STORE_ON_HAND,FLOAT,No,No
WEEKLY_BEST_SELLERS,CONVERTED_CASES,FLOAT,No,No
WOS_PB,CALENDAR_DATE,DATE,No,No
WOS_PB,CHAIN_IT,NUMBER,No,No
WOS_PB,CHAIN_PO,NUMBER,No,No
WOS_PB,DC_COST,NUMBER,No,No
WOS_PB,VA_COST,NUMBER,No,No
WOS_PB,AZ_COST,NUMBER,No,No
WOS_PB,STORE_COST,NUMBER,No,No
WOS_PB,CHAIN_OH_COST,NUMBER,No,No
WOS_PB,CHAIN_IT_COST,NUMBER,No,No
WOS_PB,CHAIN_PO_COST,NUMBER,No,No
WOS_PB,STATUS_CODE,TEXT,No,No
WOS_PB,ASSORTMENT_CODE,TEXT,No,No
WOS_PB,PROMOTION_TYPE,TEXT,No,No
WOS_PB,SKU_ID,NUMBER,No,No
X29_INVOICE_TEMP,INVOICE,TEXT,No,No
X29_INVOICE_TEMP,TRACKINGNO,TEXT,No,No
X29_INVOICE_TEMP,BOL,TEXT,No,No
X29_INVOICE_TEMP,CARRIER,TEXT,No,No
X29_INVOICE_TEMP,SERVICE,TEXT,No,No
X29_INVOICE_TEMP,GL_CODE,TEXT,No,No
X29_INVOICE_TEMP,BILL_OPTION,TEXT,No,No
X29_INVOICE_TEMP,ZONE,TEXT,No,No
X29_INVOICE_TEMP,ACCOUNT,TEXT,No,No
X29_INVOICE_TEMP,SHIP_DATE,DATE,No,No
X29_INVOICE_TEMP,INVOICE_DATE,DATE,No,No
X29_INVOICE_TEMP,NET_CHARGES,FLOAT,No,No
X29_INVOICE_TEMP,APPROVED,FLOAT,No,No
X29_INVOICE_TEMP,PACKAGES,TEXT,No,No
X29_INVOICE_TEMP,QUANTITY_1,TEXT,No,No
X29_INVOICE_TEMP,PACKAGING_1,TEXT,No,No
X29_INVOICE_TEMP,QUANTITY_2,TEXT,No,No
X29_INVOICE_TEMP,PACKAGING_2,TEXT,No,No
X29_INVOICE_TEMP,BILLED_WEIGHT,FLOAT,No,No
X29_INVOICE_TEMP,REFERENCE_1,TEXT,No,No
X29_INVOICE_TEMP,REFERENCE_2,TEXT,No,No
X29_INVOICE_TEMP,REFERENCE_3,TEXT,No,No
X29_INVOICE_TEMP,SENDER,TEXT,No,No
X29_INVOICE_TEMP,RECEIVER,TEXT,No,No
X29_INVOICE_TEMP,C_001_DECLARED_VALUE_CHARGE,TEXT,No,No
X29_INVOICE_TEMP,C_002_SATURDAY_DELIVERY_CHARGE,TEXT,No,No
X29_INVOICE_TEMP,C_003_SATURDAY_PICKUP_CHARGE,TEXT,No,No
X29_INVOICE_TEMP,C_007_RECIPIENT_ADDRESS_CORRECTION_CHARGE,TEXT,No,No
X29_INVOICE_TEMP,C_010_FUEL_SURCHARGE,TEXT,No,No
X29_INVOICE_TEMP,C_011_PICKUP_CHARGE,TEXT,No,No
X29_INVOICE_TEMP,C_022_RESIDENTIAL_DELIVERY_SURCHARGE_EXPRESS,TEXT,No,No
X29_INVOICE_TEMP,C_050_FREIGHT_CHARGE,TEXT,No,No
X29_INVOICE_TEMP,C_185_DISCOUNT_AMOUNT,TEXT,No,No
X29_INVOICE_TEMP,C_257_EARNED_DISCOUNT,TEXT,No,No
X29_INVOICE_TEMP,C_263_DISCOUNT_P_PERFORMANCE_PRICING,TEXT,No,No
X29_INVOICE_TEMP,C_264_DECLARED_VALUE_0_GROUND,TEXT,No,No
X29_INVOICE_TEMP,C_268_2_ADDITIONAL_HANDLING_ZONE_2,TEXT,No,No
X29_INVOICE_TEMP,C_268_3_ADDITIONAL_HANDLING_ZONE_3_4,TEXT,No,No
X29_INVOICE_TEMP,C_268_5_ADDITIONAL_HANDLING_ZONE_5_6,TEXT,No,No
X29_INVOICE_TEMP,C_272_ADDRESS_CORRECTION_GROUND,TEXT,No,No
X29_INVOICE_TEMP,C_273_RESIDENTIAL_DELIVERY_GROUND,TEXT,No,No
X29_INVOICE_TEMP,C_276_HOME_DELIVERY_RESIDENTIAL_DELIVERY_SERVICE,TEXT,No,No
X29_INVOICE_TEMP,C_289_CALL_TAG,TEXT,No,No
X29_INVOICE_TEMP,C_305_WEEKLY_SERVICE_CHARGE,TEXT,No,No
X29_INVOICE_TEMP,C_311_FUEL_SURCHARGE_GROUND,TEXT,No,No
X29_INVOICE_TEMP,C_312_ADDITIONAL_HANDLING_SURCHARGE_PACKAGING_EXPRESS,TEXT,No,No
X29_INVOICE_TEMP,C_312_3_ADDITIONAL_HANDLING_SURCHARGE_PACKAGING_EXPRESS_ZONE_3_4,TEXT,No,No
X29_INVOICE_TEMP,C_330_RETURN_E_MAIL_LABEL_SURCHARGE,TEXT,No,No
X29_INVOICE_TEMP,C_347_RETURN_PRINTED_LABEL_SURCHARGE,TEXT,No,No
X29_INVOICE_TEMP,C_400_FREIGHT_CHARGE,FLOAT,No,No
X29_INVOICE_TEMP,C_405_FUEL_SURCHARGE,FLOAT,No,No
X29_INVOICE_TEMP,C_487_RETURN_PRINTED_LABEL_SURCHARGE,TEXT,No,No
X29_INVOICE_TEMP,C_514_DIRECT_SIGNATURE_REQUIRED_EXPRESS,TEXT,No,No
X29_INVOICE_TEMP,C_516_ADULT_SIGNATURE_REQUIRED_EXPRESS,TEXT,No,No
X29_INVOICE_TEMP,C_531_ADULT_SIGNATURE_REQUIRED_GROUND,TEXT,No,No
X29_INVOICE_TEMP,C_674_NEXT_DAY_ON_CALL_AUTOMATED_COMM__PICKUP_FEE_GROUND,TEXT,No,No
X29_INVOICE_TEMP,C_685_2_ADDITIONAL_HANDLING_CHARGE_WEIGHT_GROUND_ZONE_2,TEXT,No,No
X29_INVOICE_TEMP,C_685_3_ADDITIONAL_HANDLING_CHARGE_WEIGHT_GROUND_ZONE_3_4,TEXT,No,No
X29_INVOICE_TEMP,C_685_5_ADDITIONAL_HANDLING_CHARGE_WEIGHT_GROUND_ZONE_5_6,TEXT,No,No
X29_INVOICE_TEMP,C_685_7_ADDITIONAL_HANDLING_CHARGE_WEIGHT_GROUND_ZONE_7,TEXT,No,No
X29_INVOICE_TEMP,C_686_2_ADDITIONAL_HANDLING_CHARGE_DIMENSIONS_GROUND_ZONE_2,TEXT,No,No
X29_INVOICE_TEMP,C_686_3_ADDITIONAL_HANDLING_CHARGE_DIMENSIONS_GROUND_ZONE_3_4,TEXT,No,No
X29_INVOICE_TEMP,C_686_5_ADDITIONAL_HANDLING_CHARGE_DIMENSIONS_GROUND_ZONE_5_6,TEXT,No,No
X29_INVOICE_TEMP,C_686_7_ADDITIONAL_HANDLING_CHARGE_DIMENSIONS_GROUND_ZONE_7,TEXT,No,No
X29_INVOICE_TEMP,C_793_DELIVERY_AND_RETURNS,TEXT,No,No
X29_INVOICE_TEMP,C_819_SMARTPOST_FUEL_SURCHARGE,TEXT,No,No
X29_INVOICE_TEMP,C_822_DAS_COMMERCIAL_EXPRESS,TEXT,No,No
X29_INVOICE_TEMP,C_824_DAS_RESIDENTIAL_EXPRESS,TEXT,No,No
X29_INVOICE_TEMP,C_828_DAS_EXTENDED_RESIDENTIAL_EXPRESS,TEXT,No,No
X29_INVOICE_TEMP,C_834_DAS_HAWAII_COMMERCIAL_EXPRESS,TEXT,No,No
X29_INVOICE_TEMP,C_842_DAS_COMMERCIAL_GROUND,TEXT,No,No
X29_INVOICE_TEMP,C_844_DAS_RESIDENTIAL_GROUND,TEXT,No,No
X29_INVOICE_TEMP,C_846_DAS_EXTENDED_COMMERCIAL_GROUND,TEXT,No,No
X29_INVOICE_TEMP,C_848_DAS_EXTENDED_RESIDENTIAL_GROUND,TEXT,No,No
X29_INVOICE_TEMP,C_854_DAS_HAWAII_COMMERCIAL_GROUND,TEXT,No,No
X29_INVOICE_TEMP,C_862_DAS_RESIDENTIAL_HOME_DELIVERY_GROUND,TEXT,No,No
X29_INVOICE_TEMP,C_864_DAS_EXTENDED_RESIDENTIAL_HOME_DELIVERY_GROUND,TEXT,No,No
X29_INVOICE_TEMP,C_866_DAS_ALASKA_RESIDENTIAL_HOME_DELIVERY_GROUND,TEXT,No,No
X29_INVOICE_TEMP,C_868_DAS_HAWAII_RESIDENTIAL_HOME_DELIVERY_GROUND,TEXT,No,No
X29_INVOICE_TEMP,C_950_DELIVERY_AREA_SURCHARGE_SP_SELECT,TEXT,No,No
X29_INVOICE_TEMP,C_951_DELIVERY_AREA_SURCHARGE_EXTENDED_SP_SELECT,TEXT,No,No
X29_INVOICE_TEMP,C_952_DELIVERY_AREA_SURCHARGE_ALASKA_SP_SELECT,TEXT,No,No
X29_INVOICE_TEMP,C_955_DELIVERY_AREA_SURCHARGE_SP_SELECT_LIGHTWEIGHT,TEXT,No,No
X29_INVOICE_TEMP,C_956_DELIVERY_AREA_SURCHARGE_EXTENDED_SP_SELECT_LIGHTWEIGHT,TEXT,No,No
X29_INVOICE_TEMP,C_957_DELIVERY_AREA_SURCHARGE_ALASKA_SP_SELECT_LIGHTWEIGHT,TEXT,No,No
X29_INVOICE_TEMP,C_A10_ADDRESS_CORRECTION,TEXT,No,No
X29_INVOICE_TEMP,C_A13_OVERSIZE_FEE,TEXT,No,No
X29_INVOICE_TEMP,C_A15_RESIDENTIAL_FEE,TEXT,No,No
X29_INVOICE_TEMP,C_A16_DELIVERY_AREA_FEE,TEXT,No,No
X29_INVOICE_TEMP,C_A21_EXTENDED_AREA_FEE,TEXT,No,No
X29_INVOICE_TEMP,BOG_THIRD_PARTY_BILLING,TEXT,No,No
X29_INVOICE_TEMP,CTL_PEAK_ADDITIONAL_HANDLING_SURCHARGE,TEXT,No,No
X29_INVOICE_TEMP,DGH_DAS_REMOTE_RESIDENTIAL,TEXT,No,No
X29_INVOICE_TEMP,DGJ_DAS_REMOTE_COMMERCIAL,TEXT,No,No
X29_INVOICE_TEMP,DGL_HOME_DELIVERY_DAS_REMOTE_RESIDENTIAL,TEXT,No,No
X29_INVOICE_TEMP,S20_IRREGULAR,TEXT,No,No
X29_INVOICE_TEMP,SV2_WEEKLY_SERVICE_CHARGE_LOW_VOLUME,TEXT,No,No
X29_INVOICE_TEMP,LOAD_DATE,DATE,No,No
